line_name,year,month,est_wkday_ridership,est_sat_ridership,est_sun_ridership
Line 2,2018,4,12937,8203,6497
Line 2,2018,5,12675,8236,6619
Line 2,2018,6,12235,8114,6882
Line 2,2018,7,11928,8087,6527
Line 2,2018,8,12466,8265,6863
Line 2,2018,9,12586,8397,6670
Line 2,2018,10,12774,8028,6553
Line 2,2018,11,11741,7684,6083
Line 2,2018,12,10402,7641,5589
Line 2,2019,1,10780,6734,5528
Line 2,2019,2,11593,6947,5709
Line 2,2019,3,11685,7348,5964
Line 2,2019,4,11865,7825,6272
Line 2,2019,5,12129,7878,5790
Line 2,2019,6,11857,8206,7049
Line 2,2019,7,11667,7897,6078
Line 2,2019,8,11921,8347,6829
Line 2,2019,9,12511,8161,6650
Line 2,2019,10,13100,8114,6543
Line 2,2019,11,11710,7888,5844
Line 2,2019,12,10737,7359,5405
Line 2,2020,1,11344,7363,5499
Line 2,2020,2,12194,7926,6044
Line 2,2020,3,7304,4948,4022
Line 2,2020,4,3108,2700,2054
Line 2,2020,5,3617,3260,2795
Line 2,2020,6,4340,3536,3107
Line 2,2020,7,4917,4226,4075
Line 2,2020,8,5176,4213,3517
Line 2,2020,9,5364,4363,3660
Line 2,2020,10,5467,4336,3817
Line 2,2020,11,5495,4198,3645
Line 2,2020,12,5029,4030,3224
Line 2,2021,1,4515,3757,3173
Line 2,2021,2,5025,4400,3208
Line 2,2021,3,5322,4445,3736
Line 2,2021,4,5952,4692,3959
Line 2,2021,5,6238,5104,4204
Line 2,2021,6,6599,5472,4520
Line 2,2021,7,7520,5901,4781
Line 2,2021,8,8166,6160,5042
Line 2,2021,9,8549,5900,4895
Line 2,2021,10,8914,6265,4896
Line 2,2021,11,8428,6000,4408
Line 2,2021,12,10091,0,7078
Line 2,2022,1,12913,10221,8731
Line 2,2022,2,13678,10519,8486
Line 2,2022,3,14982,11321,9694
Line 2,2022,4,15248,11537,9723
Line 2,2022,5,15979,11771,10106
Line 2,2022,6,15826,11849,10214
Line 2,2022,7,15874,12557,10812
Line 2,2022,8,16727,13198,10418
Line 2,2022,9,18178,13272,10876
Line 2,2022,10,18662,13452,11038
Line 2,2022,11,17073,13217,10605
Line 2,2022,12,15825,11981,9689
Line 2,2023,1,15504,11881,10046
Line 2,2023,2,16576,12528,10962
Line 2,2023,3,16338,13391,11242
Line 2,2023,4,17433,14141,11719
Line 2,2023,5,17713,13913,11443
Line 2,2023,6,17531,14644,12115
Line 2,2023,7,17226,14211,11340
Line 2,2023,8,18021,14414,10882
Line 2,2023,9,18610,13917,11922
Line 2,2023,10,19136,14566,12618
Line 2,2023,11,17962,13702,11680
Line 2,2023,12,17200,13674,10988
Line 2,2024,1,17631,13004,11145
Line 2,2024,2,17842,14368,11821
Line 2,2024,3,18992,13754,12469
Line 2,2024,4,19460,14636,12894
Line 2,2024,5,19315,14490,12770
Line 2,2024,6,19099,14893,13691
Line 2,2024,7,18237,14886,12664
Line 2,2024,8,19478,15617,13864
Line 2,2024,9,19942,15415,13101
Line 2,2024,10,20385,15611,13407
Line 2,2024,11,19342,14722,13174
Line 2,2024,12,18156,14605,11972
Line 2,2025,1,18305,14321,11975
Line 2,2025,2,18462,15051,12770
Line 2,2025,3,18665,15159,13184
Line 2,2025,4,19149,14857,13147
Line 2,2025,5,19827,14810,13186
Line 2,2025,6,17734,14034,12432
Line 2,2025,7,17118,12872,11240
Line 2,2025,8,18162,13715,12122
Line 2,2025,9,18933,13957,12296
Line 2,2025,10,19498,14400,12761
Line 2,2025,11,18433,12945,11751
Line 2,2025,12,17742,13837,11991
Line 2,2026,1,18590,13416,11449
Line 2,2026,2,19037,14746,12474
Line 2,2026,3,19775,14941,12692
Line 2,2026,4,19738,14902,12765
Line 2,2026,5,20135,14790,13068
Line 4,2018,4,14768,11957,9823
Line 4,2018,5,14801,12108,9827
Line 4,2018,6,14388,11978,10307
Line 4,2018,7,14517,12204,9979
Line 4,2018,8,15211,12316,10219
Line 4,2018,9,15590,12604,10279
Line 4,2018,10,15554,12183,9866
Line 4,2018,11,14562,11918,9793
Line 4,2018,12,13546,11947,9088
Line 4,2019,1,13249,10835,8961
Line 4,2019,2,14177,10875,8985
Line 4,2019,3,14566,11616,9666
Line 4,2019,4,14401,11965,9747
Line 4,2019,5,14632,12453,9695
Line 4,2019,6,14545,12208,10885
Line 4,2019,7,14467,12344,10229
Line 4,2019,8,14899,12817,10685
Line 4,2019,9,15619,12743,10399
Line 4,2019,10,15595,12614,10310
Line 4,2019,11,14569,12754,9432
Line 4,2019,12,13798,11958,9054
Line 4,2020,1,14039,11791,9099
Line 4,2020,2,15192,12376,10038
Line 4,2020,3,9725,8367,7085
Line 4,2020,4,5033,4855,4130
Line 4,2020,5,6449,6250,5387
Line 4,2020,6,7614,7168,6457
Line 4,2020,7,8604,8167,8367
Line 4,2020,8,8895,8307,7434
Line 4,2020,9,9384,8505,7891
Line 4,2020,10,9465,9182,7786
Line 4,2020,11,9293,8439,7068
Line 4,2020,12,8460,7461,6175
Line 4,2021,1,8180,7464,6220
Line 4,2021,2,8673,8048,7129
Line 4,2021,3,9323,8579,7339
Line 4,2021,4,9835,9344,7901
Line 4,2021,5,10430,9814,8342
Line 4,2021,6,11108,10883,9060
Line 4,2021,7,12390,11430,9868
Line 4,2021,8,13002,12163,10337
Line 4,2021,9,17968,14045,12725
Line 4,2021,10,20771,17401,15158
Line 4,2021,11,21115,16705,14168
Line 4,2021,12,19354,0,13942
Line 4,2022,1,17578,14606,12687
Line 4,2022,2,18529,15034,12837
Line 4,2022,3,18705,15303,12279
Line 4,2022,4,18684,15782,13599
Line 4,2022,5,19503,16277,13806
Line 4,2022,6,19234,16496,14749
Line 4,2022,7,19106,16608,14428
Line 4,2022,8,19480,17191,14255
Line 4,2022,9,20421,17166,14617
Line 4,2022,10,21124,16899,15415
Line 4,2022,11,20278,16984,14819
Line 4,2022,12,20260,15706,13473
Line 4,2023,1,19715,15831,14168
Line 4,2023,2,20957,16754,15718
Line 4,2023,3,21041,17519,14803
Line 4,2023,4,22144,18685,16329
Line 4,2023,5,22669,18837,16561
Line 4,2023,6,22112,19334,17704
Line 4,2023,7,21674,18791,16271
Line 4,2023,8,22708,19122,14393
Line 4,2023,9,23681,18859,16694
Line 4,2023,10,23612,19297,16809
Line 4,2023,11,23137,18679,15992
Line 4,2023,12,22095,18393,15400
Line 4,2024,1,21678,17836,15468
Line 4,2024,2,21529,19004,14856
Line 4,2024,3,23036,17788,16057
Line 4,2024,4,23677,19581,17008
Line 4,2024,5,23868,19901,17064
Line 4,2024,6,22961,19908,17584
Line 4,2024,7,22983,20420,16746
Line 4,2024,8,24720,20310,17680
Line 4,2024,9,25139,20774,18421
Line 4,2024,10,24736,20863,18127
Line 4,2024,11,23417,19757,17060
Line 4,2024,12,22846,19035,16648
Line 4,2025,1,22481,18631,15296
Line 4,2025,2,23322,20331,17874
Line 4,2025,3,24242,21155,17156
Line 4,2025,4,24238,20808,17659
Line 4,2025,5,24543,19886,18582
Line 4,2025,6,22408,19021,17388
Line 4,2025,7,21690,18735,16858
Line 4,2025,8,23233,19813,17764
Line 4,2025,9,24069,19790,17478
Line 4,2025,10,23869,19738,17759
Line 4,2025,11,22178,18271,15980
Line 4,2025,12,21973,18668,16212
Line 4,2026,1,21597,17266,15126
Line 4,2026,2,22318,19217,16586
Line 4,2026,3,23050,18574,16680
Line 4,2026,4,23083,18890,16181
Line 4,2026,5,23281,18892,16686
Line 10,2018,4,12416,7053,5118
Line 10,2018,5,12450,6985,4918
Line 10,2018,6,11199,6506,5077
Line 10,2018,7,10614,6547,4906
Line 10,2018,8,11561,6943,5180
Line 10,2018,9,12417,7031,4952
Line 10,2018,10,12599,6596,4861
Line 10,2018,11,11428,6516,4695
Line 10,2018,12,9957,6582,4507
Line 10,2019,1,10355,5739,4184
Line 10,2019,2,11272,5766,4209
Line 10,2019,3,11844,6128,4898
Line 10,2019,4,11641,6407,4880
Line 10,2019,5,12094,6557,4448
Line 10,2019,6,11182,6579,5023
Line 10,2019,7,10450,6493,4648
Line 10,2019,8,11417,6555,4961
Line 10,2019,9,12771,6533,4782
Line 10,2019,10,12887,6748,4839
Line 10,2019,11,11227,6495,4246
Line 10,2019,12,10161,6202,4097
Line 10,2020,1,10528,5976,4027
Line 10,2020,2,11664,6433,4577
Line 10,2020,3,6887,3883,3084
Line 10,2020,4,2561,1962,1371
Line 10,2020,5,2937,2493,1945
Line 10,2020,6,3636,2874,2591
Line 10,2020,7,4217,3341,3134
Line 10,2020,8,4453,3435,2680
Line 10,2020,9,4643,3586,2755
Line 10,2020,10,4659,3554,3006
Line 10,2020,11,4557,3260,2581
Line 10,2020,12,4088,2935,2262
Line 10,2021,1,3832,2859,2070
Line 10,2021,2,4230,3098,2342
Line 10,2021,3,4570,3596,2583
Line 10,2021,4,5084,3800,2995
Line 10,2021,5,5370,3885,3060
Line 10,2021,6,5739,4052,3392
Line 10,2021,7,5773,4073,3238
Line 10,2021,8,6718,4233,3348
Line 10,2021,9,7060,4117,3078
Line 10,2021,10,7301,4096,3248
Line 10,2021,11,6832,4076,3061
Line 10,2021,12,5631,0,2733
Line 10,2022,1,5142,2992,2475
Line 10,2022,2,5821,3319,2432
Line 10,2022,3,6185,3603,2767
Line 10,2022,4,6095,3564,2903
Line 10,2022,5,6559,3559,3248
Line 10,2022,6,6214,3841,3299
Line 10,2022,7,5658,3846,3032
Line 10,2022,8,6389,3883,3133
Line 10,2022,9,7013,3959,3185
Line 10,2022,10,7159,3968,3287
Line 10,2022,11,6315,3741,3207
Line 10,2022,12,5916,3174,2771
Line 10,2023,1,6026,3663,2978
Line 10,2023,2,6592,3483,3092
Line 10,2023,3,6425,3724,3102
Line 10,2023,4,6780,4055,3442
Line 10,2023,5,7147,4049,3374
Line 10,2023,6,6664,4122,3652
Line 10,2023,7,6269,4036,3453
Line 10,2023,8,7092,4102,3128
Line 10,2023,9,7894,3972,3461
Line 10,2023,10,7860,4139,3697
Line 10,2023,11,7055,3929,3363
Line 10,2023,12,6507,4042,3208
Line 10,2024,1,6894,3734,3058
Line 10,2024,2,7102,4152,2957
Line 10,2024,3,7440,3664,3463
Line 10,2024,4,7629,4086,3556
Line 10,2024,5,7803,4295,3610
Line 10,2024,6,6886,4165,3794
Line 10,2024,7,6457,4407,3624
Line 10,2024,8,7466,4524,3976
Line 10,2024,9,8093,4379,3861
Line 10,2024,10,7986,4395,3779
Line 10,2024,11,7329,4429,3584
Line 10,2024,12,6596,4251,3541
Line 10,2025,1,6945,4136,3315
Line 10,2025,2,7236,4338,3826
Line 10,2025,3,7401,4474,3782
Line 10,2025,4,7461,4294,3968
Line 10,2025,5,7914,4558,3841
Line 10,2025,6,6542,3873,3790
Line 10,2025,7,6097,3620,3135
Line 10,2025,8,7116,3844,3433
Line 10,2025,9,7750,4092,3602
Line 10,2025,10,7662,4346,3663
Line 10,2025,11,6942,3727,3240
Line 10,2025,12,7072,4082,3313
Line 10,2026,1,7020,3774,3137
Line 10,2026,2,7473,4113,3452
Line 10,2026,3,7879,4137,3781
Line 10,2026,4,7639,4070,3585
Line 10,2026,5,7763,4060,3549
Line 14,2018,4,17470,9444,7170
Line 14,2018,5,17718,8843,7096
Line 14,2018,6,16655,9008,7176
Line 14,2018,7,15306,8347,6896
Line 14,2018,8,16799,8585,7161
Line 14,2018,9,17777,8728,7282
Line 14,2018,10,17870,8465,6892
Line 14,2018,11,16503,8349,6851
Line 14,2018,12,14605,8344,6212
Line 14,2019,1,15254,7397,6007
Line 14,2019,2,16425,7425,5901
Line 14,2019,3,16717,8065,6662
Line 14,2019,4,16544,8477,6771
Line 14,2019,5,17387,8434,6511
Line 14,2019,6,16908,8904,7300
Line 14,2019,7,15700,8810,6910
Line 14,2019,8,16782,9002,7344
Line 14,2019,9,18301,8631,7349
Line 14,2019,10,18429,8840,7542
Line 14,2019,11,16588,8646,6583
Line 14,2019,12,15028,8258,6043
Line 14,2020,1,15630,8370,6289
Line 14,2020,2,16904,9008,6774
Line 14,2020,3,10398,5388,4634
Line 14,2020,4,4059,3129,2213
Line 14,2020,5,4613,3794,2864
Line 14,2020,6,5605,4629,3683
Line 14,2020,7,6160,4728,4741
Line 14,2020,8,6251,4792,3913
Line 14,2020,9,6741,5070,4102
Line 14,2020,10,6846,5217,4322
Line 14,2020,11,6560,4814,3885
Line 14,2020,12,5864,4536,3531
Line 14,2021,1,5526,4317,3445
Line 14,2021,2,6041,4765,3607
Line 14,2021,3,6504,5051,4221
Line 14,2021,4,7027,5475,4280
Line 14,2021,5,7360,5712,4658
Line 14,2021,6,7663,6008,4873
Line 14,2021,7,8214,6003,4784
Line 14,2021,8,9561,6399,5193
Line 14,2021,9,9891,6259,5342
Line 14,2021,10,9999,6619,5245
Line 14,2021,11,9724,6440,5010
Line 14,2021,12,8398,0,4506
Line 14,2022,1,7929,5142,4220
Line 14,2022,2,8897,5635,4321
Line 14,2022,3,9473,5894,4806
Line 14,2022,4,9628,6266,4468
Line 14,2022,5,10190,6243,5245
Line 14,2022,6,9853,6387,5279
Line 14,2022,7,9227,6281,5092
Line 14,2022,8,10094,6387,4956
Line 14,2022,9,10991,6665,5173
Line 14,2022,10,11158,6802,5483
Line 14,2022,11,10363,6542,4926
Line 14,2022,12,9633,5930,4702
Line 14,2023,1,9823,5909,5009
Line 14,2023,2,10639,5979,5552
Line 14,2023,3,10314,6345,5408
Line 14,2023,4,10739,7015,5491
Line 14,2023,5,11246,6987,5646
Line 14,2023,6,10542,7025,5822
Line 14,2023,7,10065,6882,5642
Line 14,2023,8,11015,6968,5262
Line 14,2023,9,12063,7042,5998
Line 14,2023,10,12066,7447,6142
Line 14,2023,11,11387,7048,5653
Line 14,2023,12,10429,6894,5289
Line 14,2024,1,10781,6361,5376
Line 14,2024,2,11004,7328,5430
Line 14,2024,3,11786,6631,6058
Line 14,2024,4,12194,7342,6045
Line 14,2024,5,12622,7508,6374
Line 14,2024,6,11452,7657,6699
Line 14,2024,7,10814,7432,6158
Line 14,2024,8,12164,7695,6653
Line 14,2024,9,13089,7423,6482
Line 14,2024,10,12982,7838,6431
Line 14,2024,11,12165,7461,6214
Line 14,2024,12,11339,7407,6008
Line 14,2025,1,11529,7144,5662
Line 14,2025,2,11970,7738,6665
Line 14,2025,3,12284,7982,6620
Line 14,2025,4,12344,7604,6771
Line 14,2025,5,12818,7607,6608
Line 14,2025,6,10777,6852,6392
Line 14,2025,7,9926,6611,5959
Line 14,2025,8,11370,7198,6411
Line 14,2025,9,12602,7410,6628
Line 14,2025,10,12548,7777,6647
Line 14,2025,11,11567,6711,6041
Line 14,2025,12,11400,7171,5997
Line 14,2026,1,11124,6667,5707
Line 14,2026,2,11651,7320,6245
Line 14,2026,3,12125,7378,6320
Line 14,2026,4,12159,7354,6022
Line 14,2026,5,12369,7188,6278
Line 16,2018,4,21896,15506,12383
Line 16,2018,5,21799,15142,12408
Line 16,2018,6,21333,15319,12469
Line 16,2018,7,20202,14999,12232
Line 16,2018,8,21166,15387,12500
Line 16,2018,9,21962,15531,12696
Line 16,2018,10,22222,15553,12457
Line 16,2018,11,21148,15612,12284
Line 16,2018,12,19606,15756,11339
Line 16,2019,1,19001,13440,10658
Line 16,2019,2,20539,13664,10470
Line 16,2019,3,20780,14045,11379
Line 16,2019,4,21047,15195,11533
Line 16,2019,5,21653,14826,11423
Line 16,2019,6,21219,15534,12486
Line 16,2019,7,19831,14568,11200
Line 16,2019,8,20523,15213,11890
Line 16,2019,9,22362,15196,12099
Line 16,2019,10,22080,15464,12518
Line 16,2019,11,21094,15274,11398
Line 16,2019,12,19970,15113,10777
Line 16,2020,1,19556,13924,10618
Line 16,2020,2,20845,14802,11237
Line 16,2020,3,13097,8662,7784
Line 16,2020,4,6015,4940,3422
Line 16,2020,5,7618,6185,4768
Line 16,2020,6,9608,8379,6787
Line 16,2020,7,10776,8785,8696
Line 16,2020,8,11301,9180,7598
Line 16,2020,9,12031,9664,7982
Line 16,2020,10,12521,10406,8900
Line 16,2020,11,12447,9991,8278
Line 16,2020,12,11257,9198,7173
Line 16,2021,1,10377,8462,6863
Line 16,2021,2,11532,9396,7831
Line 16,2021,3,12668,10800,8659
Line 16,2021,4,13725,11519,9090
Line 16,2021,5,14476,11721,9719
Line 16,2021,6,15220,12192,10169
Line 16,2021,7,14993,12178,9625
Line 16,2021,8,16488,12647,9863
Line 16,2021,9,16626,12607,9873
Line 16,2021,10,17238,13028,10349
Line 16,2021,11,17287,13353,10619
Line 16,2021,12,15975,0,9787
Line 16,2022,1,14028,10893,8840
Line 16,2022,2,15193,11342,8906
Line 16,2022,3,15834,11532,9113
Line 16,2022,4,16230,12311,10108
Line 16,2022,5,16915,12112,10050
Line 16,2022,6,16417,12268,10333
Line 16,2022,7,15927,12209,10012
Line 16,2022,8,16894,12616,10030
Line 16,2022,9,17738,12608,10199
Line 16,2022,10,18131,13417,10873
Line 16,2022,11,17067,13204,10233
Line 16,2022,12,16755,11995,9425
Line 16,2023,1,16253,11210,9490
Line 16,2023,2,17193,11769,10436
Line 16,2023,3,16780,12475,10092
Line 16,2023,4,17709,13385,11276
Line 16,2023,5,18195,13592,10931
Line 16,2023,6,17699,13630,11543
Line 16,2023,7,17132,13621,11096
Line 16,2023,8,18478,14333,10551
Line 16,2023,9,19803,14046,12011
Line 16,2023,10,20110,14409,12211
Line 16,2023,11,19966,14831,11729
Line 16,2023,12,19201,15118,11648
Line 16,2024,1,19036,13284,11283
Line 16,2024,2,19223,14801,11373
Line 16,2024,3,20426,13823,11952
Line 16,2024,4,20607,14746,12381
Line 16,2024,5,20925,15363,12927
Line 16,2024,6,20248,15472,13506
Line 16,2024,7,19045,14687,12726
Line 16,2024,8,20531,15022,12816
Line 16,2024,9,21470,15172,12907
Line 16,2024,10,21372,15012,12432
Line 16,2024,11,20581,15974,12722
Line 16,2024,12,19903,15552,12078
Line 16,2025,1,19600,14437,12015
Line 16,2025,2,19706,14884,12708
Line 16,2025,3,20264,15032,12491
Line 16,2025,4,20136,15432,13027
Line 16,2025,5,20886,15367,13029
Line 16,2025,6,18332,13831,11097
Line 16,2025,7,16650,12535,11027
Line 16,2025,8,18077,13483,11844
Line 16,2025,9,18945,13788,11859
Line 16,2025,10,18754,13646,11923
Line 16,2025,11,17920,13391,11280
Line 16,2025,12,18054,13788,11655
Line 16,2026,1,17307,12618,10186
Line 16,2026,2,17793,12826,11025
Line 16,2026,3,18606,13397,11409
Line 16,2026,4,18372,13195,10594
Line 16,2026,5,18496,13671,11446
Line 18,2018,4,18366,13028,10262
Line 18,2018,5,18060,13005,9959
Line 18,2018,6,18080,12661,10092
Line 18,2018,7,17383,12909,10148
Line 18,2018,8,17910,12850,10199
Line 18,2018,9,18185,12867,10364
Line 18,2018,10,18275,12439,9761
Line 18,2018,11,17444,12566,9890
Line 18,2018,12,16614,12620,9158
Line 18,2019,1,16401,11065,8845
Line 18,2019,2,17377,10973,8600
Line 18,2019,3,17811,11494,9331
Line 18,2019,4,18021,12043,9284
Line 18,2019,5,17773,11779,8882
Line 18,2019,6,17785,12326,9749
Line 18,2019,7,17510,12003,9214
Line 18,2019,8,17718,12394,9582
Line 18,2019,9,18540,12616,9848
Line 18,2019,10,18329,12364,9509
Line 18,2019,11,17246,11730,8629
Line 18,2019,12,16386,11775,8772
Line 18,2020,1,16602,11569,8764
Line 18,2020,2,17512,12128,9371
Line 18,2020,3,11695,8243,7479
Line 18,2020,4,6345,5929,4583
Line 18,2020,5,8447,7690,6479
Line 18,2020,6,9722,9024,7282
Line 18,2020,7,11544,10240,9604
Line 18,2020,8,12046,10312,8032
Line 18,2020,9,12834,11026,8788
Line 18,2020,10,13089,11246,8480
Line 18,2020,11,12861,10917,8485
Line 18,2020,12,11328,9891,6966
Line 18,2021,1,10208,8726,6402
Line 18,2021,2,11909,10286,7575
Line 18,2021,3,13031,11608,8797
Line 18,2021,4,13925,11791,8610
Line 18,2021,5,14645,11682,9158
Line 18,2021,6,15092,12698,9169
Line 18,2021,7,18327,15929,12393
Line 18,2021,8,19801,16159,11868
Line 18,2021,9,20301,15370,12196
Line 18,2021,10,20291,15802,11798
Line 18,2021,11,20427,16047,12368
Line 18,2021,12,18612,0,12088
Line 18,2022,1,15790,12247,10004
Line 18,2022,2,16652,12556,10124
Line 18,2022,3,17590,13454,10922
Line 18,2022,4,17680,13951,11108
Line 18,2022,5,18295,13763,10927
Line 18,2022,6,18488,14663,11516
Line 18,2022,7,17900,14737,11779
Line 18,2022,8,18072,14568,11369
Line 18,2022,9,19141,14853,11878
Line 18,2022,10,19515,14890,12272
Line 18,2022,11,18918,14698,11875
Line 18,2022,12,18461,14072,11000
Line 18,2023,1,18202,13256,10967
Line 18,2023,2,18968,13738,11846
Line 18,2023,3,18992,15143,12549
Line 18,2023,4,20272,16317,13095
Line 18,2023,5,20761,15846,12925
Line 18,2023,6,20525,16257,13368
Line 18,2023,7,19331,15730,13132
Line 18,2023,8,20228,15736,11914
Line 18,2023,9,21187,15902,13553
Line 18,2023,10,20933,16281,13534
Line 18,2023,11,20323,15458,13335
Line 18,2023,12,19432,15788,13092
Line 18,2024,1,19537,14936,12050
Line 18,2024,2,18934,16207,12589
Line 18,2024,3,20602,14632,13078
Line 18,2024,4,20800,16099,13065
Line 18,2024,5,20786,15828,13531
Line 18,2024,6,19881,16236,13587
Line 18,2024,7,19826,16230,13443
Line 18,2024,8,20818,16384,14140
Line 18,2024,9,21397,16345,13981
Line 18,2024,10,21180,16429,13681
Line 18,2024,11,20052,15950,13232
Line 18,2024,12,20007,15765,12956
Line 18,2025,1,20558,15390,12488
Line 18,2025,2,19737,16079,13531
Line 18,2025,3,20179,16545,13547
Line 18,2025,4,20615,16390,13951
Line 18,2025,5,20832,16327,13923
Line 18,2025,6,18041,12520,12283
Line 18,2025,7,17040,13258,11379
Line 18,2025,8,18362,14267,12737
Line 18,2025,9,19866,15208,13357
Line 18,2025,10,19739,15084,12851
Line 18,2025,11,18263,13717,12384
Line 18,2025,12,18870,14934,12560
Line 18,2026,1,18317,13989,11416
Line 18,2026,2,18960,14820,13290
Line 18,2026,3,19877,15141,13059
Line 18,2026,4,19942,15313,13056
Line 18,2026,5,20199,15709,13555
Line 20,2018,4,12793,7044,5485
Line 20,2018,5,12657,6779,5273
Line 20,2018,6,12604,7113,5349
Line 20,2018,7,12608,7027,5492
Line 20,2018,8,12868,7364,5915
Line 20,2018,9,12901,6905,5581
Line 20,2018,10,13003,6741,5338
Line 20,2018,11,11930,6609,5333
Line 20,2018,12,11397,6621,4975
Line 20,2019,1,11670,6419,4859
Line 20,2019,2,12446,6346,5049
Line 20,2019,3,12694,6673,5416
Line 20,2019,4,12720,6963,5568
Line 20,2019,5,12919,6952,5136
Line 20,2019,6,12895,7256,5667
Line 20,2019,7,13351,7313,5613
Line 20,2019,8,13402,7607,6056
Line 20,2019,9,13634,7114,5713
Line 20,2019,10,13512,7394,5726
Line 20,2019,11,12662,6835,5149
Line 20,2019,12,11741,6762,4779
Line 20,2020,1,12220,6649,4881
Line 20,2020,2,12611,6956,5356
Line 20,2020,3,8057,4392,4031
Line 20,2020,4,3407,2913,2049
Line 20,2020,5,3982,3216,2753
Line 20,2020,6,4873,4144,3292
Line 20,2020,7,5372,4395,4485
Line 20,2020,8,5571,4661,3633
Line 20,2020,9,6063,4795,3883
Line 20,2020,10,6101,4814,4534
Line 20,2020,11,5674,4738,3677
Line 20,2020,12,5067,4027,3075
Line 20,2021,1,4623,3722,2967
Line 20,2021,2,4765,3819,3682
Line 20,2021,3,5245,4237,3629
Line 20,2021,4,5713,4695,3798
Line 20,2021,5,6029,4936,3978
Line 20,2021,6,6459,5277,4451
Line 20,2021,7,6331,5270,3998
Line 20,2021,8,6684,5640,4661
Line 20,2021,9,7123,5257,4304
Line 20,2021,10,7451,5918,4788
Line 20,2021,11,7488,5615,4307
Line 20,2021,12,6861,0,3682
Line 20,2022,1,5651,4401,3835
Line 20,2022,2,6368,4601,3513
Line 20,2022,3,6474,4943,3516
Line 20,2022,4,6460,4707,3610
Line 20,2022,5,6351,4757,3658
Line 20,2022,6,6480,5330,3842
Line 20,2022,7,6159,5386,4042
Line 20,2022,8,6486,5721,4362
Line 20,2022,9,6838,5497,4156
Line 20,2022,10,6773,5181,3794
Line 20,2022,11,6530,5222,3896
Line 20,2022,12,6753,5214,3965
Line 20,2023,1,7348,5546,4270
Line 20,2023,2,7666,5452,4472
Line 20,2023,3,7857,5843,4999
Line 20,2023,4,8475,6262,4718
Line 20,2023,5,8621,6036,4991
Line 20,2023,6,8496,6338,5199
Line 20,2023,7,8206,6083,4904
Line 20,2023,8,8520,6554,5150
Line 20,2023,9,8900,5946,5173
Line 20,2023,10,9009,6209,5192
Line 20,2023,11,8686,6242,4707
Line 20,2023,12,8422,6108,4914
Line 20,2024,1,8614,6014,5135
Line 20,2024,2,8612,6598,5038
Line 20,2024,3,8972,5915,5170
Line 20,2024,4,9039,6237,5465
Line 20,2024,5,9478,6703,5539
Line 20,2024,6,8995,6766,5888
Line 20,2024,7,8592,6485,5292
Line 20,2024,8,9474,7149,6256
Line 20,2024,9,9457,6386,5572
Line 20,2024,10,9275,6682,5662
Line 20,2024,11,9131,6805,5457
Line 20,2024,12,8457,6485,5385
Line 20,2025,1,8569,6230,5181
Line 20,2025,2,8757,6395,5395
Line 20,2025,3,8714,6459,5736
Line 20,2025,4,8565,6026,5387
Line 20,2025,5,9552,6575,5523
Line 20,2025,6,8220,5863,5691
Line 20,2025,7,8270,5858,5128
Line 20,2025,8,8775,6154,5113
Line 20,2025,9,9231,6355,5427
Line 20,2025,10,9242,6889,6003
Line 20,2025,11,8751,6198,5158
Line 20,2025,12,8577,6115,5413
Line 20,2026,1,8585,5838,4836
Line 20,2026,2,8634,6323,5421
Line 20,2026,3,9003,6105,5154
Line 20,2026,4,8892,6075,5049
Line 20,2026,5,9230,6120,5240
Line 28,2018,4,9426,9573,7497
Line 28,2018,5,9501,9326,7509
Line 28,2018,6,9005,9531,7625
Line 28,2018,7,8971,8950,7417
Line 28,2018,8,9177,9315,7660
Line 28,2018,9,9185,9196,7556
Line 28,2018,10,9250,8923,7535
Line 28,2018,11,8657,8959,7223
Line 28,2018,12,8333,9346,6983
Line 28,2019,1,7888,8263,6878
Line 28,2019,2,8348,7809,6290
Line 28,2019,3,8343,8584,7100
Line 28,2019,4,8547,8629,7140
Line 28,2019,5,8740,8703,6713
Line 28,2019,6,8209,9085,6888
Line 28,2019,7,8249,8688,7382
Line 28,2019,8,8008,8927,7216
Line 28,2019,9,8599,8781,7407
Line 28,2019,10,8574,9159,7083
Line 28,2019,11,8151,8761,6479
Line 28,2019,12,7637,8654,6473
Line 28,2020,1,7772,8242,6197
Line 28,2020,2,8113,8420,6348
Line 28,2020,3,5011,5195,4456
Line 28,2020,4,2276,2804,1976
Line 28,2020,5,3226,3708,2925
Line 28,2020,6,4280,4690,3876
Line 28,2020,7,4813,5068,4745
Line 28,2020,8,5016,5159,4164
Line 28,2020,9,5428,5639,4435
Line 28,2020,10,5647,5689,4742
Line 28,2020,11,5439,5327,4428
Line 28,2020,12,5583,4785,3588
Line 28,2021,1,5714,4536,3227
Line 28,2021,2,6613,5165,4231
Line 28,2021,3,7109,5677,4414
Line 28,2021,4,8006,6162,4765
Line 28,2021,5,8572,6314,5149
Line 28,2021,6,9136,6660,5287
Line 28,2021,7,7336,5592,4413
Line 28,2021,8,7915,5680,4250
Line 28,2021,9,8134,5569,4674
Line 28,2021,10,8600,5706,4380
Line 28,2021,11,8575,5991,4256
Line 28,2021,12,7612,0,3973
Line 28,2022,1,6798,4749,3600
Line 28,2022,2,7407,4965,3642
Line 28,2022,3,7723,5074,4009
Line 28,2022,4,7769,5334,4052
Line 28,2022,5,8124,5201,4191
Line 28,2022,6,7690,5511,4205
Line 28,2022,7,8054,5674,4435
Line 28,2022,8,8579,5821,4476
Line 28,2022,9,9028,5759,4618
Line 28,2022,10,9286,5785,4798
Line 28,2022,11,8817,6342,4635
Line 28,2022,12,8537,5551,4503
Line 28,2023,1,8365,5443,4522
Line 28,2023,2,8991,5723,5096
Line 28,2023,3,8851,6058,5054
Line 28,2023,4,9246,6741,5273
Line 28,2023,5,9650,6582,5273
Line 28,2023,6,9304,6761,5438
Line 28,2023,7,8981,6743,5353
Line 28,2023,8,9590,6925,5186
Line 28,2023,9,10161,6728,5441
Line 28,2023,10,10351,7213,5874
Line 28,2023,11,9576,6644,5256
Line 28,2023,12,9491,6847,5165
Line 28,2024,1,9607,6297,5049
Line 28,2024,2,9539,7007,5451
Line 28,2024,3,10260,6394,5849
Line 28,2024,4,10350,6998,5746
Line 28,2024,5,10515,7130,6057
Line 28,2024,6,10075,7171,5785
Line 28,2024,7,9915,7490,6017
Line 28,2024,8,10544,7210,6241
Line 28,2024,9,11053,7353,6187
Line 28,2024,10,10937,7392,6220
Line 28,2024,11,10513,7234,5971
Line 28,2024,12,10026,7233,5769
Line 28,2025,1,10021,6964,5453
Line 28,2025,2,10180,7452,6225
Line 28,2025,3,10770,7770,6611
Line 28,2025,4,10716,7908,6485
Line 28,2025,5,11046,7632,6541
Line 28,2025,6,9600,6412,6172
Line 28,2025,7,9217,6438,5603
Line 28,2025,8,9910,6871,5889
Line 28,2025,9,10409,7004,6029
Line 28,2025,10,10431,7249,6303
Line 28,2025,11,9796,6539,5527
Line 28,2025,12,9658,6935,5706
Line 28,2026,1,9259,6248,5184
Line 28,2026,2,9620,6612,5458
Line 28,2026,3,9796,6467,5681
Line 28,2026,4,9854,6736,5578
Line 28,2026,5,10052,6790,5602
Line 30,2018,4,12874,10459,8915
Line 30,2018,5,12889,10301,8319
Line 30,2018,6,12854,10253,8827
Line 30,2018,7,12237,10183,8488
Line 30,2018,8,12633,10355,9043
Line 30,2018,9,12669,10266,8357
Line 30,2018,10,12600,9788,8841
Line 30,2018,11,12007,9963,8323
Line 30,2018,12,11348,10279,7555
Line 30,2019,1,10997,8776,7432
Line 30,2019,2,11654,9101,7026
Line 30,2019,3,12021,9288,8518
Line 30,2019,4,12019,9941,8774
Line 30,2019,5,11997,9811,7580
Line 30,2019,6,11810,9847,8258
Line 30,2019,7,11681,9748,8171
Line 30,2019,8,12003,9826,8508
Line 30,2019,9,12521,9472,8356
Line 30,2019,10,12655,9947,8214
Line 30,2019,11,11879,9684,7598
Line 30,2019,12,11319,9344,7558
Line 30,2020,1,11355,9200,6995
Line 30,2020,2,11875,9602,7808
Line 30,2020,3,7785,6263,5591
Line 30,2020,4,3861,3332,2501
Line 30,2020,5,4991,4573,3622
Line 30,2020,6,5955,5309,4423
Line 30,2020,7,6369,5777,5672
Line 30,2020,8,6617,6055,4860
Line 30,2020,9,7008,6501,5076
Line 30,2020,10,7153,6815,5719
Line 30,2020,11,6849,6276,5444
Line 30,2020,12,6149,5666,4394
Line 30,2021,1,5562,5259,4238
Line 30,2021,2,6358,5912,4644
Line 30,2021,3,6947,6908,5559
Line 30,2021,4,7536,7018,5677
Line 30,2021,5,7700,7337,5869
Line 30,2021,6,8150,7525,6447
Line 30,2021,7,8647,7668,6598
Line 30,2021,8,9282,8213,6708
Line 30,2021,9,9500,8045,6706
Line 30,2021,10,9660,7944,6501
Line 30,2021,11,9674,7890,6826
Line 30,2021,12,8572,0,6082
Line 30,2022,1,7442,5885,5361
Line 30,2022,2,8118,6520,5583
Line 30,2022,3,8566,7238,5941
Line 30,2022,4,8545,7162,6166
Line 30,2022,5,8831,6952,6115
Line 30,2022,6,8171,7120,6260
Line 30,2022,7,8513,7418,6459
Line 30,2022,8,8660,7083,6186
Line 30,2022,9,9020,7123,5694
Line 30,2022,10,9424,7452,6597
Line 30,2022,11,9061,7503,6402
Line 30,2022,12,8948,6879,5710
Line 30,2023,1,8680,6706,6069
Line 30,2023,2,9313,6962,6489
Line 30,2023,3,9354,7709,6587
Line 30,2023,4,9888,8089,7208
Line 30,2023,5,9950,7836,6850
Line 30,2023,6,9646,8065,6950
Line 30,2023,7,8061,6666,6065
Line 30,2023,8,8602,7202,5694
Line 30,2023,9,9072,6899,6042
Line 30,2023,10,9212,7408,6452
Line 30,2023,11,8629,6787,6166
Line 30,2023,12,8218,7005,5751
Line 30,2024,1,8199,6526,5721
Line 30,2024,2,8398,7145,5839
Line 30,2024,3,9225,6489,6868
Line 30,2024,4,9232,6956,6520
Line 30,2024,5,9288,6985,6625
Line 30,2024,6,9012,7498,6744
Line 30,2024,7,8004,6356,5304
Line 30,2024,8,8834,7177,6408
Line 30,2024,9,9023,6656,5738
Line 30,2024,10,8985,6771,5919
Line 30,2024,11,8321,6524,5690
Line 30,2024,12,8116,6483,5599
Line 30,2025,1,8164,6124,5243
Line 30,2025,2,8083,6398,5686
Line 30,2025,3,8399,6719,5907
Line 30,2025,4,8722,6317,6286
Line 30,2025,5,8973,6593,5557
Line 30,2025,6,7479,5309,5300
Line 30,2025,7,6524,4937,4401
Line 30,2025,8,7655,5424,5287
Line 30,2025,9,8030,5759,5212
Line 30,2025,10,8219,6089,5561
Line 30,2025,11,7458,5396,5102
Line 30,2025,12,7699,5735,5152
Line 30,2026,1,7061,5033,4569
Line 30,2026,2,7497,5733,4859
Line 30,2026,3,7755,5610,5354
Line 30,2026,4,7736,5911,5348
Line 30,2026,5,7923,5911,5336
Line 33,2018,4,10275,7716,5479
Line 33,2018,5,10407,7856,5515
Line 33,2018,6,9760,7348,5484
Line 33,2018,7,9663,7448,6020
Line 33,2018,8,10220,7660,5787
Line 33,2018,9,10563,7714,5744
Line 33,2018,10,10395,7202,5522
Line 33,2018,11,9644,7118,5016
Line 33,2018,12,8940,7156,4809
Line 33,2019,1,9018,6352,4945
Line 33,2019,2,9794,6457,4658
Line 33,2019,3,10084,7026,5782
Line 33,2019,4,10129,7383,5561
Line 33,2019,5,10488,7536,5399
Line 33,2019,6,9915,7633,5723
Line 33,2019,7,10011,7900,5864
Line 33,2019,8,10293,7637,6241
Line 33,2019,9,11066,7495,5935
Line 33,2019,10,10916,7594,5545
Line 33,2019,11,9897,6769,4698
Line 33,2019,12,9364,6664,4486
Line 33,2020,1,9706,6981,4975
Line 33,2020,2,10327,7174,5141
Line 33,2020,3,6600,4836,3987
Line 33,2020,4,3004,2971,2055
Line 33,2020,5,3457,3238,2702
Line 33,2020,6,4538,4311,3635
Line 33,2020,7,5529,4606,4384
Line 33,2020,8,5765,4686,3851
Line 33,2020,9,6004,4959,3926
Line 33,2020,10,6093,5005,3985
Line 33,2020,11,5911,4518,3795
Line 33,2020,12,5408,4234,3423
Line 33,2021,1,4935,3823,3185
Line 33,2021,2,5713,4443,3861
Line 33,2021,3,6024,4843,4226
Line 33,2021,4,6713,5289,4432
Line 33,2021,5,6933,5456,4539
Line 33,2021,6,7369,6059,4992
Line 33,2021,7,8280,6479,5657
Line 33,2021,8,9075,6632,5800
Line 33,2021,9,13090,8979,8659
Line 33,2021,10,14888,12070,9712
Line 33,2021,11,14627,11752,9528
Line 33,2021,12,12943,0,8853
Line 33,2022,1,11779,9408,8069
Line 33,2022,2,12643,10209,8041
Line 33,2022,3,12804,9993,8511
Line 33,2022,4,13192,10312,8564
Line 33,2022,5,13562,10008,8538
Line 33,2022,6,13145,10481,8807
Line 33,2022,7,13008,10691,8961
Line 33,2022,8,13864,10897,9161
Line 33,2022,9,14519,11006,9311
Line 33,2022,10,14921,11150,9573
Line 33,2022,11,14045,10809,8997
Line 33,2022,12,13678,9930,8331
Line 33,2023,1,13641,10168,8614
Line 33,2023,2,14577,10802,9565
Line 33,2023,3,14480,11371,9416
Line 33,2023,4,15348,11982,10016
Line 33,2023,5,15879,12247,10270
Line 33,2023,6,15382,12470,10633
Line 33,2023,7,14910,12534,10779
Line 33,2023,8,15664,12447,9113
Line 33,2023,9,16329,12605,10714
Line 33,2023,10,16618,13147,10632
Line 33,2023,11,15666,12045,9646
Line 33,2023,12,14972,11822,9296
Line 33,2024,1,15315,11576,9416
Line 33,2024,2,15349,12541,9434
Line 33,2024,3,16676,11619,10665
Line 33,2024,4,16864,12598,10440
Line 33,2024,5,17021,12453,10993
Line 33,2024,6,16507,12982,10973
Line 33,2024,7,16073,12705,11344
Line 33,2024,8,17361,13466,11505
Line 33,2024,9,17902,13404,11608
Line 33,2024,10,17806,14319,11458
Line 33,2024,11,16715,12799,10537
Line 33,2024,12,16089,12668,10229
Line 33,2025,1,16372,12518,10024
Line 33,2025,2,16520,13471,11502
Line 33,2025,3,17092,13361,11318
Line 33,2025,4,17100,13545,12009
Line 33,2025,5,17715,13483,11749
Line 33,2025,6,15286,11963,10932
Line 33,2025,7,14598,11587,10241
Line 33,2025,8,15753,12464,10741
Line 33,2025,9,16370,12344,10906
Line 33,2025,10,16307,12536,10554
Line 33,2025,11,14782,11424,9778
Line 33,2025,12,14824,11658,9828
Line 33,2026,1,15239,11079,9416
Line 33,2026,2,15415,12323,10240
Line 33,2026,3,16115,11933,10705
Line 33,2026,4,15724,12238,9955
Line 33,2026,5,16273,12461,10658
Line 35,2018,4,8480,5012,3266
Line 35,2018,5,8418,4807,3079
Line 35,2018,6,7661,4625,3459
Line 35,2018,7,7255,4475,3190
Line 35,2018,8,8155,4662,3377
Line 35,2018,9,8683,4748,3399
Line 35,2018,10,8655,4515,3301
Line 35,2018,11,7714,4475,3159
Line 35,2018,12,6800,4650,2946
Line 35,2019,1,7096,4064,2751
Line 35,2019,2,7699,3904,2710
Line 35,2019,3,7876,4149,3012
Line 35,2019,4,7767,4421,2948
Line 35,2019,5,8132,4543,2892
Line 35,2019,6,7623,4420,3000
Line 35,2019,7,6993,4327,3019
Line 35,2019,8,7581,4521,3129
Line 35,2019,9,8642,4437,3036
Line 35,2019,10,8564,4546,3143
Line 35,2019,11,7622,4041,2732
Line 35,2019,12,6834,4099,2524
Line 35,2020,1,7168,4277,2615
Line 35,2020,2,8000,4399,2721
Line 35,2020,3,5049,2904,2320
Line 35,2020,4,2314,1885,1323
Line 35,2020,5,2386,2079,1723
Line 35,2020,6,2959,2271,1983
Line 35,2020,7,3214,2521,2291
Line 35,2020,8,3373,2582,1905
Line 35,2020,9,3528,2781,2029
Line 35,2020,10,3689,2721,2085
Line 35,2020,11,3532,2575,1883
Line 35,2020,12,3203,2456,1760
Line 35,2021,1,3000,2179,1641
Line 35,2021,2,3302,2446,1917
Line 35,2021,3,3424,2658,1916
Line 35,2021,4,3859,2858,2114
Line 35,2021,5,4052,2904,2189
Line 35,2021,6,4169,3100,2377
Line 35,2021,7,4123,2936,2262
Line 35,2021,8,4642,3166,2375
Line 35,2021,9,4683,2751,2056
Line 35,2021,10,4578,2809,2208
Line 35,2021,11,4589,2693,2177
Line 35,2021,12,3728,0,1796
Line 35,2022,1,3512,2263,1640
Line 35,2022,2,3950,2427,1666
Line 35,2022,3,4161,2502,1719
Line 35,2022,4,4232,2503,1779
Line 35,2022,5,4483,2600,1953
Line 35,2022,6,4211,2671,2026
Line 35,2022,7,4026,2598,1896
Line 35,2022,8,4454,2638,1903
Line 35,2022,9,4806,2919,1916
Line 35,2022,10,4891,2816,1965
Line 35,2022,11,4395,2544,1812
Line 35,2022,12,3984,2362,1730
Line 35,2023,1,4088,2608,1870
Line 35,2023,2,4530,2535,1936
Line 35,2023,3,4298,2653,2062
Line 35,2023,4,4737,2917,1990
Line 35,2023,5,5031,2882,2188
Line 35,2023,6,4673,2832,2182
Line 35,2023,7,4519,2866,2118
Line 35,2023,8,4800,2949,2046
Line 35,2023,9,5367,2890,2178
Line 35,2023,10,5336,2993,2273
Line 35,2023,11,4957,2790,2205
Line 35,2023,12,4512,2766,2009
Line 35,2024,1,4942,2593,2089
Line 35,2024,2,4930,3168,2074
Line 35,2024,3,5271,2664,2228
Line 35,2024,4,5412,3030,2290
Line 35,2024,5,5587,3051,2375
Line 35,2024,6,5109,3073,2407
Line 35,2024,7,4886,3069,2417
Line 35,2024,8,5497,3268,2535
Line 35,2024,9,5970,3251,2473
Line 35,2024,10,5789,3314,2454
Line 35,2024,11,5217,3163,2507
Line 35,2024,12,4769,2982,2355
Line 35,2025,1,5145,2926,2217
Line 35,2025,2,5373,3299,2600
Line 35,2025,3,5436,3271,2521
Line 35,2025,4,5464,3266,2702
Line 35,2025,5,5771,3268,2533
Line 35,2025,6,4758,2748,2335
Line 35,2025,7,4283,2546,2129
Line 35,2025,8,4730,2882,2279
Line 35,2025,9,5423,3059,2408
Line 35,2025,10,5328,2998,2405
Line 35,2025,11,4823,2807,2245
Line 35,2025,12,4712,2845,2166
Line 35,2026,1,4715,2698,2013
Line 35,2026,2,4897,2929,2340
Line 35,2026,3,5193,2966,2332
Line 35,2026,4,5097,2887,2281
Line 35,2026,5,5303,2887,2349
Line 40,2018,4,15056,10269,9609
Line 40,2018,5,14818,10318,9357
Line 40,2018,6,14572,9992,9727
Line 40,2018,7,13579,9841,9124
Line 40,2018,8,14293,10146,9575
Line 40,2018,9,14793,10263,9407
Line 40,2018,10,15094,9709,9066
Line 40,2018,11,14031,9756,9319
Line 40,2018,12,13327,9882,8520
Line 40,2019,1,12962,8588,8336
Line 40,2019,2,13833,8739,7896
Line 40,2019,3,14190,9212,8816
Line 40,2019,4,14140,9638,9141
Line 40,2019,5,14391,9855,8560
Line 40,2019,6,14432,10287,9654
Line 40,2019,7,13821,9644,8931
Line 40,2019,8,13714,9965,8892
Line 40,2019,9,14487,9366,8953
Line 40,2019,10,14561,10170,9082
Line 40,2019,11,13462,9647,8065
Line 40,2019,12,13065,9546,7792
Line 40,2020,1,13514,9281,8305
Line 40,2020,2,14457,9645,8508
Line 40,2020,3,10152,6761,6734
Line 40,2020,4,5599,4819,4094
Line 40,2020,5,6831,6564,5150
Line 40,2020,6,8134,7176,5875
Line 40,2020,7,8982,7521,7541
Line 40,2020,8,9469,8378,6708
Line 40,2020,9,9392,7750,6464
Line 40,2020,10,9690,8861,6905
Line 40,2020,11,9706,7604,6517
Line 40,2020,12,8869,7191,5751
Line 40,2021,1,8762,6741,5401
Line 40,2021,2,9069,7598,5594
Line 40,2021,3,9715,7999,6246
Line 40,2021,4,10693,8693,6885
Line 40,2021,5,10572,8574,6509
Line 40,2021,6,11196,8633,6496
Line 40,2021,7,11361,9106,6699
Line 40,2021,8,11969,9665,7252
Line 40,2021,9,12468,9295,7146
Line 40,2021,10,12710,9533,7131
Line 40,2021,11,12818,8945,7165
Line 40,2021,12,11150,0,6181
Line 40,2022,1,9759,7314,5847
Line 40,2022,2,10800,7587,6037
Line 40,2022,3,11410,8160,6433
Line 40,2022,4,11695,8615,6377
Line 40,2022,5,12314,8467,6678
Line 40,2022,6,12097,8454,6710
Line 40,2022,7,11398,8563,6957
Line 40,2022,8,12038,8533,6758
Line 40,2022,9,12985,8854,7451
Line 40,2022,10,13251,8945,7440
Line 40,2022,11,12010,8867,7060
Line 40,2022,12,11881,8395,6745
Line 40,2023,1,12084,8613,7095
Line 40,2023,2,12728,9017,7491
Line 40,2023,3,12478,9761,7385
Line 40,2023,4,13281,10430,8006
Line 40,2023,5,13812,10173,8027
Line 40,2023,6,13351,10280,8269
Line 40,2023,7,12949,10132,7961
Line 40,2023,8,13576,10266,7210
Line 40,2023,9,14561,10376,8264
Line 40,2023,10,14781,11099,8289
Line 40,2023,11,13841,10142,8190
Line 40,2023,12,13292,10157,7666
Line 40,2024,1,13412,9573,7539
Line 40,2024,2,13366,10980,7582
Line 40,2024,3,14421,9711,8493
Line 40,2024,4,14538,10362,8003
Line 40,2024,5,14713,11037,8580
Line 40,2024,6,14060,10901,8407
Line 40,2024,7,13433,10652,8286
Line 40,2024,8,14130,10939,8315
Line 40,2024,9,14969,10682,8841
Line 40,2024,10,14845,10970,8605
Line 40,2024,11,13958,10484,8223
Line 40,2024,12,13454,9935,7906
Line 40,2025,1,13678,9733,7208
Line 40,2025,2,13446,10300,8152
Line 40,2025,3,13653,10252,7946
Line 40,2025,4,13985,9908,8597
Line 40,2025,5,14477,10120,8535
Line 40,2025,6,12655,9310,7862
Line 40,2025,7,12073,9112,7129
Line 40,2025,8,12867,9321,7719
Line 40,2025,9,13595,9782,7956
Line 40,2025,10,13439,10074,7844
Line 40,2025,11,12121,8666,7338
Line 40,2025,12,12366,9568,6806
Line 40,2026,1,12435,8627,6813
Line 40,2026,2,12914,9380,7625
Line 40,2026,3,13665,9494,7810
Line 40,2026,4,13522,9317,7667
Line 40,2026,5,13555,9650,7988
Line 45,2018,4,14791,11839,9121
Line 45,2018,5,14798,12126,8875
Line 45,2018,6,14490,11606,9467
Line 45,2018,7,13579,11524,8821
Line 45,2018,8,14350,12223,9094
Line 45,2018,9,14952,12007,9281
Line 45,2018,10,14654,11702,8764
Line 45,2018,11,13768,11431,8448
Line 45,2018,12,13257,11771,8007
Line 45,2019,1,13055,10573,8176
Line 45,2019,2,13757,10454,7861
Line 45,2019,3,14184,11351,8691
Line 45,2019,4,13679,11298,8402
Line 45,2019,5,14003,11176,8153
Line 45,2019,6,14011,11386,8561
Line 45,2019,7,13311,11293,8599
Line 45,2019,8,13642,11748,8951
Line 45,2019,9,14600,11507,8837
Line 45,2019,10,14542,11893,8590
Line 45,2019,11,13307,11357,7689
Line 45,2019,12,12456,10694,7400
Line 45,2020,1,12782,10570,7527
Line 45,2020,2,13283,10324,7641
Line 45,2020,3,8774,7176,5826
Line 45,2020,4,4692,4922,3419
Line 45,2020,5,6480,5669,4648
Line 45,2020,6,7428,6493,5532
Line 45,2020,7,8362,7354,7643
Line 45,2020,8,8906,8207,6484
Line 45,2020,9,9512,8806,6699
Line 45,2020,10,9532,9150,6649
Line 45,2020,11,9891,8782,7032
Line 45,2020,12,8425,7903,5865
Line 45,2021,1,7901,7040,5678
Line 45,2021,2,9123,8465,6525
Line 45,2021,3,9645,9289,7123
Line 45,2021,4,10369,9225,6996
Line 45,2021,5,10974,9153,7527
Line 45,2021,6,11227,10033,8078
Line 45,2021,7,12109,10666,8476
Line 45,2021,8,13012,10258,8115
Line 45,2021,9,13844,10325,8227
Line 45,2021,10,13717,9978,7310
Line 45,2021,11,13307,10369,7616
Line 45,2021,12,11624,0,7422
Line 45,2022,1,10731,8173,6229
Line 45,2022,2,11567,8598,6706
Line 45,2022,3,11959,9343,7017
Line 45,2022,4,11961,9283,7451
Line 45,2022,5,12466,8963,7326
Line 45,2022,6,12278,9509,8072
Line 45,2022,7,11405,9170,7549
Line 45,2022,8,11923,9599,7437
Line 45,2022,9,12540,9396,7754
Line 45,2022,10,12987,9737,7653
Line 45,2022,11,11942,9227,7435
Line 45,2022,12,11575,8470,6965
Line 45,2023,1,11453,8002,7256
Line 45,2023,2,12090,8361,7648
Line 45,2023,3,12003,9522,7835
Line 45,2023,4,12654,10407,8485
Line 45,2023,5,13370,10174,8570
Line 45,2023,6,12901,10098,8701
Line 45,2023,7,12283,10194,8343
Line 45,2023,8,13104,10554,7438
Line 45,2023,9,13880,9881,8688
Line 45,2023,10,13906,10413,8418
Line 45,2023,11,13009,9833,8318
Line 45,2023,12,12617,9523,7838
Line 45,2024,1,12775,9135,7875
Line 45,2024,2,12454,9261,7816
Line 45,2024,3,13615,9011,8712
Line 45,2024,4,13517,9989,8224
Line 45,2024,5,13866,10075,8574
Line 45,2024,6,13072,10138,8941
Line 45,2024,7,12527,10202,8428
Line 45,2024,8,13876,10501,9001
Line 45,2024,9,14274,10577,8745
Line 45,2024,10,14270,10509,8586
Line 45,2024,11,13260,10593,8536
Line 45,2024,12,13235,9983,7824
Line 45,2025,1,13341,9662,8074
Line 45,2025,2,13261,10463,9275
Line 45,2025,3,13310,10044,8517
Line 45,2025,4,13452,9914,9214
Line 45,2025,5,13867,10145,8889
Line 45,2025,6,11381,8074,7719
Line 45,2025,7,10384,8176,7094
Line 45,2025,8,11878,8769,7729
Line 45,2025,9,12851,8694,7966
Line 45,2025,10,12879,9552,7492
Line 45,2025,11,11557,8279,7401
Line 45,2025,12,11772,9169,7369
Line 45,2026,1,11764,8344,6659
Line 45,2026,2,12268,8906,7844
Line 45,2026,3,13077,9288,7720
Line 45,2026,4,12758,9340,7716
Line 45,2026,5,13112,9407,8130
Line 51,2018,4,24427,20004,14422
Line 51,2018,5,24302,19711,14136
Line 51,2018,6,23477,19188,13886
Line 51,2018,7,22815,18551,14106
Line 51,2018,8,23806,19779,14291
Line 51,2018,9,24454,19088,13714
Line 51,2018,10,24363,18301,13846
Line 51,2018,11,23347,18836,13886
Line 51,2018,12,21937,19511,13065
Line 51,2019,1,21814,17001,12400
Line 51,2019,2,23295,17010,12322
Line 51,2019,3,23503,18330,13880
Line 51,2019,4,24002,19279,14314
Line 51,2019,5,24099,18810,13908
Line 51,2019,6,23948,19074,14116
Line 51,2019,7,23253,17940,13469
Line 51,2019,8,23813,18874,14525
Line 51,2019,9,24745,18564,13722
Line 51,2019,10,24650,19385,12764
Line 51,2019,11,22478,17732,11754
Line 51,2019,12,21528,17655,12115
Line 51,2020,1,21979,16547,11909
Line 51,2020,2,23360,17902,13170
Line 51,2020,3,15722,12039,9727
Line 51,2020,4,8813,7648,6139
Line 51,2020,5,10525,10576,8577
Line 51,2020,6,12170,13217,9507
Line 51,2020,7,14665,13407,12995
Line 51,2020,8,15152,13919,10684
Line 51,2020,9,15544,14015,10994
Line 51,2020,10,15261,14258,10428
Line 51,2020,11,15478,13368,10874
Line 51,2020,12,14537,12998,9816
Line 51,2021,1,13026,11694,8960
Line 51,2021,2,13875,13690,10141
Line 51,2021,3,15157,14250,10809
Line 51,2021,4,16556,14793,11458
Line 51,2021,5,17157,14977,11852
Line 51,2021,6,17918,16135,11805
Line 51,2021,7,18559,17408,12217
Line 51,2021,8,20151,18081,13440
Line 51,2021,9,21327,18147,13760
Line 51,2021,10,21826,18475,12595
Line 51,2021,11,21887,18575,13857
Line 51,2021,12,18556,0,11584
Line 51,2022,1,14346,11718,8857
Line 51,2022,2,15173,13233,8750
Line 51,2022,3,16166,13955,10439
Line 51,2022,4,16229,13724,10048
Line 51,2022,5,16366,13414,9872
Line 51,2022,6,15361,13604,10155
Line 51,2022,7,15399,13535,10259
Line 51,2022,8,16434,13624,9957
Line 51,2022,9,17935,13804,10978
Line 51,2022,10,18051,13987,10681
Line 51,2022,11,16738,13505,10373
Line 51,2022,12,16174,12661,9749
Line 51,2023,1,15623,12205,9737
Line 51,2023,2,16649,12447,10347
Line 51,2023,3,16238,13843,9735
Line 51,2023,4,16883,14165,10279
Line 51,2023,5,17236,13944,10359
Line 51,2023,6,16518,13496,10700
Line 51,2023,7,15938,13485,10424
Line 51,2023,8,16968,13996,9369
Line 51,2023,9,18412,14060,11223
Line 51,2023,10,18574,14465,10859
Line 51,2023,11,17570,13767,10978
Line 51,2023,12,16633,14491,10113
Line 51,2024,1,17453,13536,10200
Line 51,2024,2,17463,15011,10413
Line 51,2024,3,19102,13723,11705
Line 51,2024,4,18939,14745,11024
Line 51,2024,5,18886,14746,11446
Line 51,2024,6,17581,14717,11106
Line 51,2024,7,16443,13472,10767
Line 51,2024,8,17516,14235,11006
Line 51,2024,9,19151,14481,11743
Line 51,2024,10,19259,14834,11870
Line 51,2024,11,18470,14634,11919
Line 51,2024,12,17727,14985,11036
Line 51,2025,1,18457,14779,10643
Line 51,2025,2,18381,15089,11826
Line 51,2025,3,17702,14306,10541
Line 51,2025,4,17578,13254,10507
Line 51,2025,5,18750,14148,11550
Line 51,2025,6,15794,11718,10464
Line 51,2025,7,14488,11352,9433
Line 51,2025,8,16336,12704,10194
Line 51,2025,9,18038,13073,10939
Line 51,2025,10,18039,13871,10286
Line 51,2025,11,16667,12169,10348
Line 51,2025,12,16589,13367,10458
Line 51,2026,1,16430,11187,9460
Line 51,2026,2,17054,12514,10669
Line 51,2026,3,18094,12541,10988
Line 51,2026,4,17806,12671,10325
Line 51,2026,5,18350,12908,11086
Line 53,2018,4,12004,7775,5340
Line 53,2018,5,11848,7673,5375
Line 53,2018,6,11002,7386,5317
Line 53,2018,7,10810,7403,5373
Line 53,2018,8,11501,7796,5455
Line 53,2018,9,12128,7835,5413
Line 53,2018,10,12247,7448,5223
Line 53,2018,11,11548,7297,5222
Line 53,2018,12,10174,7403,4944
Line 53,2019,1,10395,6708,4712
Line 53,2019,2,11278,6797,4549
Line 53,2019,3,11660,7156,5109
Line 53,2019,4,11611,7387,5090
Line 53,2019,5,11529,7435,4977
Line 53,2019,6,11282,7763,5600
Line 53,2019,7,11404,7532,5275
Line 53,2019,8,11815,7940,5503
Line 53,2019,9,12999,7896,5534
Line 53,2019,10,12797,8445,5518
Line 53,2019,11,11536,7531,4880
Line 53,2019,12,10553,7341,4623
Line 53,2020,1,10976,7189,4957
Line 53,2020,2,11852,7509,4816
Line 53,2020,3,7831,5039,3888
Line 53,2020,4,3991,3665,2325
Line 53,2020,5,4306,4038,3026
Line 53,2020,6,4986,4752,3598
Line 53,2020,7,6008,5024,4656
Line 53,2020,8,6351,5288,3933
Line 53,2020,9,6612,5521,3952
Line 53,2020,10,6664,5420,4019
Line 53,2020,11,6468,4982,3929
Line 53,2020,12,5998,4330,3169
Line 53,2021,1,5351,4089,2848
Line 53,2021,2,6239,4808,3466
Line 53,2021,3,6807,5341,3888
Line 53,2021,4,7452,5495,3897
Line 53,2021,5,7709,5650,4241
Line 53,2021,6,8007,5728,4421
Line 53,2021,7,8492,6396,4988
Line 53,2021,8,9134,6378,4823
Line 53,2021,9,9807,6237,4894
Line 53,2021,10,9841,6707,4784
Line 53,2021,11,10002,6583,5181
Line 53,2021,12,8300,0,4295
Line 53,2022,1,6849,4950,4105
Line 53,2022,2,7718,5003,3919
Line 53,2022,3,8181,5594,4457
Line 53,2022,4,8329,5375,4269
Line 53,2022,5,8497,5478,4649
Line 53,2022,6,8478,6054,4783
Line 53,2022,7,8213,6082,4765
Line 53,2022,8,8422,6023,4757
Line 53,2022,9,9090,6246,4932
Line 53,2022,10,9566,6243,4784
Line 53,2022,11,9087,6529,4637
Line 53,2022,12,8574,5604,4204
Line 53,2023,1,8608,5418,4634
Line 53,2023,2,9153,6130,4983
Line 53,2023,3,9077,6458,5087
Line 53,2023,4,9928,7041,5551
Line 53,2023,5,10311,6889,5296
Line 53,2023,6,10062,7205,5815
Line 53,2023,7,9659,6996,5708
Line 53,2023,8,10276,7430,5273
Line 53,2023,9,10934,7141,6132
Line 53,2023,10,10981,7345,5954
Line 53,2023,11,10595,7007,5649
Line 53,2023,12,10396,7251,5490
Line 53,2024,1,10747,6902,5529
Line 53,2024,2,10623,7772,5893
Line 53,2024,3,11614,6756,6098
Line 53,2024,4,11461,7465,5765
Line 53,2024,5,11405,7509,5823
Line 53,2024,6,10829,7401,6084
Line 53,2024,7,10954,7590,6316
Line 53,2024,8,11827,8213,6540
Line 53,2024,9,12445,8083,6274
Line 53,2024,10,12401,7819,6339
Line 53,2024,11,11581,7761,6359
Line 53,2024,12,11112,7466,5942
Line 53,2025,1,11610,7212,5826
Line 53,2025,2,11404,7995,6355
Line 53,2025,3,11872,8187,6547
Line 53,2025,4,11854,7877,6744
Line 53,2025,5,12302,8063,6621
Line 53,2025,6,10024,6267,5871
Line 53,2025,7,9642,6610,5593
Line 53,2025,8,10833,7206,6105
Line 53,2025,9,11925,7828,5793
Line 53,2025,10,12049,7899,6419
Line 53,2025,11,10993,7135,6054
Line 53,2025,12,10849,7603,6022
Line 53,2026,1,10886,6927,5789
Line 53,2026,2,11254,7791,6441
Line 53,2026,3,11851,7680,6645
Line 53,2026,4,11782,7664,6464
Line 53,2026,5,11955,8023,6651
Line 55,2018,4,7285,4707,3372
Line 55,2018,5,7219,4316,3200
Line 55,2018,6,6518,4279,3372
Line 55,2018,7,6298,4364,3407
Line 55,2018,8,7135,4833,3746
Line 55,2018,9,7526,4577,3449
Line 55,2018,10,7502,4370,3285
Line 55,2018,11,6896,4297,3345
Line 55,2018,12,6157,4215,3076
Line 55,2019,1,6260,3925,2894
Line 55,2019,2,7182,3882,2971
Line 55,2019,3,7365,4233,3442
Line 55,2019,4,7161,4594,3463
Line 55,2019,5,7487,4565,3206
Line 55,2019,6,7370,4856,3603
Line 55,2019,7,6931,4374,3286
Line 55,2019,8,7279,4732,3657
Line 55,2019,9,8308,4537,3388
Line 55,2019,10,8199,4738,3396
Line 55,2019,11,7311,4622,3172
Line 55,2019,12,6461,4304,2966
Line 55,2020,1,6701,4163,2968
Line 55,2020,2,7443,4420,3353
Line 55,2020,3,4562,2848,2380
Line 55,2020,4,2093,1664,1205
Line 55,2020,5,2573,2357,1872
Line 55,2020,6,3122,2679,2265
Line 55,2020,7,3451,2956,2889
Line 55,2020,8,3669,3174,2542
Line 55,2020,9,3752,3306,2559
Line 55,2020,10,3681,3190,2709
Line 55,2020,11,3715,2959,2454
Line 55,2020,12,3611,2855,2197
Line 55,2021,1,3460,2542,2001
Line 55,2021,2,3980,3043,2446
Line 55,2021,3,4399,3192,2519
Line 55,2021,4,4913,3508,2918
Line 55,2021,5,5217,3689,2877
Line 55,2021,6,5391,3671,3083
Line 55,2021,7,5669,4005,3076
Line 55,2021,8,6614,4290,3351
Line 55,2021,9,7056,4300,3409
Line 55,2021,10,7208,4305,3403
Line 55,2021,11,7081,4238,3439
Line 55,2021,12,5945,0,3009
Line 55,2022,1,5109,3176,2565
Line 55,2022,2,5624,3323,2361
Line 55,2022,3,5994,3828,3071
Line 55,2022,4,6001,3714,2900
Line 55,2022,5,6271,3725,2799
Line 55,2022,6,6000,3858,3018
Line 55,2022,7,5587,3746,2968
Line 55,2022,8,6237,4032,3094
Line 55,2022,9,6814,3929,2987
Line 55,2022,10,6980,3923,3088
Line 55,2022,11,6241,3810,2780
Line 55,2022,12,5927,3420,2721
Line 55,2023,1,6148,3393,2807
Line 55,2023,2,6758,4008,3187
Line 55,2023,3,6504,3880,3250
Line 55,2023,4,6888,4371,3345
Line 55,2023,5,7245,4163,3403
Line 55,2023,6,6912,4486,3532
Line 55,2023,7,6358,4259,3362
Line 55,2023,8,7158,4430,3198
Line 55,2023,9,7946,4524,3656
Line 55,2023,10,8017,4675,3744
Line 55,2023,11,7187,4353,3445
Line 55,2023,12,6231,3968,3019
Line 55,2024,1,6505,3774,2975
Line 55,2024,2,6596,4256,3215
Line 55,2024,3,7375,3951,3542
Line 55,2024,4,7700,4585,3489
Line 55,2024,5,8096,4518,3813
Line 55,2024,6,7375,4623,3691
Line 55,2024,7,6839,4625,3555
Line 55,2024,8,7772,4650,3726
Line 55,2024,9,8364,4580,3699
Line 55,2024,10,8379,4834,3628
Line 55,2024,11,7679,4624,3715
Line 55,2024,12,7116,4629,3507
Line 55,2025,1,7658,4703,3395
Line 55,2025,2,7821,5143,3845
Line 55,2025,3,8020,4912,3434
Line 55,2025,4,7975,4526,3810
Line 55,2025,5,8490,4914,3884
Line 55,2025,6,6731,4039,3563
Line 55,2025,7,6098,3872,3212
Line 55,2025,8,7116,4376,3652
Line 55,2025,9,8280,4423,3786
Line 55,2025,10,8172,4592,3844
Line 55,2025,11,7285,4140,3503
Line 55,2025,12,7160,4485,3580
Line 55,2026,1,7275,4073,3450
Line 55,2026,2,7915,4479,3869
Line 55,2026,3,8425,4597,4046
Line 55,2026,4,8055,4462,3801
Line 55,2026,5,8477,4724,3977
Line 60,2018,4,14024,10733,9298
Line 60,2018,5,13985,10696,9060
Line 60,2018,6,13459,10228,9203
Line 60,2018,7,13057,10665,9224
Line 60,2018,8,13611,11015,9319
Line 60,2018,9,14010,10592,9276
Line 60,2018,10,13892,10159,9006
Line 60,2018,11,13255,10446,9067
Line 60,2018,12,12221,10176,8379
Line 60,2019,1,12491,9387,8250
Line 60,2019,2,14063,9542,8211
Line 60,2019,3,14236,10260,9554
Line 60,2019,4,14270,10983,9608
Line 60,2019,5,14417,11189,9513
Line 60,2019,6,15068,11678,10537
Line 60,2019,7,14229,10897,9711
Line 60,2019,8,14596,11252,10036
Line 60,2019,9,15178,11144,10141
Line 60,2019,10,15062,11225,10193
Line 60,2019,11,13255,10311,8373
Line 60,2019,12,12444,9622,8091
Line 60,2020,1,12979,9954,7964
Line 60,2020,2,13729,10007,8526
Line 60,2020,3,9480,6669,6313
Line 60,2020,4,5050,4320,3811
Line 60,2020,5,6370,6553,5010
Line 60,2020,6,7333,7281,5963
Line 60,2020,7,7978,7830,7956
Line 60,2020,8,8170,8268,6407
Line 60,2020,9,8580,8515,6570
Line 60,2020,10,8488,8348,6682
Line 60,2020,11,8395,7998,6400
Line 60,2020,12,8641,7241,5244
Line 60,2021,1,8804,6332,4842
Line 60,2021,2,9559,7146,5577
Line 60,2021,3,10283,7908,5981
Line 60,2021,4,11118,7936,6219
Line 60,2021,5,11600,8502,6413
Line 60,2021,6,12008,8296,6835
Line 60,2021,7,12605,9405,7383
Line 60,2021,8,13082,9939,7703
Line 60,2021,9,14015,10013,7835
Line 60,2021,10,14121,10076,7837
Line 60,2021,11,14303,10137,7840
Line 60,2021,12,12351,0,7006
Line 60,2022,1,11512,8054,6288
Line 60,2022,2,12308,8733,5756
Line 60,2022,3,12689,8669,6845
Line 60,2022,4,12723,8910,6678
Line 60,2022,5,13074,8756,6612
Line 60,2022,6,13003,9128,7072
Line 60,2022,7,12651,9025,6977
Line 60,2022,8,13106,9090,6858
Line 60,2022,9,13928,9481,6956
Line 60,2022,10,14299,9376,6860
Line 60,2022,11,13070,8820,6798
Line 60,2022,12,12548,7711,6242
Line 60,2023,1,12553,8138,6591
Line 60,2023,2,13497,8566,7326
Line 60,2023,3,13107,8943,7107
Line 60,2023,4,13974,9800,7303
Line 60,2023,5,14219,9784,7491
Line 60,2023,6,14208,9996,7742
Line 60,2023,7,13457,9739,7483
Line 60,2023,8,14142,9943,6767
Line 60,2023,9,15059,9615,8004
Line 60,2023,10,15094,9919,8029
Line 60,2023,11,14344,9788,7728
Line 60,2023,12,13659,9377,7173
Line 60,2024,1,13824,9157,7065
Line 60,2024,2,13616,10157,7440
Line 60,2024,3,14667,8812,7921
Line 60,2024,4,15053,9980,7857
Line 60,2024,5,15323,10394,8324
Line 60,2024,6,14532,10109,8209
Line 60,2024,7,13948,10153,8010
Line 60,2024,8,14324,9930,8275
Line 60,2024,9,15093,10000,8031
Line 60,2024,10,15284,9883,8063
Line 60,2024,11,14591,10174,7971
Line 60,2024,12,13854,9471,7599
Line 60,2025,1,14327,9515,7217
Line 60,2025,2,14075,10034,7999
Line 60,2025,3,14403,10254,7833
Line 60,2025,4,14814,9650,7740
Line 60,2025,5,15046,9965,8445
Line 60,2025,6,12312,7971,7517
Line 60,2025,7,11571,7911,6632
Line 60,2025,8,12932,8806,7349
Line 60,2025,9,13735,9233,7610
Line 60,2025,10,13768,9552,7758
Line 60,2025,11,12841,8348,7234
Line 60,2025,12,6964,4503,3896
Line 60,2026,1,0,0,0
Line 60,2026,2,12929,8900,7435
Line 60,2026,3,13710,8974,7858
Line 60,2026,4,13416,8998,7440
Line 60,2026,5,13772,9194,7813
Line 62,2018,4,4147,2611,1936
Line 62,2018,5,4158,2559,2085
Line 62,2018,6,4156,2543,1909
Line 62,2018,7,3993,2614,2066
Line 62,2018,8,4208,2725,2141
Line 62,2018,9,4285,2606,2141
Line 62,2018,10,4243,2533,2010
Line 62,2018,11,4132,2653,2219
Line 62,2018,12,3923,2829,2030
Line 62,2019,1,3859,2381,1937
Line 62,2019,2,4034,2307,1834
Line 62,2019,3,4056,2308,1937
Line 62,2019,4,4220,2666,2121
Line 62,2019,5,4238,2679,2033
Line 62,2019,6,4221,2742,2178
Line 62,2019,7,4209,2682,2140
Line 62,2019,8,4297,2858,2220
Line 62,2019,9,4360,2799,2300
Line 62,2019,10,4418,2846,2216
Line 62,2019,11,4170,2886,2017
Line 62,2019,12,3871,2688,2083
Line 62,2020,1,3975,2506,1984
Line 62,2020,2,3972,2565,1886
Line 62,2020,3,2814,1657,1342
Line 62,2020,4,1491,1027,681
Line 62,2020,5,1434,1123,941
Line 62,2020,6,1743,1501,1222
Line 62,2020,7,1983,1547,1603
Line 62,2020,8,2079,1492,1375
Line 62,2020,9,2204,1526,1308
Line 62,2020,10,2323,1631,1392
Line 62,2020,11,2336,1654,1390
Line 62,2020,12,2049,1430,1129
Line 62,2021,1,1994,1233,1125
Line 62,2021,2,2160,1500,1291
Line 62,2021,3,2218,1681,1462
Line 62,2021,4,2443,1716,1444
Line 62,2021,5,2520,1891,1550
Line 62,2021,6,2667,1898,1614
Line 62,2021,7,2708,1984,1623
Line 62,2021,8,2893,2122,1726
Line 62,2021,9,2939,2026,1803
Line 62,2021,10,2926,2107,1728
Line 62,2021,11,2972,2296,1800
Line 62,2021,12,2679,0,1718
Line 62,2022,1,2483,1709,1553
Line 62,2022,2,2522,1803,1453
Line 62,2022,3,2434,1700,1563
Line 62,2022,4,2590,1858,1550
Line 62,2022,5,2612,1868,1653
Line 62,2022,6,2674,1910,1585
Line 62,2022,7,2694,1846,1617
Line 62,2022,8,2798,2018,1629
Line 62,2022,9,2809,1862,1652
Line 62,2022,10,2860,1931,1721
Line 62,2022,11,2660,1975,1621
Line 62,2022,12,2681,1845,1479
Line 62,2023,1,2622,1734,1512
Line 62,2023,2,2777,1776,1549
Line 62,2023,3,2711,1905,1519
Line 62,2023,4,2926,1943,1556
Line 62,2023,5,3022,1996,1763
Line 62,2023,6,3067,2069,1778
Line 62,2023,7,2893,1971,1651
Line 62,2023,8,3071,2015,1688
Line 62,2023,9,3125,2088,1824
Line 62,2023,10,3200,2027,1774
Line 62,2023,11,3235,2150,1789
Line 62,2023,12,3204,2053,1687
Line 62,2024,1,3031,1790,1571
Line 62,2024,2,2847,2093,1569
Line 62,2024,3,3113,1801,1632
Line 62,2024,4,3166,1996,1706
Line 62,2024,5,3173,2141,1874
Line 62,2024,6,3208,2243,1933
Line 62,2024,7,3104,2284,1831
Line 62,2024,8,3212,2436,1842
Line 62,2024,9,3286,2353,1909
Line 62,2024,10,3226,2378,1812
Line 62,2024,11,3177,2447,2055
Line 62,2024,12,3227,2471,1832
Line 62,2025,1,3141,2219,1768
Line 62,2025,2,2876,2280,1956
Line 62,2025,3,2956,2265,1823
Line 62,2025,4,3108,2221,1969
Line 62,2025,5,3152,2330,1950
Line 62,2025,6,2739,1837,1808
Line 62,2025,7,2759,1923,1760
Line 62,2025,8,2914,2144,1727
Line 62,2025,9,3021,2190,1972
Line 62,2025,10,3078,2102,1868
Line 62,2025,11,3087,2155,1845
Line 62,2025,12,3060,2393,1743
Line 62,2026,1,2918,1771,1574
Line 62,2026,2,2885,2127,1839
Line 62,2026,3,3028,2013,1689
Line 62,2026,4,3079,2142,1781
Line 62,2026,5,3155,2210,2052
Line 66,2018,4,11434,9161,5912
Line 66,2018,5,11372,9286,5839
Line 66,2018,6,11090,8878,5579
Line 66,2018,7,10590,8615,5771
Line 66,2018,8,11083,8746,5897
Line 66,2018,9,11401,8746,5614
Line 66,2018,10,11396,8591,5680
Line 66,2018,11,11092,8728,5601
Line 66,2018,12,10368,8821,5682
Line 66,2019,1,10039,8104,5017
Line 66,2019,2,10603,7712,5028
Line 66,2019,3,10926,8379,5605
Line 66,2019,4,11032,9012,5818
Line 66,2019,5,11110,9140,5740
Line 66,2019,6,11020,8851,5585
Line 66,2019,7,10445,8411,5349
Line 66,2019,8,10552,8624,5814
Line 66,2019,9,11257,8739,5730
Line 66,2019,10,11221,8937,6132
Line 66,2019,11,10442,8576,5435
Line 66,2019,12,9893,8521,5263
Line 66,2020,1,9848,7951,4850
Line 66,2020,2,10319,8303,5559
Line 66,2020,3,7257,5479,4420
Line 66,2020,4,3679,3523,2341
Line 66,2020,5,4916,4656,3564
Line 66,2020,6,6211,5953,4537
Line 66,2020,7,8112,7505,5941
Line 66,2020,8,8658,7656,5347
Line 66,2020,9,9800,8540,6030
Line 66,2020,10,9865,8508,6532
Line 66,2020,11,10637,8987,6849
Line 66,2020,12,8714,7068,4732
Line 66,2021,1,7735,6396,4202
Line 66,2021,2,8439,6894,4672
Line 66,2021,3,8632,7446,5013
Line 66,2021,4,9368,7860,5229
Line 66,2021,5,9717,8223,5474
Line 66,2021,6,9899,8225,5495
Line 66,2021,7,10742,8483,6160
Line 66,2021,8,11189,8147,5940
Line 66,2021,9,12024,8108,5961
Line 66,2021,10,11967,8243,5726
Line 66,2021,11,11723,8159,5771
Line 66,2021,12,10737,0,5232
Line 66,2022,1,9827,7167,5098
Line 66,2022,2,10259,7045,5193
Line 66,2022,3,10702,7787,5551
Line 66,2022,4,10923,7782,5690
Line 66,2022,5,11133,7508,5563
Line 66,2022,6,10765,8174,5691
Line 66,2022,7,10520,7984,5752
Line 66,2022,8,10670,7996,5990
Line 66,2022,9,11354,8238,6047
Line 66,2022,10,11686,8228,6030
Line 66,2022,11,10898,7697,5738
Line 66,2022,12,10995,7378,5552
Line 66,2023,1,10524,7407,5491
Line 66,2023,2,11086,7580,6200
Line 66,2023,3,11082,8373,5849
Line 66,2023,4,11996,9197,6886
Line 66,2023,5,12277,8752,6492
Line 66,2023,6,12133,9071,6941
Line 66,2023,7,11429,8692,6466
Line 66,2023,8,12187,8965,6275
Line 66,2023,9,12685,8925,6612
Line 66,2023,10,13052,9374,7406
Line 66,2023,11,12215,8853,6795
Line 66,2023,12,11917,9210,6796
Line 66,2024,1,12067,8536,6207
Line 66,2024,2,11821,9274,6550
Line 66,2024,3,12919,8628,7074
Line 66,2024,4,13099,9539,6767
Line 66,2024,5,13121,9371,7477
Line 66,2024,6,12698,9794,7283
Line 66,2024,7,12161,9273,7140
Line 66,2024,8,12904,9496,7290
Line 66,2024,9,13451,9739,6955
Line 66,2024,10,13261,9808,7099
Line 66,2024,11,12744,9387,7157
Line 66,2024,12,12371,9841,7118
Line 66,2025,1,12667,9419,6703
Line 66,2025,2,12429,9775,7542
Line 66,2025,3,13193,10031,7352
Line 66,2025,4,13152,9736,7720
Line 66,2025,5,13801,9876,7768
Line 66,2025,6,11453,7995,6978
Line 66,2025,7,10084,7435,5951
Line 66,2025,8,11393,7976,6501
Line 66,2025,9,12531,8312,6855
Line 66,2025,10,12576,9054,7263
Line 66,2025,11,11737,7922,6616
Line 66,2025,12,11933,8688,6508
Line 66,2026,1,11354,7587,5712
Line 66,2026,2,11702,8361,6709
Line 66,2026,3,12087,8672,7099
Line 66,2026,4,12047,8463,6778
Line 66,2026,5,12576,8768,6864
Line 68,2018,4,5218,3898,3969
Line 68,2018,5,5318,3773,4107
Line 68,2018,6,5104,3692,4034
Line 68,2018,7,4943,3633,3876
Line 68,2018,8,5204,3812,4052
Line 68,2018,9,5687,4009,4241
Line 68,2018,10,5666,3748,4365
Line 68,2018,11,5169,3936,4180
Line 68,2018,12,4591,3905,3723
Line 68,2019,1,4380,3196,3599
Line 68,2019,2,4865,3160,3372
Line 68,2019,3,5090,3556,4111
Line 68,2019,4,5134,3797,4020
Line 68,2019,5,5105,3786,3749
Line 68,2019,6,4969,3731,4068
Line 68,2019,7,5173,3657,3713
Line 68,2019,8,5385,3851,4137
Line 68,2019,9,5998,3733,3888
Line 68,2019,10,5780,3779,3999
Line 68,2019,11,5337,3639,3560
Line 68,2019,12,4885,3656,3374
Line 68,2020,1,5036,3529,3502
Line 68,2020,2,5431,3688,3579
Line 68,2020,3,3496,2345,2664
Line 68,2020,4,1580,1486,1111
Line 68,2020,5,1998,2329,1853
Line 68,2020,6,2526,2760,2297
Line 68,2020,7,2573,2928,2657
Line 68,2020,8,2664,2874,2334
Line 68,2020,9,2802,2989,2495
Line 68,2020,10,2966,3328,2669
Line 68,2020,11,3058,3271,2676
Line 68,2020,12,2577,2972,2200
Line 68,2021,1,2064,2724,2269
Line 68,2021,2,2654,3098,2581
Line 68,2021,3,2977,3451,2832
Line 68,2021,4,3375,3846,2853
Line 68,2021,5,3482,3887,3123
Line 68,2021,6,3674,4058,3437
Line 68,2021,7,0,0,0
Line 68,2021,8,0,0,0
Line 68,2021,9,0,0,0
Line 68,2021,10,0,0,0
Line 68,2021,11,0,0,0
Line 68,2021,12,0,0,0
Line 68,2022,1,0,0,0
Line 68,2022,2,0,0,0
Line 68,2022,3,0,0,0
Line 68,2022,4,0,0,0
Line 68,2022,5,0,0,0
Line 68,2022,6,0,0,0
Line 68,2022,7,0,0,0
Line 68,2022,8,0,0,0
Line 68,2022,9,0,0,0
Line 68,2022,10,0,0,0
Line 68,2022,11,0,0,0
Line 68,2022,12,0,0,0
Line 68,2023,1,0,0,0
Line 68,2023,2,0,0,0
Line 68,2023,3,0,0,0
Line 68,2023,4,0,0,0
Line 68,2023,5,0,0,0
Line 68,2023,6,0,0,0
Line 68,2023,7,0,0,0
Line 68,2023,8,0,0,0
Line 68,2023,9,0,0,0
Line 68,2023,10,0,0,0
Line 68,2023,11,0,0,0
Line 68,2023,12,0,0,0
Line 68,2024,1,0,0,0
Line 68,2024,2,0,0,0
Line 68,2024,3,0,0,0
Line 68,2024,4,0,0,0
Line 68,2024,5,0,0,0
Line 68,2024,6,0,0,0
Line 68,2024,7,0,0,0
Line 68,2024,8,0,0,0
Line 68,2024,9,0,0,0
Line 68,2024,10,0,0,0
Line 68,2024,11,0,0,0
Line 68,2024,12,0,0,0
Line 68,2025,1,0,0,0
Line 68,2025,2,0,0,0
Line 68,2025,3,0,0,0
Line 68,2025,4,0,0,0
Line 68,2025,5,0,0,0
Line 68,2025,6,0,0,0
Line 70,2018,4,9864,7114,7303
Line 70,2018,5,9789,6828,7254
Line 70,2018,6,9738,6940,7580
Line 70,2018,7,9230,6772,6963
Line 70,2018,8,9609,7073,7255
Line 70,2018,9,10109,6994,7155
Line 70,2018,10,10096,6699,7205
Line 70,2018,11,9609,6783,7140
Line 70,2018,12,9134,6695,7081
Line 70,2019,1,9140,6277,6823
Line 70,2019,2,9293,6062,6378
Line 70,2019,3,9786,6515,7138
Line 70,2019,4,9779,6756,7203
Line 70,2019,5,9640,6871,6894
Line 70,2019,6,9505,6826,7161
Line 70,2019,7,9102,6531,6916
Line 70,2019,8,9480,6774,6979
Line 70,2019,9,9812,6619,6867
Line 70,2019,10,9774,6800,7138
Line 70,2019,11,9070,6512,6250
Line 70,2019,12,8600,6242,6164
Line 70,2020,1,8804,6341,6332
Line 70,2020,2,8837,6184,6306
Line 70,2020,3,5465,3854,4081
Line 70,2020,4,2549,2344,1631
Line 70,2020,5,3367,3508,2816
Line 70,2020,6,4082,4110,3560
Line 70,2020,7,4391,4361,4358
Line 70,2020,8,4500,4481,3840
Line 70,2020,9,4698,4636,3735
Line 70,2020,10,4788,4891,3910
Line 70,2020,11,4730,4446,3759
Line 70,2020,12,4407,4262,3262
Line 70,2021,1,4148,4010,3284
Line 70,2021,2,4676,4618,3754
Line 70,2021,3,4988,4974,3920
Line 70,2021,4,5607,5472,4361
Line 70,2021,5,5879,5354,4460
Line 70,2021,6,6066,5766,4961
Line 70,2021,7,12182,9098,7464
Line 70,2021,8,13299,9790,8211
Line 70,2021,9,14565,9900,8531
Line 70,2021,10,14542,10283,8657
Line 70,2021,11,14789,10438,8796
Line 70,2021,12,12862,0,8196
Line 70,2022,1,11697,8148,7361
Line 70,2022,2,12156,8522,6441
Line 70,2022,3,12575,8974,7471
Line 70,2022,4,12564,9263,7728
Line 70,2022,5,13038,9146,7601
Line 70,2022,6,12684,9115,7856
Line 70,2022,7,12037,9149,7579
Line 70,2022,8,12603,9309,7682
Line 70,2022,9,13719,9334,7735
Line 70,2022,10,14274,9353,7914
Line 70,2022,11,13573,9495,8075
Line 70,2022,12,12799,8470,6868
Line 70,2023,1,12524,8863,7639
Line 70,2023,2,13930,8677,8644
Line 70,2023,3,13771,10086,8071
Line 70,2023,4,14630,10542,9093
Line 70,2023,5,15236,10650,9422
Line 70,2023,6,14702,10928,9439
Line 70,2023,7,13932,10522,8941
Line 70,2023,8,14246,10785,7880
Line 70,2023,9,15724,10538,9159
Line 70,2023,10,16055,10994,9234
Line 70,2023,11,15257,10696,8974
Line 70,2023,12,14327,10243,8642
Line 70,2024,1,14465,9773,9096
Line 70,2024,2,14564,11019,8301
Line 70,2024,3,15816,9602,9285
Line 70,2024,4,15908,11101,8583
Line 70,2024,5,15898,11106,9711
Line 70,2024,6,15381,11124,10038
Line 70,2024,7,14560,10975,9426
Line 70,2024,8,15189,11459,9828
Line 70,2024,9,16485,11242,9446
Line 70,2024,10,16425,11108,9098
Line 70,2024,11,15416,11137,9752
Line 70,2024,12,15168,11254,9570
Line 70,2025,1,15285,11347,8745
Line 70,2025,2,15244,11061,9947
Line 70,2025,3,15565,11671,9593
Line 70,2025,4,15459,10651,9909
Line 70,2025,5,15817,11019,9803
Line 70,2025,6,13700,9541,9457
Line 70,2025,7,13258,9475,8394
Line 70,2025,8,14096,10042,9120
Line 70,2025,9,15544,10403,9071
Line 70,2025,10,15560,10570,9210
Line 70,2025,11,14298,9544,8512
Line 70,2025,12,14215,10394,8404
Line 70,2026,1,13964,9612,7904
Line 70,2026,2,14570,10485,9593
Line 70,2026,3,15408,10595,9313
Line 70,2026,4,15543,10427,9183
Line 70,2026,5,15529,10806,9316
Line 71,2018,4,1595,562,415
Line 71,2018,5,1500,522,443
Line 71,2018,6,1369,497,448
Line 71,2018,7,1282,518,454
Line 71,2018,8,1549,552,466
Line 71,2018,9,1791,562,492
Line 71,2018,10,1773,557,513
Line 71,2018,11,1583,506,462
Line 71,2018,12,1332,515,450
Line 71,2019,1,1387,455,397
Line 71,2019,2,1582,440,387
Line 71,2019,3,1618,498,439
Line 71,2019,4,1550,506,441
Line 71,2019,5,1526,521,427
Line 71,2019,6,1380,502,448
Line 71,2019,7,1392,466,381
Line 71,2019,8,1543,492,448
Line 71,2019,9,1785,488,435
Line 71,2019,10,1717,576,410
Line 71,2019,11,1524,501,398
Line 71,2019,12,1309,481,376
Line 71,2020,1,1432,493,373
Line 71,2020,2,1637,524,404
Line 71,2020,3,1040,358,322
Line 71,2020,4,288,200,149
Line 71,2020,5,340,286,239
Line 71,2020,6,375,324,267
Line 71,2020,7,378,327,332
Line 71,2020,8,426,325,268
Line 71,2020,9,443,332,292
Line 71,2020,10,451,340,308
Line 71,2020,11,417,340,268
Line 71,2020,12,388,314,245
Line 71,2021,1,361,316,257
Line 71,2021,2,392,385,301
Line 71,2021,3,411,407,319
Line 71,2021,4,459,423,306
Line 71,2021,5,479,408,322
Line 71,2021,6,497,407,348
Line 71,2021,7,0,0,0
Line 71,2021,8,0,0,0
Line 71,2021,9,0,0,0
Line 71,2021,10,0,0,0
Line 71,2021,11,0,0,0
Line 71,2021,12,0,0,0
Line 71,2022,1,0,0,0
Line 71,2022,2,0,0,0
Line 71,2022,3,0,0,0
Line 71,2022,4,0,0,0
Line 71,2022,5,0,0,0
Line 71,2022,6,0,0,0
Line 71,2022,7,0,0,0
Line 71,2022,8,0,0,0
Line 71,2022,9,0,0,0
Line 71,2022,10,0,0,0
Line 71,2022,11,0,0,0
Line 71,2022,12,0,0,0
Line 71,2023,1,0,0,0
Line 71,2023,2,0,0,0
Line 71,2023,3,0,0,0
Line 71,2023,4,0,0,0
Line 71,2023,5,0,0,0
Line 71,2023,6,0,0,0
Line 71,2023,7,0,0,0
Line 71,2023,8,0,0,0
Line 71,2023,9,0,0,0
Line 71,2023,10,0,0,0
Line 71,2023,11,0,0,0
Line 71,2023,12,0,0,0
Line 71,2024,1,0,0,0
Line 71,2024,2,0,0,0
Line 71,2024,3,0,0,0
Line 71,2024,4,0,0,0
Line 71,2024,5,0,0,0
Line 71,2024,6,0,0,0
Line 71,2024,7,0,0,0
Line 71,2024,8,0,0,0
Line 71,2024,9,0,0,0
Line 71,2024,10,0,0,0
Line 71,2024,11,0,0,0
Line 71,2024,12,0,0,0
Line 71,2025,1,0,0,0
Line 71,2025,2,0,0,0
Line 71,2025,3,0,0,0
Line 71,2025,4,0,0,0
Line 71,2025,5,0,0,0
Line 71,2025,6,0,0,0
Line 74,2025,7,0,0,0
Line 74,2025,8,0,0,0
Line 74,2025,9,0,0,0
Line 74,2025,10,0,0,0
Line 74,2025,11,0,0,0
Line 74,2025,12,2979,1931,1414
Line 74,2026,1,3354,1779,1483
Line 74,2026,2,3602,1953,1592
Line 74,2026,3,3884,1891,1677
Line 74,2026,4,3948,1967,1709
Line 74,2026,5,3974,2091,1796
Line 76,2018,4,8780,6283,5029
Line 76,2018,5,8889,6257,5219
Line 76,2018,6,8644,6278,5212
Line 76,2018,7,8164,6097,4883
Line 76,2018,8,8483,6553,5187
Line 76,2018,9,9084,6550,5330
Line 76,2018,10,9052,6359,5141
Line 76,2018,11,8572,6579,5034
Line 76,2018,12,8089,6430,4705
Line 76,2019,1,8043,5645,4635
Line 76,2019,2,8021,5279,4383
Line 76,2019,3,8440,5783,4803
Line 76,2019,4,8696,6253,5129
Line 76,2019,5,8572,6215,4803
Line 76,2019,6,8487,6298,4999
Line 76,2019,7,8165,6023,4736
Line 76,2019,8,8388,6127,5000
Line 76,2019,9,8702,6104,4883
Line 76,2019,10,8539,6269,5047
Line 76,2019,11,8082,6133,4528
Line 76,2019,12,7551,5757,4423
Line 76,2020,1,7807,5768,4529
Line 76,2020,2,7613,5546,4167
Line 76,2020,3,4663,3217,2893
Line 76,2020,4,1766,1796,1177
Line 76,2020,5,2553,2097,1798
Line 76,2020,6,3037,2454,2241
Line 76,2020,7,3399,2736,2793
Line 76,2020,8,3553,3001,2386
Line 76,2020,9,3826,3086,2581
Line 76,2020,10,3854,3229,2686
Line 76,2020,11,3847,2892,2488
Line 76,2020,12,3416,2796,2203
Line 76,2021,1,3076,2524,2066
Line 76,2021,2,3384,2781,2310
Line 76,2021,3,3575,3239,2473
Line 76,2021,4,3938,3238,2566
Line 76,2021,5,4053,3322,2717
Line 76,2021,6,4347,3691,2959
Line 76,2021,7,4461,3694,2975
Line 76,2021,8,4766,3789,3147
Line 76,2021,9,5296,3848,3290
Line 76,2021,10,5432,4031,3502
Line 76,2021,11,5559,4202,3376
Line 76,2021,12,4955,0,3183
Line 76,2022,1,4376,3346,2676
Line 76,2022,2,4329,3336,2466
Line 76,2022,3,4688,3688,3064
Line 76,2022,4,4716,3743,2890
Line 76,2022,5,4754,3528,2847
Line 76,2022,6,4778,3667,3127
Line 76,2022,7,4490,3825,2860
Line 76,2022,8,4670,3868,2968
Line 76,2022,9,5055,3782,2873
Line 76,2022,10,5242,3723,3103
Line 76,2022,11,4846,3968,3102
Line 76,2022,12,4870,3558,2753
Line 76,2023,1,4996,3715,3042
Line 76,2023,2,5150,3743,3562
Line 76,2023,3,5173,3946,3193
Line 76,2023,4,5547,4349,3448
Line 76,2023,5,5674,4346,3588
Line 76,2023,6,5561,4153,3502
Line 76,2023,7,5451,4223,3530
Line 76,2023,8,5663,4399,3428
Line 76,2023,9,5993,4305,3598
Line 76,2023,10,6072,4453,3625
Line 76,2023,11,5795,4396,3656
Line 76,2023,12,5663,4157,3333
Line 76,2024,1,5680,4043,3581
Line 76,2024,2,5456,4447,3356
Line 76,2024,3,6079,3794,3735
Line 76,2024,4,5983,4491,3516
Line 76,2024,5,6010,4642,3890
Line 76,2024,6,6019,4521,3921
Line 76,2024,7,5640,4573,3811
Line 76,2024,8,5966,4755,3802
Line 76,2024,9,6297,4637,3855
Line 76,2024,10,6275,5008,3939
Line 76,2024,11,6075,4733,3818
Line 76,2024,12,6094,4878,3811
Line 76,2025,1,6300,4653,3519
Line 76,2025,2,6140,4981,4088
Line 76,2025,3,6216,4994,4266
Line 76,2025,4,6275,4767,4219
Line 76,2025,5,6335,4747,4067
Line 76,2025,6,5718,4191,3629
Line 76,2025,7,5695,3952,3672
Line 76,2025,8,5891,4421,3673
Line 76,2025,9,6307,4550,3919
Line 76,2025,10,6355,4558,3945
Line 76,2025,11,5952,3883,3646
Line 76,2025,12,5863,4579,3521
Line 76,2026,1,5998,4261,3334
Line 76,2026,2,5970,4568,3841
Line 76,2026,3,6194,4471,3894
Line 76,2026,4,6282,4559,3662
Line 76,2026,5,6283,4472,4158
Line 78,2018,4,9264,5583,4608
Line 78,2018,5,9284,5415,4743
Line 78,2018,6,9112,5603,4952
Line 78,2018,7,8516,5515,4560
Line 78,2018,8,8943,5812,4885
Line 78,2018,9,9304,5805,4889
Line 78,2018,10,8848,5295,4442
Line 78,2018,11,8627,5456,4581
Line 78,2018,12,8264,5544,4228
Line 78,2019,1,8038,4739,4150
Line 78,2019,2,8033,4662,3860
Line 78,2019,3,8647,5028,4520
Line 78,2019,4,8690,5284,4361
Line 78,2019,5,8884,5515,4295
Line 78,2019,6,8907,5480,4456
Line 78,2019,7,8533,5582,4600
Line 78,2019,8,8816,5740,4995
Line 78,2019,9,9038,5536,4912
Line 78,2019,10,8688,5541,4629
Line 78,2019,11,8680,5469,4495
Line 78,2019,12,8168,5407,4143
Line 78,2020,1,8269,5486,4290
Line 78,2020,2,8597,5614,4521
Line 78,2020,3,5401,3663,3017
Line 78,2020,4,2215,1937,1319
Line 78,2020,5,2731,2223,1908
Line 78,2020,6,3265,2661,2325
Line 78,2020,7,3514,2843,2943
Line 78,2020,8,3626,2913,2545
Line 78,2020,9,3819,2986,2509
Line 78,2020,10,3926,3121,2705
Line 78,2020,11,3927,3023,2611
Line 78,2020,12,3580,2945,2441
Line 78,2021,1,3455,2790,2367
Line 78,2021,2,3837,3126,2584
Line 78,2021,3,4033,3386,2903
Line 78,2021,4,4522,3510,3055
Line 78,2021,5,4797,3581,3158
Line 78,2021,6,5054,3920,3459
Line 78,2021,7,5743,4329,3674
Line 78,2021,8,6229,4694,3901
Line 78,2021,9,6846,4575,4132
Line 78,2021,10,7066,4866,4248
Line 78,2021,11,7069,4836,4122
Line 78,2021,12,6017,0,3726
Line 78,2022,1,5124,3301,2966
Line 78,2022,2,5527,3533,2887
Line 78,2022,3,5609,3788,3215
Line 78,2022,4,5717,3836,3241
Line 78,2022,5,5949,3818,3223
Line 78,2022,6,5716,3802,3461
Line 78,2022,7,5410,3993,3361
Line 78,2022,8,5895,4148,3317
Line 78,2022,9,6201,4106,3560
Line 78,2022,10,6358,4343,3555
Line 78,2022,11,5739,4203,3449
Line 78,2022,12,5759,3499,3281
Line 78,2023,1,5549,3682,3329
Line 78,2023,2,6033,3646,3594
Line 78,2023,3,5900,4220,3523
Line 78,2023,4,6462,4437,3773
Line 78,2023,5,6590,4418,3720
Line 78,2023,6,6485,4458,4171
Line 78,2023,7,6082,4215,3601
Line 78,2023,8,6426,4396,3213
Line 78,2023,9,6858,4180,3816
Line 78,2023,10,6901,4359,3650
Line 78,2023,11,6634,4384,3509
Line 78,2023,12,6416,4146,3305
Line 78,2024,1,6490,4118,3419
Line 78,2024,2,6131,4516,3544
Line 78,2024,3,6902,4044,3752
Line 78,2024,4,6873,4317,3523
Line 78,2024,5,6982,4270,3724
Line 78,2024,6,6915,4555,3786
Line 78,2024,7,6497,4375,3730
Line 78,2024,8,6932,4746,4144
Line 78,2024,9,7166,4648,3834
Line 78,2024,10,7145,4558,4179
Line 78,2024,11,6852,4710,3825
Line 78,2024,12,7078,4339,3372
Line 78,2025,1,6807,4182,3584
Line 78,2025,2,6859,4664,3878
Line 78,2025,3,7015,4700,4000
Line 78,2025,4,7279,4582,4208
Line 78,2025,5,7549,4701,4091
Line 78,2025,6,6720,4431,3730
Line 78,2025,7,6297,4121,3592
Line 78,2025,8,6786,4212,3583
Line 78,2025,9,7137,4627,3858
Line 78,2025,10,7270,4430,3900
Line 78,2025,11,6772,3981,3425
Line 78,2025,12,6632,4213,3527
Line 78,2026,1,6678,3989,3331
Line 78,2026,2,6836,4424,3854
Line 78,2026,3,7114,4443,3645
Line 78,2026,4,7245,4345,3548
Line 78,2026,5,7230,4220,3899
Line 81,2018,4,13778,9276,6674
Line 81,2018,5,13722,9057,6534
Line 81,2018,6,13336,8841,6963
Line 81,2018,7,12412,8718,6655
Line 81,2018,8,13454,9100,6868
Line 81,2018,9,14119,9248,6900
Line 81,2018,10,14095,8375,6669
Line 81,2018,11,13167,8822,6668
Line 81,2018,12,12238,8716,6014
Line 81,2019,1,12167,7535,5865
Line 81,2019,2,13060,7588,5698
Line 81,2019,3,13472,8309,6570
Line 81,2019,4,13542,8527,6546
Line 81,2019,5,13641,8797,6001
Line 81,2019,6,13261,8795,6398
Line 81,2019,7,13117,9077,7341
Line 81,2019,8,13437,9256,6828
Line 81,2019,9,14369,9018,6696
Line 81,2019,10,14190,9554,6451
Line 81,2019,11,13079,8902,5809
Line 81,2019,12,12236,8101,5564
Line 81,2020,1,12771,8150,5732
Line 81,2020,2,13218,8527,6004
Line 81,2020,3,8376,5586,4425
Line 81,2020,4,3639,3071,2237
Line 81,2020,5,4600,4006,3315
Line 81,2020,6,5459,4621,3837
Line 81,2020,7,6147,4983,5072
Line 81,2020,8,6420,5021,4263
Line 81,2020,9,6612,5260,4274
Line 81,2020,10,6750,5364,4522
Line 81,2020,11,6621,5121,4289
Line 81,2020,12,5788,4940,3561
Line 81,2021,1,5312,4666,3810
Line 81,2021,2,6064,5398,4162
Line 81,2021,3,6397,5487,4337
Line 81,2021,4,7141,5917,4646
Line 81,2021,5,7373,5959,4709
Line 81,2021,6,7764,6196,4866
Line 81,2021,7,8122,7029,5677
Line 81,2021,8,8311,6423,5068
Line 81,2021,9,8607,5894,5266
Line 81,2021,10,8933,6033,4891
Line 81,2021,11,8636,6570,4726
Line 81,2021,12,7346,0,3954
Line 81,2022,1,6456,4527,3402
Line 81,2022,2,7256,4940,3801
Line 81,2022,3,7763,5614,4503
Line 81,2022,4,8016,6010,4791
Line 81,2022,5,8393,5688,5044
Line 81,2022,6,7849,5948,4817
Line 81,2022,7,7952,6252,4914
Line 81,2022,8,8532,6297,4987
Line 81,2022,9,9034,6659,5223
Line 81,2022,10,9434,6368,5550
Line 81,2022,11,8526,6289,4879
Line 81,2022,12,8219,5756,4594
Line 81,2023,1,8215,5592,4887
Line 81,2023,2,8868,5896,5293
Line 81,2023,3,8626,6442,5413
Line 81,2023,4,9360,7101,5787
Line 81,2023,5,9540,6978,5770
Line 81,2023,6,9485,7418,6201
Line 81,2023,7,9119,7289,6040
Line 81,2023,8,9800,7452,5057
Line 81,2023,9,10451,7569,6378
Line 81,2023,10,10422,7434,6188
Line 81,2023,11,9947,7313,5854
Line 81,2023,12,9401,6878,5369
Line 81,2024,1,9502,7002,5425
Line 81,2024,2,9264,7368,5078
Line 81,2024,3,10372,6409,5901
Line 81,2024,4,10462,7722,5962
Line 81,2024,5,10260,7292,5922
Line 81,2024,6,9915,7639,5858
Line 81,2024,7,9408,7287,6194
Line 81,2024,8,9796,7458,6026
Line 81,2024,9,10306,7198,5899
Line 81,2024,10,10429,7405,6268
Line 81,2024,11,9960,7518,6033
Line 81,2024,12,9839,6953,5697
Line 81,2025,1,10114,6951,5347
Line 81,2025,2,9898,7322,6332
Line 81,2025,3,9985,7561,6277
Line 81,2025,4,10179,7592,6483
Line 81,2025,5,10589,7461,6285
Line 81,2025,6,8953,6297,5983
Line 81,2025,7,8496,6235,5340
Line 81,2025,8,9265,6554,5639
Line 81,2025,9,9910,6669,5924
Line 81,2025,10,9751,6892,5724
Line 81,2025,11,8950,6087,5168
Line 81,2025,12,8920,6565,4752
Line 81,2026,1,9001,6135,5007
Line 81,2026,2,9171,6730,5509
Line 81,2026,3,9776,6801,5650
Line 81,2026,4,9855,7038,5670
Line 81,2026,5,9940,6886,5857
Line 83,2018,4,2628,1818,1537
Line 83,2018,5,2550,1730,1513
Line 83,2018,6,2516,1657,1618
Line 83,2018,7,2387,1663,1485
Line 83,2018,8,2526,1715,1570
Line 83,2018,9,2587,1768,1562
Line 83,2018,10,2633,1618,1562
Line 83,2018,11,2484,1709,1525
Line 83,2018,12,2302,1650,1373
Line 83,2019,1,2225,1437,1432
Line 83,2019,2,2366,1372,1323
Line 83,2019,3,2416,1577,1464
Line 83,2019,4,2418,1657,1543
Line 83,2019,5,2371,1568,1362
Line 83,2019,6,2355,1614,1451
Line 83,2019,7,2331,1613,1471
Line 83,2019,8,2411,1672,1393
Line 83,2019,9,2500,1698,1465
Line 83,2019,10,2560,1813,1392
Line 83,2019,11,2436,1698,1327
Line 83,2019,12,2244,1544,1197
Line 83,2020,1,2260,1491,1275
Line 83,2020,2,2318,1453,1208
Line 83,2020,3,1494,1013,1046
Line 83,2020,4,771,654,479
Line 83,2020,5,890,878,689
Line 83,2020,6,999,921,811
Line 83,2020,7,1084,997,1078
Line 83,2020,8,1124,1022,882
Line 83,2020,9,1166,1120,885
Line 83,2020,10,1206,1157,964
Line 83,2020,11,1191,1015,888
Line 83,2020,12,1049,950,732
Line 83,2021,1,1016,953,828
Line 83,2021,2,1062,1009,932
Line 83,2021,3,1117,1091,905
Line 83,2021,4,1201,1114,856
Line 83,2021,5,1250,1102,936
Line 83,2021,6,1327,1291,1078
Line 83,2021,7,0,0,0
Line 83,2021,8,0,0,0
Line 83,2021,9,0,0,0
Line 83,2021,10,0,0,0
Line 83,2021,11,0,0,0
Line 83,2021,12,0,0,0
Line 83,2022,1,0,0,0
Line 83,2022,2,0,0,0
Line 83,2022,3,0,0,0
Line 83,2022,4,0,0,0
Line 83,2022,5,0,0,0
Line 83,2022,6,0,0,0
Line 83,2022,7,0,0,0
Line 83,2022,8,0,0,0
Line 83,2022,9,0,0,0
Line 83,2022,10,0,0,0
Line 83,2022,11,0,0,0
Line 83,2022,12,0,0,0
Line 83,2023,1,0,0,0
Line 83,2023,2,0,0,0
Line 83,2023,3,0,0,0
Line 83,2023,4,0,0,0
Line 83,2023,5,0,0,0
Line 83,2023,6,0,0,0
Line 83,2023,7,0,0,0
Line 83,2023,8,0,0,0
Line 83,2023,9,0,0,0
Line 83,2023,10,0,0,0
Line 83,2023,11,0,0,0
Line 83,2023,12,0,0,0
Line 83,2024,1,0,0,0
Line 83,2024,2,0,0,0
Line 83,2024,3,0,0,0
Line 83,2024,4,0,0,0
Line 83,2024,5,0,0,0
Line 83,2024,6,0,0,0
Line 83,2024,7,0,0,0
Line 83,2024,8,0,0,0
Line 83,2024,9,0,0,0
Line 83,2024,10,0,0,0
Line 83,2024,11,0,0,0
Line 83,2024,12,0,0,0
Line 83,2025,1,0,0,0
Line 83,2025,2,0,0,0
Line 83,2025,3,0,0,0
Line 83,2025,4,0,0,0
Line 83,2025,5,0,0,0
Line 83,2025,6,0,0,0
Line 90,2018,4,7378,3994,2547
Line 90,2018,5,7504,3785,2581
Line 90,2018,6,6965,3760,2569
Line 90,2018,7,6681,3440,2389
Line 90,2018,8,6939,3802,2478
Line 90,2018,9,7712,4021,2721
Line 90,2018,10,7563,3845,2495
Line 90,2018,11,7052,3930,2631
Line 90,2018,12,6288,3952,2319
Line 90,2019,1,6345,3245,2270
Line 90,2019,2,6555,3137,2069
Line 90,2019,3,7045,3493,2418
Line 90,2019,4,7071,3731,2421
Line 90,2019,5,7253,3783,2427
Line 90,2019,6,6964,3814,2590
Line 90,2019,7,6748,3773,2373
Line 90,2019,8,6698,3746,2528
Line 90,2019,9,7734,3891,2541
Line 90,2019,10,7786,3897,2548
Line 90,2019,11,7085,3735,2339
Line 90,2019,12,6389,3545,2092
Line 90,2020,1,6593,3467,2169
Line 90,2020,2,6978,3486,2442
Line 90,2020,3,4393,2216,1730
Line 90,2020,4,1752,1344,904
Line 90,2020,5,1945,1441,1171
Line 90,2020,6,2264,1616,1451
Line 90,2020,7,2410,1924,1751
Line 90,2020,8,2575,1910,1441
Line 90,2020,9,2679,1917,1481
Line 90,2020,10,2781,2017,1599
Line 90,2020,11,2678,1903,1442
Line 90,2020,12,2451,1844,1314
Line 90,2021,1,2266,1694,1251
Line 90,2021,2,2650,1918,1585
Line 90,2021,3,2758,2054,1541
Line 90,2021,4,3082,2160,1687
Line 90,2021,5,3311,2271,1792
Line 90,2021,6,3360,2299,1893
Line 90,2021,7,3869,3182,2625
Line 90,2021,8,4059,3336,2813
Line 90,2021,9,4876,3466,2579
Line 90,2021,10,5228,3524,2841
Line 90,2021,11,5207,3496,2851
Line 90,2021,12,4453,0,2613
Line 90,2022,1,4147,2839,2353
Line 90,2022,2,4328,3220,2338
Line 90,2022,3,4025,3028,2528
Line 90,2022,4,4049,3169,2160
Line 90,2022,5,4217,3173,2520
Line 90,2022,6,4059,3220,2477
Line 90,2022,7,3856,3362,2725
Line 90,2022,8,3979,3210,2733
Line 90,2022,9,4204,3246,2518
Line 90,2022,10,4682,3551,2833
Line 90,2022,11,4840,3767,2935
Line 90,2022,12,4468,2894,2387
Line 90,2023,1,4271,2988,2504
Line 90,2023,2,4723,2871,3032
Line 90,2023,3,4824,3373,2890
Line 90,2023,4,5240,3771,3117
Line 90,2023,5,5317,3695,3197
Line 90,2023,6,5125,3690,3172
Line 90,2023,7,5143,3654,3123
Line 90,2023,8,5385,3701,2741
Line 90,2023,9,5899,3724,3249
Line 90,2023,10,6027,4013,3097
Line 90,2023,11,5798,3546,3071
Line 90,2023,12,5376,3637,2887
Line 90,2024,1,5224,3530,2898
Line 90,2024,2,5185,3794,3048
Line 90,2024,3,5904,3509,3215
Line 90,2024,4,6039,3881,3351
Line 90,2024,5,6249,4092,3642
Line 90,2024,6,5989,4277,3392
Line 90,2024,7,5740,3929,3418
Line 90,2024,8,5897,4138,3667
Line 90,2024,9,6330,4121,3571
Line 90,2024,10,6444,4418,3484
Line 90,2024,11,6005,4017,3286
Line 90,2024,12,5727,3867,3361
Line 90,2025,1,5521,3801,3092
Line 90,2025,2,5965,4221,3436
Line 90,2025,3,6085,4174,3539
Line 90,2025,4,6259,4061,3698
Line 90,2025,5,6456,4051,3535
Line 90,2025,6,5676,3922,3512
Line 90,2025,7,5495,3752,3327
Line 90,2025,8,5768,3907,3484
Line 90,2025,9,6463,3963,3578
Line 90,2025,10,6427,4072,3488
Line 90,2025,11,5900,3453,3168
Line 90,2025,12,5688,3897,3088
Line 90,2026,1,5609,3657,2982
Line 90,2026,2,5762,3824,3300
Line 90,2026,3,6113,3938,3325
Line 90,2026,4,6228,3939,3168
Line 90,2026,5,6307,4084,3590
Line 92,2018,4,6035,4228,3406
Line 92,2018,5,5975,4271,3302
Line 92,2018,6,5968,4248,3413
Line 92,2018,7,5656,4044,3249
Line 92,2018,8,5998,4325,3599
Line 92,2018,9,6153,4348,3450
Line 92,2018,10,6091,4084,3329
Line 92,2018,11,5824,4341,3402
Line 92,2018,12,5315,4300,3097
Line 92,2019,1,5188,3514,2850
Line 92,2019,2,5369,3277,2681
Line 92,2019,3,5670,3851,3141
Line 92,2019,4,5834,4181,3250
Line 92,2019,5,5779,4253,2993
Line 92,2019,6,5753,4220,3268
Line 92,2019,7,5607,4119,3242
Line 92,2019,8,5775,4157,3377
Line 92,2019,9,6039,4116,3267
Line 92,2019,10,6041,4072,3235
Line 92,2019,11,5628,3904,2933
Line 92,2019,12,5153,3869,2643
Line 92,2020,1,5315,3815,2624
Line 92,2020,2,5585,3840,2854
Line 92,2020,3,3190,2171,1953
Line 92,2020,4,1342,1180,857
Line 92,2020,5,1628,1400,1203
Line 92,2020,6,2091,1779,1516
Line 92,2020,7,2196,2006,2056
Line 92,2020,8,2320,2120,1713
Line 92,2020,9,2413,2175,1837
Line 92,2020,10,2477,2296,2079
Line 92,2020,11,2469,2308,1830
Line 92,2020,12,2109,2104,1554
Line 92,2021,1,1819,1795,1458
Line 92,2021,2,2124,2112,1735
Line 92,2021,3,2335,2342,1944
Line 92,2021,4,2657,2450,2097
Line 92,2021,5,2800,2700,2065
Line 92,2021,6,3017,2677,2291
Line 92,2021,7,3461,2773,2277
Line 92,2021,8,3814,2891,2470
Line 92,2021,9,4267,3137,2601
Line 92,2021,10,4502,3417,2967
Line 92,2021,11,4516,3561,2739
Line 92,2021,12,3872,0,2662
Line 92,2022,1,3537,2677,2349
Line 92,2022,2,3783,2907,2387
Line 92,2022,3,3860,2631,2322
Line 92,2022,4,3962,2663,2232
Line 92,2022,5,4107,2721,2332
Line 92,2022,6,4002,2854,2400
Line 92,2022,7,3812,3214,2625
Line 92,2022,8,4045,3323,2782
Line 92,2022,9,4180,3273,2684
Line 92,2022,10,4634,3391,2980
Line 92,2022,11,4388,3464,2766
Line 92,2022,12,4207,2766,2270
Line 92,2023,1,4049,3036,2356
Line 92,2023,2,4348,2861,2608
Line 92,2023,3,4200,3202,2694
Line 92,2023,4,4759,3566,2946
Line 92,2023,5,4771,3565,2817
Line 92,2023,6,4742,3580,2842
Line 92,2023,7,4769,3505,3019
Line 92,2023,8,5182,3671,2403
Line 92,2023,9,5596,3632,3184
Line 92,2023,10,5785,4049,3297
Line 92,2023,11,5550,3830,3287
Line 92,2023,12,5342,3818,2955
Line 92,2024,1,5244,3543,2836
Line 92,2024,2,5104,4024,2988
Line 92,2024,3,5877,3483,3279
Line 92,2024,4,5957,4096,3380
Line 92,2024,5,6113,4162,3462
Line 92,2024,6,5999,4087,3484
Line 92,2024,7,5533,4093,3585
Line 92,2024,8,5978,4207,3667
Line 92,2024,9,6227,4312,3537
Line 92,2024,10,6217,4139,3776
Line 92,2024,11,5745,4223,3489
Line 92,2024,12,5783,4129,3345
Line 92,2025,1,5629,3965,2963
Line 92,2025,2,5805,4502,3622
Line 92,2025,3,5955,4454,3789
Line 92,2025,4,6232,4439,3944
Line 92,2025,5,6326,4287,3717
Line 92,2025,6,5713,4156,3633
Line 92,2025,7,5740,3977,3433
Line 92,2025,8,6102,4130,3719
Line 92,2025,9,6396,4133,3664
Line 92,2025,10,6354,4305,3685
Line 92,2025,11,5843,3635,3271
Line 92,2025,12,5872,4125,3300
Line 92,2026,1,5768,3636,2986
Line 92,2026,2,5872,4302,3629
Line 92,2026,3,6190,4215,3449
Line 92,2026,4,6186,4270,3517
Line 92,2026,5,6344,4163,3610
Line 93,2025,7,6408,5220,4036
Line 93,2025,8,6944,5661,4568
Line 93,2025,9,7549,5942,4533
Line 93,2025,10,7408,5919,4856
Line 93,2025,11,7028,5678,4145
Line 93,2025,12,6953,5771,4038
Line 93,2026,1,6894,5233,4038
Line 93,2026,2,6836,5675,4446
Line 93,2026,3,7466,5817,4559
Line 93,2026,4,7415,6094,4479
Line 93,2026,5,7556,6183,4798
Line 94,2018,4,4586,5882,4383
Line 94,2018,5,4520,5817,4434
Line 94,2018,6,4552,5905,4427
Line 94,2018,7,4256,5525,4380
Line 94,2018,8,4355,5675,4428
Line 94,2018,9,4641,5876,4458
Line 94,2018,10,4522,5332,4286
Line 94,2018,11,4392,5585,4284
Line 94,2018,12,4030,5499,3991
Line 94,2019,1,3976,5011,3881
Line 94,2019,2,4043,4766,3644
Line 94,2019,3,4283,5147,4228
Line 94,2019,4,4350,5663,4291
Line 94,2019,5,4395,5751,4221
Line 94,2019,6,4315,5742,4421
Line 94,2019,7,4173,5644,4122
Line 94,2019,8,4315,5707,4237
Line 94,2019,9,4376,5463,4327
Line 94,2019,10,4423,5714,4346
Line 94,2019,11,4087,5515,3866
Line 94,2019,12,3795,5460,3696
Line 94,2020,1,4100,5337,3732
Line 94,2020,2,4232,5321,4041
Line 94,2020,3,2805,3454,2959
Line 94,2020,4,1586,2218,1528
Line 94,2020,5,2410,2476,2067
Line 94,2020,6,2881,3022,2590
Line 94,2020,7,3081,3533,3192
Line 94,2020,8,3167,3520,2824
Line 94,2020,9,3292,3654,2953
Line 94,2020,10,3359,3812,2955
Line 94,2020,11,3322,3748,2870
Line 94,2020,12,2999,3495,2393
Line 94,2021,1,2848,3252,2446
Line 94,2021,2,3127,3702,2765
Line 94,2021,3,3214,3806,2927
Line 94,2021,4,3552,4130,3150
Line 94,2021,5,3688,4296,3371
Line 94,2021,6,3887,4303,3556
Line 94,2021,7,5787,3720,2973
Line 94,2021,8,6115,3880,2907
Line 94,2021,9,6072,3958,3379
Line 94,2021,10,6092,3830,3082
Line 94,2021,11,6192,4092,2833
Line 94,2021,12,5472,0,2758
Line 94,2022,1,5091,3517,2712
Line 94,2022,2,5510,3599,2612
Line 94,2022,3,6117,3916,2988
Line 94,2022,4,6470,4041,3127
Line 94,2022,5,6462,3963,3215
Line 94,2022,6,6475,4114,3290
Line 94,2022,7,6246,3890,3183
Line 94,2022,8,6486,4170,3313
Line 94,2022,9,6584,4209,3285
Line 94,2022,10,6850,4116,3382
Line 94,2022,11,6184,4125,2956
Line 94,2022,12,6244,3825,3474
Line 94,2023,1,6047,4023,3389
Line 94,2023,2,6345,4143,3833
Line 94,2023,3,6413,4870,3871
Line 94,2023,4,6858,5026,4143
Line 94,2023,5,6997,4999,4064
Line 94,2023,6,7091,5241,4298
Line 94,2023,7,6603,5049,3897
Line 94,2023,8,6732,5067,3671
Line 94,2023,9,7055,5109,4321
Line 94,2023,10,7038,5045,4401
Line 94,2023,11,6820,5147,4024
Line 94,2023,12,6724,4979,3695
Line 94,2024,1,6466,4851,3805
Line 94,2024,2,6204,5184,3856
Line 94,2024,3,6909,4724,4215
Line 94,2024,4,6922,5125,4080
Line 94,2024,5,6975,5238,4419
Line 94,2024,6,7078,5367,4581
Line 94,2024,7,6811,5106,4248
Line 94,2024,8,7052,5390,4637
Line 94,2024,9,7251,5382,4565
Line 94,2024,10,7240,5442,4669
Line 94,2024,11,6991,5373,4215
Line 94,2024,12,6874,5285,4366
Line 94,2025,1,6693,4867,3835
Line 94,2025,2,6715,5273,4472
Line 94,2025,3,6874,5395,4551
Line 94,2025,4,7108,5431,4498
Line 94,2025,5,7149,5374,4656
Line 94,2025,6,6619,4712,4363
Line 94,2025,7,6437,4776,3979
Line 94,2025,8,6675,5007,4300
Line 94,2025,9,6863,5197,4480
Line 94,2025,10,7010,5426,4516
Line 94,2025,11,6567,4897,4104
Line 94,2025,12,6486,5384,4342
Line 94,2026,1,6425,4695,3844
Line 94,2026,2,6494,5071,4277
Line 94,2026,3,6850,5102,4454
Line 94,2026,4,6889,5251,4258
Line 94,2026,5,6955,5311,4360
Line 96,2018,4,1389,796,682
Line 96,2018,5,1412,721,592
Line 96,2018,6,1331,798,633
Line 96,2018,7,1316,770,572
Line 96,2018,8,1375,834,645
Line 96,2018,9,1406,771,638
Line 96,2018,10,1406,705,571
Line 96,2018,11,1297,784,560
Line 96,2018,12,1198,727,575
Line 96,2019,1,1269,597,526
Line 96,2019,2,1224,579,455
Line 96,2019,3,1270,720,535
Line 96,2019,4,1306,770,609
Line 96,2019,5,1321,745,487
Line 96,2019,6,1346,775,672
Line 96,2019,7,1329,791,618
Line 96,2019,8,1388,774,609
Line 96,2019,9,1403,810,572
Line 96,2019,10,1412,858,644
Line 96,2019,11,1329,773,513
Line 96,2019,12,1194,698,468
Line 96,2020,1,1252,758,476
Line 96,2020,2,1311,730,528
Line 96,2020,3,817,498,364
Line 96,2020,4,331,233,158
Line 96,2020,5,302,272,220
Line 96,2020,6,376,337,200
Line 96,2020,7,380,318,393
Line 96,2020,8,396,384,323
Line 96,2020,9,447,438,362
Line 96,2020,10,460,341,394
Line 96,2020,11,453,436,324
Line 96,2020,12,421,332,318
Line 96,2021,1,369,384,338
Line 96,2021,2,465,344,320
Line 96,2021,3,449,398,408
Line 96,2021,4,519,456,429
Line 96,2021,5,548,499,431
Line 96,2021,6,546,525,410
Line 96,2021,7,617,454,382
Line 96,2021,8,609,538,460
Line 96,2021,9,647,439,437
Line 96,2021,10,579,541,478
Line 96,2021,11,581,427,409
Line 96,2021,12,549,0,397
Line 96,2022,1,487,396,361
Line 96,2022,2,542,407,361
Line 96,2022,3,602,441,379
Line 96,2022,4,587,481,389
Line 96,2022,5,587,439,411
Line 96,2022,6,617,465,401
Line 96,2022,7,646,477,383
Line 96,2022,8,639,480,387
Line 96,2022,9,631,469,373
Line 96,2022,10,696,452,430
Line 96,2022,11,581,413,352
Line 96,2022,12,588,339,347
Line 96,2023,1,517,357,354
Line 96,2023,2,562,464,384
Line 96,2023,3,573,443,351
Line 96,2023,4,655,544,408
Line 96,2023,5,625,537,415
Line 96,2023,6,649,484,306
Line 96,2023,7,642,500,434
Line 96,2023,8,638,521,397
Line 96,2023,9,699,489,470
Line 96,2023,10,743,488,451
Line 96,2023,11,708,536,409
Line 96,2023,12,632,478,327
Line 96,2024,1,628,279,320
Line 96,2024,2,671,368,344
Line 96,2024,3,752,405,413
Line 96,2024,4,732,599,360
Line 96,2024,5,770,567,387
Line 96,2024,6,686,533,343
Line 96,2024,7,653,540,489
Line 96,2024,8,673,552,475
Line 96,2024,9,685,559,496
Line 96,2024,10,688,541,534
Line 96,2024,11,683,510,519
Line 96,2024,12,339,231,127
Line 96,2025,1,0,0,0
Line 96,2025,2,0,0,0
Line 96,2025,3,0,0,0
Line 96,2025,4,0,0,0
Line 96,2025,5,0,0,0
Line 96,2025,6,0,0,0
Line 102,2018,4,2451,1744,1447
Line 102,2018,5,2572,1803,1457
Line 102,2018,6,2478,1834,1439
Line 102,2018,7,2456,1829,1499
Line 102,2018,8,2642,1840,1586
Line 102,2018,9,2638,1846,1488
Line 102,2018,10,2676,1760,1584
Line 102,2018,11,2453,1723,1457
Line 102,2018,12,2166,1678,1325
Line 102,2019,1,2179,1466,1254
Line 102,2019,2,2348,1490,1240
Line 102,2019,3,2417,1535,1406
Line 102,2019,4,2454,1747,1378
Line 102,2019,5,2571,1693,1338
Line 102,2019,6,2478,1683,1450
Line 102,2019,7,2442,1740,1445
Line 102,2019,8,2563,1728,1523
Line 102,2019,9,2735,1779,1547
Line 102,2019,10,2732,1846,1518
Line 102,2019,11,2454,1659,1251
Line 102,2019,12,2305,1657,1233
Line 102,2020,1,2405,1630,1313
Line 102,2020,2,2582,1771,1338
Line 102,2020,3,1693,1136,1073
Line 102,2020,4,799,735,570
Line 102,2020,5,1017,876,741
Line 102,2020,6,1265,1055,902
Line 102,2020,7,1273,1197,1080
Line 102,2020,8,1338,1194,927
Line 102,2020,9,1353,1214,952
Line 102,2020,10,1399,1366,1003
Line 102,2020,11,1364,1159,893
Line 102,2020,12,1247,1079,887
Line 102,2021,1,1195,1073,898
Line 102,2021,2,1327,1194,933
Line 102,2021,3,1370,1370,1008
Line 102,2021,4,1543,1438,1117
Line 102,2021,5,1612,1451,1206
Line 102,2021,6,1671,1512,1393
Line 102,2021,7,1579,1518,1149
Line 102,2021,8,1704,1590,1204
Line 102,2021,9,1780,1456,1302
Line 102,2021,10,1764,1532,1344
Line 102,2021,11,1750,1526,1222
Line 102,2021,12,1545,0,1190
Line 102,2022,1,1517,1256,1178
Line 102,2022,2,1489,1268,1074
Line 102,2022,3,1325,1159,938
Line 102,2022,4,1356,1166,1033
Line 102,2022,5,1424,1206,993
Line 102,2022,6,1408,1207,1001
Line 102,2022,7,1340,1259,1077
Line 102,2022,8,1453,1224,1085
Line 102,2022,9,1523,1308,1022
Line 102,2022,10,1539,1288,1105
Line 102,2022,11,1377,1203,1021
Line 102,2022,12,1257,1075,887
Line 102,2023,1,1292,1012,908
Line 102,2023,2,1393,1165,973
Line 102,2023,3,1331,1205,999
Line 102,2023,4,1442,1238,1092
Line 102,2023,5,1490,1231,1073
Line 102,2023,6,1424,1247,1091
Line 102,2023,7,1365,1164,1017
Line 102,2023,8,1422,1098,856
Line 102,2023,9,1465,1093,996
Line 102,2023,10,1471,1180,1049
Line 102,2023,11,1401,1177,1029
Line 102,2023,12,1352,1182,910
Line 102,2024,1,1360,1146,959
Line 102,2024,2,1305,1284,901
Line 102,2024,3,1485,1135,1016
Line 102,2024,4,1567,1222,1096
Line 102,2024,5,1563,1308,1143
Line 102,2024,6,1520,1286,1155
Line 102,2024,7,1486,1296,1141
Line 102,2024,8,1620,1384,1180
Line 102,2024,9,1679,1375,1153
Line 102,2024,10,1611,1289,1145
Line 102,2024,11,1502,1205,1094
Line 102,2024,12,1347,1194,1008
Line 102,2025,1,1342,1124,971
Line 102,2025,2,1352,1236,1012
Line 102,2025,3,1423,1256,1107
Line 102,2025,4,1514,1254,1091
Line 102,2025,5,1564,1273,1076
Line 102,2025,6,1360,1075,1095
Line 102,2025,7,1306,1032,924
Line 102,2025,8,1525,1176,1046
Line 102,2025,9,1616,1241,1042
Line 102,2025,10,1594,1299,1037
Line 102,2025,11,1436,1118,934
Line 102,2025,12,1433,1154,1038
Line 102,2026,1,1451,1103,958
Line 102,2026,2,1554,1184,1104
Line 102,2026,3,1589,1294,1149
Line 102,2026,4,1613,1307,1062
Line 102,2026,5,1714,1299,1113
Line 105,2018,4,10446,10835,7976
Line 105,2018,5,10599,10349,7918
Line 105,2018,6,10100,10102,8313
Line 105,2018,7,9639,10155,7800
Line 105,2018,8,10246,10111,8004
Line 105,2018,9,10710,10621,8115
Line 105,2018,10,10931,10317,8001
Line 105,2018,11,10307,10476,8061
Line 105,2018,12,9712,10720,7454
Line 105,2019,1,9457,9108,7051
Line 105,2019,2,9915,8850,6979
Line 105,2019,3,10262,9440,8025
Line 105,2019,4,10247,10446,7525
Line 105,2019,5,10453,10400,7613
Line 105,2019,6,10242,10282,8282
Line 105,2019,7,9607,10091,7993
Line 105,2019,8,9902,10227,8235
Line 105,2019,9,10602,10309,8136
Line 105,2019,10,10599,10841,8348
Line 105,2019,11,9948,10142,7145
Line 105,2019,12,9451,10271,6895
Line 105,2020,1,9646,10073,7265
Line 105,2020,2,10385,10135,7761
Line 105,2020,3,6866,6886,5637
Line 105,2020,4,3373,3818,2924
Line 105,2020,5,4186,4959,3971
Line 105,2020,6,5600,6323,4821
Line 105,2020,7,7087,6910,6264
Line 105,2020,8,7225,7091,5384
Line 105,2020,9,7512,7281,5463
Line 105,2020,10,7602,7286,5610
Line 105,2020,11,7656,7203,5279
Line 105,2020,12,8183,6775,4785
Line 105,2021,1,8443,6106,4675
Line 105,2021,2,9378,7163,5285
Line 105,2021,3,9920,7640,5824
Line 105,2021,4,11150,8298,6288
Line 105,2021,5,11536,8725,6479
Line 105,2021,6,12101,8953,6672
Line 105,2021,7,12373,9249,7442
Line 105,2021,8,13208,9337,7556
Line 105,2021,9,13902,9358,7757
Line 105,2021,10,14138,9664,7864
Line 105,2021,11,13967,9474,7915
Line 105,2021,12,12315,0,6790
Line 105,2022,1,11323,7796,6239
Line 105,2022,2,11889,8066,6304
Line 105,2022,3,12601,8841,7065
Line 105,2022,4,12832,8902,7193
Line 105,2022,5,13321,8739,7425
Line 105,2022,6,13091,9233,7646
Line 105,2022,7,12870,9171,7454
Line 105,2022,8,13353,9255,7222
Line 105,2022,9,14177,9355,7637
Line 105,2022,10,14380,9626,7914
Line 105,2022,11,13641,9464,7586
Line 105,2022,12,13160,8789,6884
Line 105,2023,1,12847,8207,7247
Line 105,2023,2,13731,8574,7292
Line 105,2023,3,12993,9313,7320
Line 105,2023,4,13719,9562,7777
Line 105,2023,5,14313,9591,7873
Line 105,2023,6,13745,9708,8225
Line 105,2023,7,13435,9117,7599
Line 105,2023,8,14196,9761,7134
Line 105,2023,9,14797,9604,8288
Line 105,2023,10,14852,9437,8140
Line 105,2023,11,14111,9474,7928
Line 105,2023,12,13552,9619,7451
Line 105,2024,1,13897,8956,7527
Line 105,2024,2,13649,10151,7449
Line 105,2024,3,14733,8856,8378
Line 105,2024,4,14847,9632,7989
Line 105,2024,5,15221,10023,8247
Line 105,2024,6,14559,10166,8400
Line 105,2024,7,13843,9870,8216
Line 105,2024,8,14734,9994,8686
Line 105,2024,9,15315,9829,8524
Line 105,2024,10,15445,9863,8391
Line 105,2024,11,14634,9720,8219
Line 105,2024,12,14051,9922,8040
Line 105,2025,1,14231,9701,7622
Line 105,2025,2,14286,10072,8610
Line 105,2025,3,14640,10158,8274
Line 105,2025,4,14693,9760,8325
Line 105,2025,5,15177,9848,8492
Line 105,2025,6,13077,8718,8318
Line 105,2025,7,12261,8423,7372
Line 105,2025,8,13528,9465,8136
Line 105,2025,9,14675,9495,8133
Line 105,2025,10,14300,9554,8578
Line 105,2025,11,13287,8717,7506
Line 105,2025,12,13395,9110,7798
Line 105,2026,1,13469,8542,7179
Line 105,2026,2,13672,9363,7857
Line 105,2026,3,14346,9400,8557
Line 105,2026,4,14093,9248,7967
Line 105,2026,5,14797,10006,8752
Line 106,2018,4,419,null,null
Line 106,2018,5,424,null,null
Line 106,2018,6,377,null,null
Line 106,2018,7,342,0,0
Line 106,2018,8,385,0,0
Line 106,2018,9,464,0,0
Line 106,2018,10,473,0,0
Line 106,2018,11,425,0,0
Line 106,2018,12,347,0,0
Line 106,2019,1,313,0,0
Line 106,2019,2,407,0,0
Line 106,2019,3,420,0,0
Line 106,2019,4,409,0,0
Line 106,2019,5,436,0,0
Line 106,2019,6,398,0,0
Line 106,2019,7,379,0,0
Line 106,2019,8,380,0,0
Line 106,2019,9,506,0,0
Line 106,2019,10,508,0,0
Line 106,2019,11,445,0,0
Line 106,2019,12,360,0,0
Line 106,2020,1,378,0,0
Line 106,2020,2,453,0,0
Line 106,2020,3,282,0,0
Line 106,2020,4,120,0,0
Line 106,2020,5,0,0,0
Line 106,2020,6,0,0,0
Line 106,2020,7,0,0,0
Line 106,2020,8,0,0,0
Line 106,2020,9,0,0,0
Line 106,2020,10,0,0,0
Line 106,2020,11,0,0,0
Line 106,2020,12,175,0,0
Line 106,2021,1,174,0,0
Line 106,2021,2,187,0,0
Line 106,2021,3,190,0,0
Line 106,2021,4,257,0,0
Line 106,2021,5,263,0,0
Line 106,2021,6,252,0,0
Line 106,2021,7,1968,1280,1030
Line 106,2021,8,2340,1408,1212
Line 106,2021,9,2775,1427,1083
Line 106,2021,10,3019,1570,1243
Line 106,2021,11,3036,1670,1217
Line 106,2021,12,2581,0,1338
Line 106,2022,1,2442,1309,1222
Line 106,2022,2,2968,1564,1286
Line 106,2022,3,3266,1645,1351
Line 106,2022,4,3446,1778,1338
Line 106,2022,5,3536,1902,1503
Line 106,2022,6,3440,1866,1639
Line 106,2022,7,3438,1924,1538
Line 106,2022,8,3750,1983,1523
Line 106,2022,9,4137,1960,1724
Line 106,2022,10,4314,2004,1817
Line 106,2022,11,3832,2012,1657
Line 106,2022,12,3592,1820,1587
Line 106,2023,1,3414,1940,1482
Line 106,2023,2,3802,2144,1751
Line 106,2023,3,3515,1983,1739
Line 106,2023,4,3927,2144,1798
Line 106,2023,5,3909,1949,1690
Line 106,2023,6,3592,1883,1714
Line 106,2023,7,3591,2196,1715
Line 106,2023,8,3870,2081,1601
Line 106,2023,9,4234,2160,1837
Line 106,2023,10,4355,2132,1729
Line 106,2023,11,4042,2119,1668
Line 106,2023,12,3707,2025,1644
Line 106,2024,1,3586,1947,1588
Line 106,2024,2,3680,2103,1710
Line 106,2024,3,4118,1860,1820
Line 106,2024,4,4185,2146,1752
Line 106,2024,5,4252,2240,1874
Line 106,2024,6,3988,2257,1877
Line 106,2024,7,3770,2169,1865
Line 106,2024,8,4205,2275,1974
Line 106,2024,9,4724,2345,2069
Line 106,2024,10,4669,2297,1904
Line 106,2024,11,4410,2284,1812
Line 106,2024,12,4008,2380,1817
Line 106,2025,1,3919,2174,1726
Line 106,2025,2,4147,2303,1966
Line 106,2025,3,4212,2306,1778
Line 106,2025,4,4179,2228,1847
Line 106,2025,5,4261,2260,1950
Line 106,2025,6,3527,1986,1716
Line 106,2025,7,3449,1870,1508
Line 106,2025,8,3740,1941,1667
Line 106,2025,9,4168,1951,1718
Line 106,2025,10,4162,2116,1683
Line 106,2025,11,3769,1907,1693
Line 106,2025,12,4062,1706,1061
Line 108,2018,4,15528,9464,6272
Line 108,2018,5,15497,9086,6307
Line 108,2018,6,15228,9241,6499
Line 108,2018,7,14513,8909,6313
Line 108,2018,8,15475,9437,6549
Line 108,2018,9,16069,9354,6348
Line 108,2018,10,16046,9064,6370
Line 108,2018,11,15286,9194,6345
Line 108,2018,12,14254,9494,5903
Line 108,2019,1,14171,8063,5583
Line 108,2019,2,14798,7976,5319
Line 108,2019,3,14844,8594,5962
Line 108,2019,4,14676,8779,6035
Line 108,2019,5,15209,8863,5956
Line 108,2019,6,15121,9390,6268
Line 108,2019,7,14438,8877,6128
Line 108,2019,8,15040,9346,6676
Line 108,2019,9,15931,9201,6385
Line 108,2019,10,16001,9516,6313
Line 108,2019,11,15037,9280,5881
Line 108,2019,12,14388,9048,5634
Line 108,2020,1,14970,8964,5607
Line 108,2020,2,15780,9279,6002
Line 108,2020,3,10495,6061,4545
Line 108,2020,4,5108,3706,2450
Line 108,2020,5,5987,4296,3267
Line 108,2020,6,6987,5445,3950
Line 108,2020,7,7380,5446,4798
Line 108,2020,8,7717,5338,3881
Line 108,2020,9,8056,5593,4013
Line 108,2020,10,8219,5798,4297
Line 108,2020,11,8008,5350,3950
Line 108,2020,12,7343,5100,3396
Line 108,2021,1,6781,4635,3308
Line 108,2021,2,7302,5026,3472
Line 108,2021,3,7780,5553,4026
Line 108,2021,4,8539,5799,4299
Line 108,2021,5,8967,6153,4592
Line 108,2021,6,9419,6543,4778
Line 108,2021,7,10392,7033,5402
Line 108,2021,8,11298,7452,5034
Line 108,2021,9,11450,7204,5204
Line 108,2021,10,12175,7751,5393
Line 108,2021,11,12000,7924,5451
Line 108,2021,12,10614,0,4952
Line 108,2022,1,9701,6234,4221
Line 108,2022,2,10879,6752,4448
Line 108,2022,3,11860,7398,5050
Line 108,2022,4,11958,7568,5048
Line 108,2022,5,12495,7557,5450
Line 108,2022,6,12219,7630,5471
Line 108,2022,7,11425,7507,5600
Line 108,2022,8,12087,7698,5260
Line 108,2022,9,12869,7831,5501
Line 108,2022,10,13414,8215,5573
Line 108,2022,11,12619,8056,5729
Line 108,2022,12,12492,7340,5349
Line 108,2023,1,12238,7514,5557
Line 108,2023,2,13179,7376,5966
Line 108,2023,3,12868,8251,6057
Line 108,2023,4,13523,8431,6305
Line 108,2023,5,13751,8475,6454
Line 108,2023,6,13425,8613,6151
Line 108,2023,7,12898,8487,6350
Line 108,2023,8,14050,8733,6178
Line 108,2023,9,14901,8514,7046
Line 108,2023,10,14834,9060,6719
Line 108,2023,11,14451,8620,6676
Line 108,2023,12,13852,8453,6106
Line 108,2024,1,13766,8147,5887
Line 108,2024,2,13368,8678,6152
Line 108,2024,3,14496,7759,6600
Line 108,2024,4,14614,8556,6612
Line 108,2024,5,14705,8710,6901
Line 108,2024,6,14635,8402,7361
Line 108,2024,7,13722,8567,6762
Line 108,2024,8,14396,8777,6401
Line 108,2024,9,14961,8516,6897
Line 108,2024,10,15148,8802,6854
Line 108,2024,11,14581,9130,6928
Line 108,2024,12,14184,9294,6488
Line 108,2025,1,14646,8807,6515
Line 108,2025,2,14398,9575,7343
Line 108,2025,3,14684,9566,7025
Line 108,2025,4,15412,9290,7358
Line 108,2025,5,15830,9735,7539
Line 108,2025,6,13389,8045,7074
Line 108,2025,7,12718,7947,6468
Line 108,2025,8,13992,8598,7065
Line 108,2025,9,14629,8972,7096
Line 108,2025,10,14970,9328,7144
Line 108,2025,11,13970,8198,6794
Line 108,2025,12,13926,9727,7011
Line 108,2026,1,13941,8349,6279
Line 108,2026,2,13997,9037,7144
Line 108,2026,3,15011,9392,7390
Line 108,2026,4,14798,9003,6952
Line 108,2026,5,15069,9422,7260
Line 110,2018,4,8627,5009,3304
Line 110,2018,5,8806,4777,3158
Line 110,2018,6,8259,4899,3336
Line 110,2018,7,7737,4621,3211
Line 110,2018,8,8404,4945,3266
Line 110,2018,9,9108,4949,3274
Line 110,2018,10,9025,4543,3119
Line 110,2018,11,8333,4842,3253
Line 110,2018,12,7506,4683,2905
Line 110,2019,1,7324,4039,2739
Line 110,2019,2,7830,3915,2566
Line 110,2019,3,8054,4283,3047
Line 110,2019,4,7973,4578,3109
Line 110,2019,5,8260,4476,2907
Line 110,2019,6,7720,4481,3111
Line 110,2019,7,7255,4379,2938
Line 110,2019,8,7645,4516,3151
Line 110,2019,9,8354,4384,3062
Line 110,2019,10,8336,4522,2946
Line 110,2019,11,7640,4539,2787
Line 110,2019,12,7241,4428,2810
Line 110,2020,1,7511,4519,2741
Line 110,2020,2,8218,4565,2901
Line 110,2020,3,5071,2853,2260
Line 110,2020,4,2132,1555,1133
Line 110,2020,5,2389,1938,1480
Line 110,2020,6,2997,2425,1900
Line 110,2020,7,3140,2469,2415
Line 110,2020,8,3351,2663,1923
Line 110,2020,9,3448,2708,1809
Line 110,2020,10,3473,2846,2055
Line 110,2020,11,3412,2428,1927
Line 110,2020,12,3128,2360,1697
Line 110,2021,1,2785,2098,1571
Line 110,2021,2,3026,2168,1560
Line 110,2021,3,3310,2621,1983
Line 110,2021,4,3696,2759,2195
Line 110,2021,5,3870,3055,2210
Line 110,2021,6,4080,3206,2466
Line 110,2021,7,4046,2896,2309
Line 110,2021,8,4486,3073,2219
Line 110,2021,9,5397,3140,2399
Line 110,2021,10,6271,3595,2747
Line 110,2021,11,6470,3704,2735
Line 110,2021,12,5501,0,2623
Line 110,2022,1,5241,2922,2318
Line 110,2022,2,5744,3020,2329
Line 110,2022,3,5855,3176,2560
Line 110,2022,4,5933,3367,2502
Line 110,2022,5,6306,3454,2714
Line 110,2022,6,6001,3312,2694
Line 110,2022,7,5672,3594,2578
Line 110,2022,8,5994,3601,2744
Line 110,2022,9,6437,3429,2692
Line 110,2022,10,6671,3572,2916
Line 110,2022,11,5927,3501,2738
Line 110,2022,12,5902,3216,2488
Line 110,2023,1,6067,3294,2469
Line 110,2023,2,6657,3357,2817
Line 110,2023,3,6455,3532,2671
Line 110,2023,4,6963,3865,3006
Line 110,2023,5,7245,3883,2946
Line 110,2023,6,6800,4105,3059
Line 110,2023,7,6585,4088,3032
Line 110,2023,8,7195,4283,2855
Line 110,2023,9,7736,4036,3261
Line 110,2023,10,8077,4260,3378
Line 110,2023,11,7576,4140,3062
Line 110,2023,12,7136,4009,2932
Line 110,2024,1,7140,3685,2823
Line 110,2024,2,7075,4376,2938
Line 110,2024,3,7923,3656,3243
Line 110,2024,4,8143,4330,3257
Line 110,2024,5,8084,4451,3268
Line 110,2024,6,7568,4296,3399
Line 110,2024,7,7240,4346,3171
Line 110,2024,8,7955,4525,3386
Line 110,2024,9,8457,4497,3390
Line 110,2024,10,8567,4782,3656
Line 110,2024,11,8072,4390,3438
Line 110,2024,12,7420,4437,3251
Line 110,2025,1,7774,4158,3153
Line 110,2025,2,7776,4516,3545
Line 110,2025,3,8044,4620,3614
Line 110,2025,4,8214,4446,3687
Line 110,2025,5,8520,4293,3636
Line 110,2025,6,6811,3761,3523
Line 110,2025,7,6387,3590,3034
Line 110,2025,8,7257,4031,3391
Line 110,2025,9,8175,4190,3294
Line 110,2025,10,8326,4331,3385
Line 110,2025,11,7366,3528,3162
Line 110,2025,12,7233,4328,3281
Line 110,2026,1,7257,3681,2839
Line 110,2026,2,7675,4214,3375
Line 110,2026,3,7961,4244,3420
Line 110,2026,4,7898,4203,3083
Line 110,2026,5,8224,4233,3264
Line 111,2018,4,15845,11553,9813
Line 111,2018,5,15950,11165,9560
Line 111,2018,6,15381,11115,9995
Line 111,2018,7,14428,10771,9240
Line 111,2018,8,15394,11571,9482
Line 111,2018,9,16199,11421,9456
Line 111,2018,10,16213,11158,9739
Line 111,2018,11,15354,11512,9337
Line 111,2018,12,14078,11222,8499
Line 111,2019,1,13949,9940,8516
Line 111,2019,2,14625,9619,8204
Line 111,2019,3,15057,10457,9060
Line 111,2019,4,15309,11041,9091
Line 111,2019,5,15472,10938,8650
Line 111,2019,6,15167,10783,9101
Line 111,2019,7,14100,10408,8626
Line 111,2019,8,14617,11274,9141
Line 111,2019,9,15733,11031,9258
Line 111,2019,10,15653,11097,9269
Line 111,2019,11,14726,10684,8537
Line 111,2019,12,13889,10532,8002
Line 111,2020,1,14515,10693,8146
Line 111,2020,2,15313,10930,8616
Line 111,2020,3,10238,7322,6902
Line 111,2020,4,5495,4827,3667
Line 111,2020,5,7283,6191,5187
Line 111,2020,6,8256,7759,6449
Line 111,2020,7,9388,8108,8200
Line 111,2020,8,10073,8730,7113
Line 111,2020,9,10035,8883,7079
Line 111,2020,10,10329,8964,7502
Line 111,2020,11,9951,8457,7349
Line 111,2020,12,8292,7602,5629
Line 111,2021,1,7688,6531,5175
Line 111,2021,2,8276,7568,6096
Line 111,2021,3,9088,8124,6776
Line 111,2021,4,9737,8516,6569
Line 111,2021,5,9930,8451,6617
Line 111,2021,6,10295,8532,6107
Line 111,2021,7,11128,8901,7440
Line 111,2021,8,11851,8843,7680
Line 111,2021,9,12243,9021,7519
Line 111,2021,10,12735,9123,7099
Line 111,2021,11,12763,9134,6963
Line 111,2021,12,10675,0,5785
Line 111,2022,1,9643,6923,5171
Line 111,2022,2,10840,7351,5807
Line 111,2022,3,11378,8462,6958
Line 111,2022,4,11418,8361,7059
Line 111,2022,5,11690,8586,6994
Line 111,2022,6,11731,8672,7102
Line 111,2022,7,11797,8779,6959
Line 111,2022,8,12440,9241,7316
Line 111,2022,9,13382,8807,7316
Line 111,2022,10,13781,9070,7333
Line 111,2022,11,12877,8723,7085
Line 111,2022,12,12293,8636,6687
Line 111,2023,1,12122,8242,7192
Line 111,2023,2,12881,8483,7753
Line 111,2023,3,12422,9120,7199
Line 111,2023,4,13517,9962,7878
Line 111,2023,5,13880,9736,7983
Line 111,2023,6,13783,10081,7765
Line 111,2023,7,13068,9666,7941
Line 111,2023,8,13769,10098,7188
Line 111,2023,9,14819,10059,8436
Line 111,2023,10,14945,10223,8398
Line 111,2023,11,14005,9377,7852
Line 111,2023,12,13523,9675,7507
Line 111,2024,1,13691,9165,7365
Line 111,2024,2,13410,10205,7837
Line 111,2024,3,14638,8842,8231
Line 111,2024,4,15003,10213,8368
Line 111,2024,5,15537,10682,8830
Line 111,2024,6,14749,10462,8735
Line 111,2024,7,13952,9924,8428
Line 111,2024,8,14686,10368,8726
Line 111,2024,9,15473,10315,8771
Line 111,2024,10,15881,10600,8862
Line 111,2024,11,15033,10488,8645
Line 111,2024,12,14026,10504,8061
Line 111,2025,1,14370,10306,7959
Line 111,2025,2,14304,10567,8451
Line 111,2025,3,14279,10771,8494
Line 111,2025,4,14999,10337,8633
Line 111,2025,5,15501,10585,8832
Line 111,2025,6,13148,8807,8385
Line 111,2025,7,11988,8275,7164
Line 111,2025,8,13065,8979,7644
Line 111,2025,9,14079,9324,7864
Line 111,2025,10,14054,9425,7844
Line 111,2025,11,12993,8550,7392
Line 111,2025,12,12691,9191,7561
Line 111,2026,1,12632,8204,6769
Line 111,2026,2,12991,8758,7663
Line 111,2026,3,13643,9236,7947
Line 111,2026,4,13701,9284,7630
Line 111,2026,5,14291,9315,8131
Line 115,2018,4,14897,9177,6747
Line 115,2018,5,15166,8980,6642
Line 115,2018,6,13998,8874,6680
Line 115,2018,7,13735,8815,6775
Line 115,2018,8,14450,9236,7321
Line 115,2018,9,15149,9364,7301
Line 115,2018,10,15324,8813,7252
Line 115,2018,11,14423,8933,6864
Line 115,2018,12,13455,9170,6621
Line 115,2019,1,12959,8096,6393
Line 115,2019,2,13971,7782,5901
Line 115,2019,3,14076,8236,6485
Line 115,2019,4,14180,8686,6598
Line 115,2019,5,14635,8808,6333
Line 115,2019,6,14107,8691,6901
Line 115,2019,7,13193,8559,6540
Line 115,2019,8,13707,9017,7105
Line 115,2019,9,14993,8883,7019
Line 115,2019,10,14811,8831,6894
Line 115,2019,11,13956,8967,6297
Line 115,2019,12,13203,8840,6262
Line 115,2020,1,13443,8281,6389
Line 115,2020,2,14709,9094,6714
Line 115,2020,3,9545,5846,5001
Line 115,2020,4,4335,3637,3043
Line 115,2020,5,5251,4582,3834
Line 115,2020,6,6020,5030,4454
Line 115,2020,7,6478,5526,5268
Line 115,2020,8,6659,5571,4486
Line 115,2020,9,6975,5633,4636
Line 115,2020,10,7139,6079,4905
Line 115,2020,11,7020,5513,4536
Line 115,2020,12,6209,5502,3993
Line 115,2021,1,5368,4453,3940
Line 115,2021,2,6010,4734,3907
Line 115,2021,3,6849,5933,4699
Line 115,2021,4,7450,5995,4711
Line 115,2021,5,7566,5708,4494
Line 115,2021,6,7870,6580,4470
Line 115,2021,7,8211,6450,4877
Line 115,2021,8,8797,6765,5020
Line 115,2021,9,9104,6172,4932
Line 115,2021,10,9551,6423,5053
Line 115,2021,11,9693,5771,4602
Line 115,2021,12,8252,0,4686
Line 115,2022,1,7222,4959,4004
Line 115,2022,2,8261,5477,4130
Line 115,2022,3,8795,5656,4446
Line 115,2022,4,8647,6026,4497
Line 115,2022,5,9262,6163,4879
Line 115,2022,6,8761,6202,4927
Line 115,2022,7,8356,6471,4878
Line 115,2022,8,9053,6592,4732
Line 115,2022,9,10082,6587,5274
Line 115,2022,10,10550,7056,5687
Line 115,2022,11,9540,6673,5171
Line 115,2022,12,9158,6340,5129
Line 115,2023,1,9132,5793,5152
Line 115,2023,2,9942,6086,5296
Line 115,2023,3,9776,6868,5201
Line 115,2023,4,10268,7508,5687
Line 115,2023,5,10760,7342,5791
Line 115,2023,6,10278,7663,6095
Line 115,2023,7,9744,7413,5685
Line 115,2023,8,10899,7838,5153
Line 115,2023,9,11743,7499,6450
Line 115,2023,10,12197,7790,6718
Line 115,2023,11,11285,7466,6230
Line 115,2023,12,10770,7628,5749
Line 115,2024,1,10781,7020,5576
Line 115,2024,2,10697,7878,5636
Line 115,2024,3,11792,6976,6159
Line 115,2024,4,11942,8081,6048
Line 115,2024,5,12339,8079,6388
Line 115,2024,6,11595,8075,6845
Line 115,2024,7,11168,8345,6582
Line 115,2024,8,12256,8692,6959
Line 115,2024,9,12971,8324,6863
Line 115,2024,10,13158,8451,7158
Line 115,2024,11,12279,8109,6680
Line 115,2024,12,11467,7975,6660
Line 115,2025,1,11837,7551,5974
Line 115,2025,2,11563,8122,6651
Line 115,2025,3,12015,8277,6403
Line 115,2025,4,12251,7747,6412
Line 115,2025,5,12915,8225,6672
Line 115,2025,6,10797,7020,6262
Line 115,2025,7,10436,7138,5821
Line 115,2025,8,11834,8072,6294
Line 115,2025,9,12508,7824,7033
Line 115,2025,10,12422,7699,6376
Line 115,2025,11,11293,6725,6290
Line 115,2025,12,11052,7831,5876
Line 115,2026,1,11115,7136,5617
Line 115,2026,2,11429,7632,6081
Line 115,2026,3,12016,7615,6368
Line 115,2026,4,11916,7746,5932
Line 115,2026,5,12597,7975,6276
Line 117,2018,4,9091,5797,4557
Line 117,2018,5,9263,5959,4562
Line 117,2018,6,8726,5881,4674
Line 117,2018,7,8179,5875,4755
Line 117,2018,8,8893,6196,4861
Line 117,2018,9,9510,6086,4903
Line 117,2018,10,9695,6083,4803
Line 117,2018,11,8989,6019,4725
Line 117,2018,12,8067,5911,4250
Line 117,2019,1,7924,5121,4176
Line 117,2019,2,8592,5039,3929
Line 117,2019,3,8681,5342,4391
Line 117,2019,4,8728,5709,4329
Line 117,2019,5,9023,5952,4242
Line 117,2019,6,8512,5854,4493
Line 117,2019,7,8157,5935,4493
Line 117,2019,8,8595,6146,4667
Line 117,2019,9,9282,5981,4647
Line 117,2019,10,9375,5986,4633
Line 117,2019,11,8505,5882,4036
Line 117,2019,12,8121,5517,3913
Line 117,2020,1,8465,5667,4215
Line 117,2020,2,9074,5913,4261
Line 117,2020,3,5968,3770,3317
Line 117,2020,4,2707,2307,1821
Line 117,2020,5,3239,2875,2369
Line 117,2020,6,3832,3567,2746
Line 117,2020,7,4089,3411,3453
Line 117,2020,8,4169,3698,2897
Line 117,2020,9,4379,3638,2967
Line 117,2020,10,4476,3929,3168
Line 117,2020,11,4452,3524,2856
Line 117,2020,12,3865,3528,2433
Line 117,2021,1,3153,2944,2225
Line 117,2021,2,3601,3256,2293
Line 117,2021,3,4160,3650,2866
Line 117,2021,4,4663,3993,3091
Line 117,2021,5,4771,3989,3094
Line 117,2021,6,5100,4232,2646
Line 117,2021,7,5348,4209,3419
Line 117,2021,8,5426,4315,3327
Line 117,2021,9,6000,4170,3582
Line 117,2021,10,6661,4196,3839
Line 117,2021,11,6765,4204,3341
Line 117,2021,12,5774,0,2743
Line 117,2022,1,4894,2923,2350
Line 117,2022,2,5557,3661,2834
Line 117,2022,3,5698,3766,3023
Line 117,2022,4,5776,3887,3161
Line 117,2022,5,6061,3776,3265
Line 117,2022,6,5899,3723,3054
Line 117,2022,7,5912,4277,3301
Line 117,2022,8,6310,4665,3548
Line 117,2022,9,6883,4547,3824
Line 117,2022,10,7031,4624,3991
Line 117,2022,11,6281,4196,3714
Line 117,2022,12,6301,4075,3459
Line 117,2023,1,6402,4169,3678
Line 117,2023,2,6930,4336,3778
Line 117,2023,3,6728,4557,3758
Line 117,2023,4,7279,5004,4070
Line 117,2023,5,7657,4984,4039
Line 117,2023,6,7203,5058,3995
Line 117,2023,7,7193,5027,4243
Line 117,2023,8,7964,5599,4019
Line 117,2023,9,8402,5342,4802
Line 117,2023,10,8586,5399,4773
Line 117,2023,11,8096,5172,4628
Line 117,2023,12,7646,5325,4188
Line 117,2024,1,7738,4862,4105
Line 117,2024,2,7643,5556,4006
Line 117,2024,3,8322,4574,4290
Line 117,2024,4,8577,5457,4271
Line 117,2024,5,8705,5551,4676
Line 117,2024,6,8359,5597,4690
Line 117,2024,7,8113,5587,4526
Line 117,2024,8,8919,6257,5138
Line 117,2024,9,9640,6128,5197
Line 117,2024,10,9748,6163,5294
Line 117,2024,11,9205,6020,5117
Line 117,2024,12,8606,5666,4800
Line 117,2025,1,8632,5355,4205
Line 117,2025,2,8571,5636,4709
Line 117,2025,3,8568,5653,4572
Line 117,2025,4,8981,5485,4409
Line 117,2025,5,9396,5754,4792
Line 117,2025,6,7969,5079,4573
Line 117,2025,7,7744,5076,4274
Line 117,2025,8,8712,5773,4632
Line 117,2025,9,9088,5417,4835
Line 117,2025,10,9149,5536,4792
Line 117,2025,11,8425,5191,4651
Line 117,2025,12,8289,5615,4228
Line 117,2026,1,8251,4907,4119
Line 117,2026,2,8558,5513,4534
Line 117,2026,3,8928,5241,4340
Line 117,2026,4,8871,5255,4285
Line 117,2026,5,8979,5481,4420
Line 120,2018,4,3874,2015,1630
Line 120,2018,5,3922,1865,1643
Line 120,2018,6,3727,1845,1655
Line 120,2018,7,3415,1881,1553
Line 120,2018,8,3882,2007,1649
Line 120,2018,9,4140,2011,1654
Line 120,2018,10,4070,1767,1575
Line 120,2018,11,3705,1874,1569
Line 120,2018,12,3266,1849,1495
Line 120,2019,1,3401,1672,1500
Line 120,2019,2,3420,1608,1272
Line 120,2019,3,3512,1715,1507
Line 120,2019,4,3562,1903,1547
Line 120,2019,5,3578,1995,1472
Line 120,2019,6,3481,1872,1594
Line 120,2019,7,3459,1922,1649
Line 120,2019,8,3652,2075,1765
Line 120,2019,9,4038,2131,1719
Line 120,2019,10,4066,2035,1700
Line 120,2019,11,3697,1837,1561
Line 120,2019,12,3295,1860,1406
Line 120,2020,1,3480,1803,1399
Line 120,2020,2,3714,1875,1483
Line 120,2020,3,2315,1274,1150
Line 120,2020,4,1174,887,689
Line 120,2020,5,1131,976,878
Line 120,2020,6,1373,1096,968
Line 120,2020,7,1455,1158,1215
Line 120,2020,8,1459,1153,1049
Line 120,2020,9,1541,1205,1108
Line 120,2020,10,1552,1231,1138
Line 120,2020,11,1506,1225,1051
Line 120,2020,12,1393,1210,921
Line 120,2021,1,1384,1089,935
Line 120,2021,2,1512,1312,1205
Line 120,2021,3,1504,1355,1142
Line 120,2021,4,1676,1381,1203
Line 120,2021,5,1711,1460,1196
Line 120,2021,6,1733,1502,1373
Line 120,2021,7,1829,1583,1392
Line 120,2021,8,1960,1527,1305
Line 120,2021,9,2308,1510,1267
Line 120,2021,10,2424,1733,1387
Line 120,2021,11,2418,1631,1323
Line 120,2021,12,2196,0,1244
Line 120,2022,1,2135,1278,1128
Line 120,2022,2,2146,1400,1183
Line 120,2022,3,1762,1403,1214
Line 120,2022,4,1855,1509,1322
Line 120,2022,5,1863,1435,1229
Line 120,2022,6,1867,1432,1337
Line 120,2022,7,1991,1549,1278
Line 120,2022,8,2109,1450,1345
Line 120,2022,9,2222,1486,1200
Line 120,2022,10,2351,1471,1355
Line 120,2022,11,2114,1241,1189
Line 120,2022,12,2115,1419,1145
Line 120,2023,1,2166,1175,1136
Line 120,2023,2,2341,1255,1287
Line 120,2023,3,2328,1557,1271
Line 120,2023,4,2539,1665,1394
Line 120,2023,5,2647,1607,1488
Line 120,2023,6,2598,1593,1581
Line 120,2023,7,2718,1660,1404
Line 120,2023,8,2966,1878,1431
Line 120,2023,9,3162,1563,1648
Line 120,2023,10,3122,1903,1475
Line 120,2023,11,3014,1700,1473
Line 120,2023,12,2864,1743,1415
Line 120,2024,1,2886,1554,1418
Line 120,2024,2,2784,1750,1549
Line 120,2024,3,3135,1469,1565
Line 120,2024,4,3066,1648,1674
Line 120,2024,5,3064,1711,1627
Line 120,2024,6,3047,1706,1568
Line 120,2024,7,2945,1810,1662
Line 120,2024,8,3150,1852,1787
Line 120,2024,9,3279,1919,1722
Line 120,2024,10,3295,1901,1803
Line 120,2024,11,3090,1855,1668
Line 120,2024,12,2835,1619,1551
Line 120,2025,1,2896,1572,1347
Line 120,2025,2,2757,1852,1401
Line 120,2025,3,2798,1770,1530
Line 120,2025,4,2874,1687,1622
Line 120,2025,5,2923,1787,1588
Line 120,2025,6,2624,1715,1519
Line 120,2025,7,2837,1668,1531
Line 120,2025,8,3303,1954,1687
Line 120,2025,9,3439,2045,1814
Line 120,2025,10,3344,2066,1766
Line 120,2025,11,3143,1856,1712
Line 120,2025,12,3084,1764,1493
Line 120,2026,1,3092,1746,1506
Line 120,2026,2,3168,1887,1642
Line 120,2026,3,3395,1976,1561
Line 120,2026,4,3336,2220,1819
Line 120,2026,5,3534,2113,1839
Line 125,2018,4,4821,2549,1734
Line 125,2018,5,4835,2516,1783
Line 125,2018,6,4443,2423,1824
Line 125,2018,7,4090,2347,1817
Line 125,2018,8,4319,2563,1766
Line 125,2018,9,4938,2363,1773
Line 125,2018,10,4887,2260,2020
Line 125,2018,11,4716,2582,1907
Line 125,2018,12,4209,2660,1605
Line 125,2019,1,4244,2262,1554
Line 125,2019,2,4429,2177,1606
Line 125,2019,3,4592,2271,1673
Line 125,2019,4,4717,2574,1751
Line 125,2019,5,4712,2558,1764
Line 125,2019,6,4348,2596,1874
Line 125,2019,7,3915,2561,1837
Line 125,2019,8,4278,2757,1917
Line 125,2019,9,4923,2737,2003
Line 125,2019,10,5102,2700,1895
Line 125,2019,11,4540,2539,1663
Line 125,2019,12,3887,2532,1622
Line 125,2020,1,4293,2415,1565
Line 125,2020,2,4510,2662,1756
Line 125,2020,3,2960,1697,1135
Line 125,2020,4,1549,1158,723
Line 125,2020,5,1378,1182,1038
Line 125,2020,6,1853,1288,987
Line 125,2020,7,1736,1544,1192
Line 125,2020,8,1866,1317,1193
Line 125,2020,9,1985,1477,1097
Line 125,2020,10,1980,1668,1153
Line 125,2020,11,1897,1560,1267
Line 125,2020,12,1874,1372,1083
Line 125,2021,1,1691,1453,1121
Line 125,2021,2,1915,1630,1290
Line 125,2021,3,1985,1537,1408
Line 125,2021,4,2269,1578,1313
Line 125,2021,5,2345,1738,1486
Line 125,2021,6,2341,1866,1355
Line 125,2021,7,3197,2243,1849
Line 125,2021,8,3676,2515,2351
Line 125,2021,9,4171,2271,2165
Line 125,2021,10,4110,2686,2439
Line 125,2021,11,4149,2575,2303
Line 125,2021,12,3572,0,1904
Line 125,2022,1,3438,1899,1726
Line 125,2022,2,3621,2072,1530
Line 125,2022,3,3708,2230,1832
Line 125,2022,4,3968,2438,1947
Line 125,2022,5,4133,2331,2075
Line 125,2022,6,4248,2497,2086
Line 125,2022,7,3514,2346,2006
Line 125,2022,8,3556,2770,2138
Line 125,2022,9,4204,2279,1770
Line 125,2022,10,4325,2231,2151
Line 125,2022,11,3843,2194,2004
Line 125,2022,12,3774,1958,1795
Line 125,2023,1,3516,2249,1755
Line 125,2023,2,3903,2334,1895
Line 125,2023,3,3837,2215,1940
Line 125,2023,4,4340,2505,2184
Line 125,2023,5,4365,2429,2241
Line 125,2023,6,4140,2679,2265
Line 125,2023,7,3978,2454,2094
Line 125,2023,8,4366,2754,2133
Line 125,2023,9,4908,2469,2350
Line 125,2023,10,4976,2753,2441
Line 125,2023,11,4699,2680,2247
Line 125,2023,12,4537,2704,2014
Line 125,2024,1,4627,2465,2104
Line 125,2024,2,4511,2838,2243
Line 125,2024,3,5083,2581,2220
Line 125,2024,4,5120,2855,2407
Line 125,2024,5,5270,2889,2468
Line 125,2024,6,4843,2909,2468
Line 125,2024,7,4496,3010,2414
Line 125,2024,8,5044,3236,2598
Line 125,2024,9,5447,3105,2600
Line 125,2024,10,5494,3037,2783
Line 125,2024,11,5096,2727,2436
Line 125,2024,12,4959,2771,2391
Line 125,2025,1,5171,2856,2132
Line 125,2025,2,5149,3148,2542
Line 125,2025,3,5240,3021,2544
Line 125,2025,4,5383,2917,2606
Line 125,2025,5,5592,2990,2598
Line 125,2025,6,4628,2603,2349
Line 125,2025,7,4239,2509,2147
Line 125,2025,8,4910,2841,2454
Line 125,2025,9,5455,2855,2467
Line 125,2025,10,5351,2912,2470
Line 125,2025,11,4900,2611,2286
Line 125,2025,12,4786,2807,2232
Line 125,2026,1,4773,2562,2155
Line 125,2026,2,4948,2882,2460
Line 125,2026,3,5216,2858,2466
Line 125,2026,4,5111,2966,2331
Line 125,2026,5,5207,2834,2283
Line 126,2018,4,183,null,null
Line 126,2018,5,211,null,null
Line 126,2018,6,185,null,null
Line 126,2018,7,161,0,0
Line 126,2018,8,173,0,0
Line 126,2018,9,200,0,0
Line 126,2018,10,198,0,0
Line 126,2018,11,180,0,0
Line 126,2018,12,165,0,0
Line 126,2019,1,155,0,0
Line 126,2019,2,163,0,0
Line 126,2019,3,189,0,0
Line 126,2019,4,183,0,0
Line 126,2019,5,190,0,0
Line 126,2019,6,166,0,0
Line 126,2019,7,158,0,0
Line 126,2019,8,168,0,0
Line 126,2019,9,215,0,0
Line 126,2019,10,217,0,0
Line 126,2019,11,187,0,0
Line 126,2019,12,156,0,0
Line 126,2020,1,167,0,0
Line 126,2020,2,186,0,0
Line 126,2020,3,111,0,0
Line 126,2020,4,41,0,0
Line 126,2020,5,53,0,0
Line 126,2020,6,78,0,0
Line 126,2020,7,88,0,0
Line 126,2020,8,100,0,0
Line 126,2020,9,107,0,0
Line 126,2020,10,109,0,0
Line 126,2020,11,99,0,0
Line 126,2020,12,81,0,0
Line 126,2021,1,0,0,0
Line 126,2021,2,0,0,0
Line 126,2021,3,0,0,0
Line 126,2021,4,0,0,0
Line 126,2021,5,0,0,0
Line 126,2021,6,0,0,0
Line 126,2021,7,0,0,0
Line 126,2021,8,0,0,0
Line 126,2021,9,0,0,0
Line 126,2021,10,0,0,0
Line 126,2021,11,0,0,0
Line 126,2021,12,0,0,0
Line 126,2022,1,0,0,0
Line 126,2022,2,0,0,0
Line 126,2022,3,0,0,0
Line 126,2022,4,0,0,0
Line 126,2022,5,0,0,0
Line 126,2022,6,0,0,0
Line 126,2022,7,0,0,0
Line 126,2022,8,0,0,0
Line 126,2022,9,0,0,0
Line 126,2022,10,0,0,0
Line 126,2022,11,0,0,0
Line 126,2022,12,0,0,0
Line 126,2023,1,0,0,0
Line 126,2023,2,0,0,0
Line 126,2023,3,0,0,0
Line 126,2023,4,0,0,0
Line 126,2023,5,0,0,0
Line 126,2023,6,0,0,0
Line 126,2023,7,0,0,0
Line 126,2023,8,0,0,0
Line 126,2023,9,0,0,0
Line 126,2023,10,0,0,0
Line 126,2023,11,0,0,0
Line 126,2023,12,0,0,0
Line 126,2024,1,0,0,0
Line 126,2024,2,0,0,0
Line 126,2024,3,0,0,0
Line 126,2024,4,0,0,0
Line 126,2024,5,0,0,0
Line 126,2024,6,0,0,0
Line 126,2024,7,0,0,0
Line 126,2024,8,0,0,0
Line 126,2024,9,0,0,0
Line 126,2024,10,0,0,0
Line 126,2024,11,0,0,0
Line 126,2024,12,0,0,0
Line 126,2025,1,0,0,0
Line 126,2025,2,0,0,0
Line 126,2025,3,0,0,0
Line 126,2025,4,0,0,0
Line 126,2025,5,0,0,0
Line 126,2025,6,0,0,0
Line 127,2018,4,827,null,null
Line 127,2018,5,869,null,null
Line 127,2018,6,694,null,null
Line 127,2018,7,634,0,0
Line 127,2018,8,696,0,0
Line 127,2018,9,956,0,0
Line 127,2018,10,929,0,0
Line 127,2018,11,877,0,0
Line 127,2018,12,750,0,0
Line 127,2019,1,773,0,0
Line 127,2019,2,776,0,0
Line 127,2019,3,831,0,0
Line 127,2019,4,781,0,0
Line 127,2019,5,832,0,0
Line 127,2019,6,712,0,0
Line 127,2019,7,662,0,0
Line 127,2019,8,715,0,0
Line 127,2019,9,901,0,0
Line 127,2019,10,891,0,0
Line 127,2019,11,799,0,0
Line 127,2019,12,711,0,0
Line 127,2020,1,803,0,0
Line 127,2020,2,851,0,0
Line 127,2020,3,516,0,0
Line 127,2020,4,204,0,0
Line 127,2020,5,261,0,0
Line 127,2020,6,331,0,0
Line 127,2020,7,343,0,0
Line 127,2020,8,365,0,0
Line 127,2020,9,382,0,0
Line 127,2020,10,391,0,0
Line 127,2020,11,397,0,0
Line 127,2020,12,366,0,0
Line 127,2021,1,340,0,0
Line 127,2021,2,392,0,0
Line 127,2021,3,390,0,0
Line 127,2021,4,436,0,0
Line 127,2021,5,432,0,0
Line 127,2021,6,465,0,0
Line 127,2021,7,1063,723,658
Line 127,2021,8,1214,786,720
Line 127,2021,9,1490,815,651
Line 127,2021,10,1664,825,830
Line 127,2021,11,1666,868,752
Line 127,2021,12,1512,0,737
Line 127,2022,1,1441,751,718
Line 127,2022,2,1451,715,524
Line 127,2022,3,1198,593,598
Line 127,2022,4,1247,652,612
Line 127,2022,5,1287,745,597
Line 127,2022,6,1214,653,621
Line 127,2022,7,1065,650,494
Line 127,2022,8,1175,683,607
Line 127,2022,9,1350,689,558
Line 127,2022,10,1384,692,643
Line 127,2022,11,1202,697,590
Line 127,2022,12,1261,664,627
Line 127,2023,1,1319,678,635
Line 127,2023,2,1469,769,712
Line 127,2023,3,1451,760,740
Line 127,2023,4,1571,843,751
Line 127,2023,5,1642,808,800
Line 127,2023,6,1577,853,802
Line 127,2023,7,1496,901,806
Line 127,2023,8,1623,893,766
Line 127,2023,9,1945,929,803
Line 127,2023,10,1894,918,839
Line 127,2023,11,1768,966,806
Line 127,2023,12,1691,847,746
Line 127,2024,1,1737,916,773
Line 127,2024,2,1633,919,787
Line 127,2024,3,1862,820,791
Line 127,2024,4,1854,974,894
Line 127,2024,5,2019,1144,881
Line 127,2024,6,1806,1049,914
Line 127,2024,7,1670,1131,934
Line 127,2024,8,1894,1181,976
Line 127,2024,9,1982,1087,957
Line 127,2024,10,2053,1185,1010
Line 127,2024,11,1953,1177,924
Line 127,2024,12,1946,1045,984
Line 127,2025,1,1932,1112,974
Line 127,2025,2,1877,1258,1016
Line 127,2025,3,1928,1199,1028
Line 127,2025,4,1982,1066,1080
Line 127,2025,5,1965,1133,945
Line 127,2025,6,1601,974,989
Line 127,2025,7,1616,938,856
Line 127,2025,8,1858,1040,934
Line 127,2025,9,2096,1085,916
Line 127,2025,10,2060,1108,923
Line 127,2025,11,1765,981,859
Line 127,2025,12,1848,977,955
Line 127,2026,1,1782,958,842
Line 127,2026,2,1830,980,927
Line 127,2026,3,1924,971,874
Line 127,2026,4,1901,973,862
Line 127,2026,5,2054,1078,923
Line 128,2018,4,1122,null,null
Line 128,2018,5,1121,null,null
Line 128,2018,6,1110,null,null
Line 128,2018,7,979,0,0
Line 128,2018,8,1179,0,0
Line 128,2018,9,1337,0,0
Line 128,2018,10,1343,0,0
Line 128,2018,11,1189,0,0
Line 128,2018,12,890,0,0
Line 128,2019,1,908,0,0
Line 128,2019,2,953,0,0
Line 128,2019,3,1033,0,0
Line 128,2019,4,1121,0,0
Line 128,2019,5,1163,0,0
Line 128,2019,6,1004,0,0
Line 128,2019,7,958,0,0
Line 128,2019,8,1124,0,0
Line 128,2019,9,1297,0,0
Line 128,2019,10,1262,0,0
Line 128,2019,11,949,0,0
Line 128,2019,12,892,0,0
Line 128,2020,1,1028,0,0
Line 128,2020,2,1155,0,0
Line 128,2020,3,837,0,0
Line 128,2020,4,404,0,0
Line 128,2020,5,386,0,0
Line 128,2020,6,537,0,0
Line 128,2020,7,547,0,0
Line 128,2020,8,594,0,0
Line 128,2020,9,554,0,0
Line 128,2020,10,568,0,0
Line 128,2020,11,557,0,0
Line 128,2020,12,517,0,0
Line 128,2021,1,448,0,0
Line 128,2021,2,518,0,0
Line 128,2021,3,562,0,0
Line 128,2021,4,574,0,0
Line 128,2021,5,626,0,0
Line 128,2021,6,657,0,0
Line 128,2021,7,667,321,264
Line 128,2021,8,754,430,378
Line 128,2021,9,924,441,311
Line 128,2021,10,912,520,322
Line 128,2021,11,929,410,314
Line 128,2021,12,783,0,362
Line 128,2022,1,714,398,335
Line 128,2022,2,740,427,341
Line 128,2022,3,786,491,379
Line 128,2022,4,801,477,312
Line 128,2022,5,813,471,362
Line 128,2022,6,780,520,378
Line 128,2022,7,771,475,350
Line 128,2022,8,839,494,376
Line 128,2022,9,994,479,385
Line 128,2022,10,1037,555,425
Line 128,2022,11,960,511,446
Line 128,2022,12,820,415,405
Line 128,2023,1,827,525,414
Line 128,2023,2,906,486,377
Line 128,2023,3,846,530,368
Line 128,2023,4,923,578,458
Line 128,2023,5,952,533,488
Line 128,2023,6,890,593,412
Line 128,2023,7,883,541,448
Line 128,2023,8,967,604,466
Line 128,2023,9,1116,630,537
Line 128,2023,10,1138,641,508
Line 128,2023,11,1045,600,496
Line 128,2023,12,951,518,444
Line 128,2024,1,1011,520,481
Line 128,2024,2,941,646,487
Line 128,2024,3,1091,616,495
Line 128,2024,4,1145,732,619
Line 128,2024,5,1148,731,541
Line 128,2024,6,1010,672,600
Line 128,2024,7,952,660,530
Line 128,2024,8,1148,723,614
Line 128,2024,9,1303,697,581
Line 128,2024,10,1338,742,641
Line 128,2024,11,1137,762,586
Line 128,2024,12,1112,678,523
Line 128,2025,1,1052,692,498
Line 128,2025,2,1062,709,563
Line 128,2025,3,1064,684,514
Line 128,2025,4,1118,679,577
Line 128,2025,5,1133,649,599
Line 128,2025,6,912,553,544
Line 128,2025,7,897,518,482
Line 128,2025,8,1077,630,516
Line 128,2025,9,1225,561,506
Line 128,2025,10,1175,638,505
Line 128,2025,11,1064,564,506
Line 128,2025,12,1002,483,304
Line 128,2026,1,1015,595,469
Line 128,2026,2,1058,609,515
Line 128,2026,3,1043,588,530
Line 128,2026,4,1043,569,529
Line 128,2026,5,1071,574,520
Line 130,2018,4,2613,1197,902
Line 130,2018,5,2723,1174,1091
Line 130,2018,6,2657,1161,994
Line 130,2018,7,2642,1199,1064
Line 130,2018,8,2648,1200,1039
Line 130,2018,9,2991,1283,1075
Line 130,2018,10,2969,1265,1033
Line 130,2018,11,2717,1262,1086
Line 130,2018,12,2449,1060,979
Line 130,2019,1,2311,1148,744
Line 130,2019,2,2331,956,791
Line 130,2019,3,2384,1106,887
Line 130,2019,4,2513,1152,963
Line 130,2019,5,2462,1150,822
Line 130,2019,6,2345,1113,955
Line 130,2019,7,2376,1273,1008
Line 130,2019,8,2423,1243,1135
Line 130,2019,9,2835,1333,1030
Line 130,2019,10,2736,1198,941
Line 130,2019,11,2574,1207,870
Line 130,2019,12,2235,1155,826
Line 130,2020,1,2400,1109,910
Line 130,2020,2,2608,1244,948
Line 130,2020,3,1873,923,744
Line 130,2020,4,886,549,499
Line 130,2020,5,831,670,521
Line 130,2020,6,1099,741,609
Line 130,2020,7,1110,871,949
Line 130,2020,8,1151,933,712
Line 130,2020,9,1191,859,793
Line 130,2020,10,1206,791,716
Line 130,2020,11,1146,801,721
Line 130,2020,12,1146,734,638
Line 130,2021,1,1019,727,625
Line 130,2021,2,1166,817,711
Line 130,2021,3,1194,951,786
Line 130,2021,4,1414,957,777
Line 130,2021,5,1370,975,831
Line 130,2021,6,1420,1053,882
Line 130,2021,7,788,511,392
Line 130,2021,8,812,496,416
Line 130,2021,9,933,484,429
Line 130,2021,10,975,502,420
Line 130,2021,11,957,481,410
Line 130,2021,12,892,0,397
Line 130,2022,1,812,384,406
Line 130,2022,2,801,420,327
Line 130,2022,3,782,440,374
Line 130,2022,4,838,462,338
Line 130,2022,5,877,480,337
Line 130,2022,6,839,453,347
Line 130,2022,7,0,0,0
Line 130,2022,8,0,0,0
Line 130,2022,9,0,0,0
Line 130,2022,10,0,0,0
Line 130,2022,11,0,0,0
Line 130,2022,12,0,0,0
Line 130,2023,1,0,0,0
Line 130,2023,2,0,0,0
Line 130,2023,3,0,0,0
Line 130,2023,4,0,0,0
Line 130,2023,5,0,0,0
Line 130,2023,6,0,0,0
Line 130,2023,7,0,0,0
Line 130,2023,8,0,0,0
Line 130,2023,9,0,0,0
Line 130,2023,10,0,0,0
Line 130,2023,11,0,0,0
Line 130,2023,12,0,0,0
Line 130,2024,1,0,0,0
Line 130,2024,2,0,0,0
Line 130,2024,3,0,0,0
Line 130,2024,4,0,0,0
Line 130,2024,5,0,0,0
Line 130,2024,6,0,0,0
Line 130,2024,7,0,0,0
Line 130,2024,8,0,0,0
Line 130,2024,9,0,0,0
Line 130,2024,10,0,0,0
Line 130,2024,11,0,0,0
Line 130,2024,12,0,0,0
Line 130,2025,1,0,0,0
Line 130,2025,2,0,0,0
Line 130,2025,3,0,0,0
Line 130,2025,4,0,0,0
Line 130,2025,5,0,0,0
Line 130,2025,6,0,0,0
Line 134,2018,7,0,0,0
Line 134,2018,8,0,0,0
Line 134,2018,9,0,0,0
Line 134,2018,10,0,0,0
Line 134,2018,11,0,0,0
Line 134,2018,12,0,0,0
Line 134,2019,1,0,0,0
Line 134,2019,2,0,0,0
Line 134,2019,3,0,0,0
Line 134,2019,4,0,0,0
Line 134,2019,5,0,0,0
Line 134,2019,6,0,0,0
Line 134,2019,7,0,0,0
Line 134,2019,8,0,0,0
Line 134,2019,9,0,0,0
Line 134,2019,10,0,0,0
Line 134,2019,11,0,0,0
Line 134,2019,12,0,0,0
Line 134,2020,1,0,0,0
Line 134,2020,2,0,0,0
Line 134,2020,3,0,0,0
Line 134,2020,4,0,0,0
Line 134,2020,5,0,0,0
Line 134,2020,6,0,0,0
Line 134,2020,7,0,0,0
Line 134,2020,8,0,0,0
Line 134,2020,9,0,0,0
Line 134,2020,10,0,0,0
Line 134,2020,11,0,0,0
Line 134,2020,12,0,0,0
Line 134,2021,1,0,0,0
Line 134,2021,2,0,0,0
Line 134,2021,3,0,0,0
Line 134,2021,4,0,0,0
Line 134,2021,5,0,0,0
Line 134,2021,6,0,0,0
Line 134,2021,7,0,0,0
Line 134,2021,8,0,0,0
Line 134,2021,9,0,0,0
Line 134,2021,10,0,0,0
Line 134,2021,11,0,0,0
Line 134,2021,12,0,0,0
Line 134,2022,1,0,0,0
Line 134,2022,2,0,0,0
Line 134,2022,3,0,0,0
Line 134,2022,4,0,0,0
Line 134,2022,5,0,0,0
Line 134,2022,6,0,0,0
Line 134,2022,7,0,0,0
Line 134,2022,8,0,0,0
Line 134,2022,9,0,0,0
Line 134,2022,10,0,0,0
Line 134,2022,11,975,812,609
Line 134,2022,12,915,637,560
Line 134,2023,1,870,768,589
Line 134,2023,2,938,717,603
Line 134,2023,3,942,805,626
Line 134,2023,4,1035,931,753
Line 134,2023,5,1070,919,758
Line 134,2023,6,1084,914,675
Line 134,2023,7,1143,957,827
Line 134,2023,8,1206,959,768
Line 134,2023,9,1180,1000,846
Line 134,2023,10,1131,1001,866
Line 134,2023,11,1083,886,704
Line 134,2023,12,1059,870,625
Line 134,2024,1,1051,805,652
Line 134,2024,2,1011,821,715
Line 134,2024,3,1125,826,700
Line 134,2024,4,1130,918,816
Line 134,2024,5,1189,901,862
Line 134,2024,6,1168,970,856
Line 134,2024,7,1287,1113,950
Line 134,2024,8,1297,1076,898
Line 134,2024,9,1299,1083,945
Line 134,2024,10,1230,1069,840
Line 134,2024,11,1149,906,814
Line 134,2024,12,877,833,677
Line 134,2025,1,213,216,313
Line 134,2025,2,0,0,0
Line 134,2025,3,622,541,475
Line 134,2025,4,756,702,515
Line 134,2025,5,773,623,570
Line 134,2025,6,730,640,597
Line 134,2025,7,707,647,614
Line 134,2025,8,851,684,650
Line 134,2025,9,850,687,699
Line 134,2025,10,859,710,665
Line 134,2025,11,758,582,551
Line 134,2025,12,743,634,517
Line 134,2026,1,784,661,531
Line 134,2026,2,767,833,604
Line 134,2026,3,904,760,689
Line 134,2026,4,892,756,712
Line 134,2026,5,909,761,725
Line 150,2018,4,8768,8896,6648
Line 150,2018,5,8701,8806,6699
Line 150,2018,6,8583,8583,6663
Line 150,2018,7,8318,8196,6607
Line 150,2018,8,8649,8364,6689
Line 150,2018,9,8897,8571,6726
Line 150,2018,10,8980,8415,6524
Line 150,2018,11,8325,8255,6476
Line 150,2018,12,7584,8368,6075
Line 150,2019,1,7572,7587,5805
Line 150,2019,2,8032,7413,5810
Line 150,2019,3,8328,7936,6272
Line 150,2019,4,8486,8395,6323
Line 150,2019,5,8532,8536,6276
Line 150,2019,6,8384,8371,6432
Line 150,2019,7,8317,8192,6317
Line 150,2019,8,8390,8203,6462
Line 150,2019,9,8847,8224,6548
Line 150,2019,10,8849,8441,6435
Line 150,2019,11,8303,8271,5794
Line 150,2019,12,7689,7833,5484
Line 150,2020,1,8070,7885,5623
Line 150,2020,2,8257,8241,5919
Line 150,2020,3,5417,5329,4567
Line 150,2020,4,2661,3284,2321
Line 150,2020,5,3285,3691,3188
Line 150,2020,6,3972,4592,3732
Line 150,2020,7,4098,4653,4778
Line 150,2020,8,4192,4834,4029
Line 150,2020,9,4476,5034,4236
Line 150,2020,10,4624,5354,4406
Line 150,2020,11,4530,4950,3966
Line 150,2020,12,3960,4712,3500
Line 150,2021,1,3800,4301,3464
Line 150,2021,2,4154,4840,3993
Line 150,2021,3,4115,5076,4143
Line 150,2021,4,4569,5308,4323
Line 150,2021,5,4869,5590,4604
Line 150,2021,6,5235,5824,4915
Line 150,2021,7,2073,1611,1360
Line 150,2021,8,2270,1690,1393
Line 150,2021,9,2270,1643,1408
Line 150,2021,10,2192,1495,1270
Line 150,2021,11,2165,1654,1323
Line 150,2021,12,1803,0,1100
Line 150,2022,1,1599,1054,1025
Line 150,2022,2,1864,1202,980
Line 150,2022,3,1985,1147,1004
Line 150,2022,4,2009,1159,914
Line 150,2022,5,2232,1209,1015
Line 150,2022,6,2079,1215,1067
Line 150,2022,7,1968,1462,1228
Line 150,2022,8,2197,1617,1340
Line 150,2022,9,2374,1448,1329
Line 150,2022,10,2579,1602,1343
Line 150,2022,11,2362,1538,1277
Line 150,2022,12,2264,1441,1161
Line 150,2023,1,2270,1374,1232
Line 150,2023,2,2528,1691,1369
Line 150,2023,3,2486,1591,1473
Line 150,2023,4,2655,1904,1543
Line 150,2023,5,2850,1765,1584
Line 150,2023,6,2657,1955,1499
Line 150,2023,7,2477,1748,1564
Line 150,2023,8,2738,1842,1448
Line 150,2023,9,3100,1838,1611
Line 150,2023,10,3163,1949,1617
Line 150,2023,11,2901,1750,1537
Line 150,2023,12,2711,1736,1407
Line 150,2024,1,2780,1696,1512
Line 150,2024,2,2828,1956,1486
Line 150,2024,3,3042,1672,1563
Line 150,2024,4,3190,1913,1683
Line 150,2024,5,3270,2082,1690
Line 150,2024,6,2985,1950,1708
Line 150,2024,7,2719,1878,1617
Line 150,2024,8,3046,1924,1735
Line 150,2024,9,3311,1776,1621
Line 150,2024,10,3329,2003,1716
Line 150,2024,11,3150,1898,1635
Line 150,2024,12,3008,1877,1507
Line 150,2025,1,3173,1941,1385
Line 150,2025,2,3240,2018,1736
Line 150,2025,3,3186,2033,1687
Line 150,2025,4,3237,1896,1894
Line 150,2025,5,3360,1929,1790
Line 150,2025,6,3026,1928,1777
Line 150,2025,7,2822,1770,1685
Line 150,2025,8,3165,1872,1731
Line 150,2025,9,3426,2045,1794
Line 150,2025,10,3491,1980,1882
Line 150,2025,11,3221,1901,1640
Line 150,2025,12,3225,1889,1504
Line 150,2026,1,3222,1806,1460
Line 150,2026,2,3379,2115,1765
Line 150,2026,3,3458,2019,1857
Line 150,2026,4,3424,2098,1779
Line 150,2026,5,3603,2136,1795
Line 152,2018,4,11075,6423,4815
Line 152,2018,5,11159,6152,4777
Line 152,2018,6,10402,6154,4751
Line 152,2018,7,9746,5964,4634
Line 152,2018,8,10332,6037,4711
Line 152,2018,9,11018,6329,4780
Line 152,2018,10,11394,6271,4764
Line 152,2018,11,10266,5978,4517
Line 152,2018,12,9689,5967,4274
Line 152,2019,1,9727,5538,4109
Line 152,2019,2,10364,5232,3979
Line 152,2019,3,10958,5938,4572
Line 152,2019,4,10776,6291,4682
Line 152,2019,5,11162,6119,4330
Line 152,2019,6,10419,5893,4587
Line 152,2019,7,10213,5812,4506
Line 152,2019,8,10442,6235,4608
Line 152,2019,9,11207,6294,4653
Line 152,2019,10,11496,6249,4831
Line 152,2019,11,10533,6035,4262
Line 152,2019,12,9740,5724,3737
Line 152,2020,1,10220,5908,3950
Line 152,2020,2,11051,6126,4576
Line 152,2020,3,6825,4034,3217
Line 152,2020,4,3056,2316,1540
Line 152,2020,5,3507,2840,2334
Line 152,2020,6,4253,3499,2841
Line 152,2020,7,4951,3831,3545
Line 152,2020,8,5115,3935,3001
Line 152,2020,9,5307,4152,3135
Line 152,2020,10,5547,4362,3388
Line 152,2020,11,5552,4116,3176
Line 152,2020,12,5183,4015,2876
Line 152,2021,1,5010,3724,2855
Line 152,2021,2,5747,4286,3212
Line 152,2021,3,5996,4422,3391
Line 152,2021,4,6659,4706,3656
Line 152,2021,5,6967,4884,3735
Line 152,2021,6,7157,5158,4025
Line 152,2021,7,5837,4164,3313
Line 152,2021,8,6980,4690,3786
Line 152,2021,9,7480,4599,3744
Line 152,2021,10,7733,4883,3868
Line 152,2021,11,7856,4959,3972
Line 152,2021,12,6654,0,3394
Line 152,2022,1,6263,3914,3042
Line 152,2022,2,6864,4317,3118
Line 152,2022,3,7117,4140,3312
Line 152,2022,4,7175,4229,3366
Line 152,2022,5,7637,4256,3610
Line 152,2022,6,6976,4360,3558
Line 152,2022,7,6668,4507,3556
Line 152,2022,8,7431,4411,3594
Line 152,2022,9,7843,4448,3871
Line 152,2022,10,8416,4544,3874
Line 152,2022,11,7507,4504,3550
Line 152,2022,12,7338,4231,3691
Line 152,2023,1,7313,4945,3922
Line 152,2023,2,7995,4825,4306
Line 152,2023,3,7886,5561,4488
Line 152,2023,4,8541,5988,4980
Line 152,2023,5,9160,5872,5285
Line 152,2023,6,8626,6269,5222
Line 152,2023,7,8321,6016,5068
Line 152,2023,8,9049,6585,4514
Line 152,2023,9,9748,6354,5437
Line 152,2023,10,10298,6815,5488
Line 152,2023,11,9523,6530,5165
Line 152,2023,12,8924,6255,4813
Line 152,2024,1,9190,6336,5072
Line 152,2024,2,9081,6714,4765
Line 152,2024,3,9868,5801,5471
Line 152,2024,4,10411,6628,5648
Line 152,2024,5,10521,6864,5915
Line 152,2024,6,9748,7039,5764
Line 152,2024,7,9377,6933,5742
Line 152,2024,8,10465,7102,6005
Line 152,2024,9,11294,7450,5984
Line 152,2024,10,11261,7207,5918
Line 152,2024,11,10564,7067,5700
Line 152,2024,12,10169,7118,5919
Line 152,2025,1,10387,7088,5481
Line 152,2025,2,10512,7055,6115
Line 152,2025,3,10837,7542,6044
Line 152,2025,4,11018,7353,6334
Line 152,2025,5,11275,7146,6151
Line 152,2025,6,9507,6831,5871
Line 152,2025,7,9096,6114,5335
Line 152,2025,8,9939,6558,5676
Line 152,2025,9,10835,6748,5941
Line 152,2025,10,11110,6881,6017
Line 152,2025,11,10035,6059,5480
Line 152,2025,12,10053,6741,5332
Line 152,2026,1,9958,6260,5068
Line 152,2026,2,10247,6772,5544
Line 152,2026,3,10682,6731,5796
Line 152,2026,4,10816,6832,5673
Line 152,2026,5,11182,6876,5794
Line 154,2018,4,907,null,null
Line 154,2018,5,906,null,null
Line 154,2018,6,878,null,null
Line 154,2018,7,715,0,0
Line 154,2018,8,779,0,0
Line 154,2018,9,843,0,0
Line 154,2018,10,886,0,0
Line 154,2018,11,763,0,0
Line 154,2018,12,688,0,0
Line 154,2019,1,719,0,0
Line 154,2019,2,761,0,0
Line 154,2019,3,781,0,0
Line 154,2019,4,789,0,0
Line 154,2019,5,772,0,0
Line 154,2019,6,743,0,0
Line 154,2019,7,727,0,0
Line 154,2019,8,782,0,0
Line 154,2019,9,855,0,0
Line 154,2019,10,872,0,0
Line 154,2019,11,766,0,0
Line 154,2019,12,689,0,0
Line 154,2020,1,742,0,0
Line 154,2020,2,787,0,0
Line 154,2020,3,496,0,0
Line 154,2020,4,220,0,0
Line 154,2020,5,282,0,0
Line 154,2020,6,361,0,0
Line 154,2020,7,399,0,0
Line 154,2020,8,414,0,0
Line 154,2020,9,444,0,0
Line 154,2020,10,469,0,0
Line 154,2020,11,491,0,0
Line 154,2020,12,409,0,0
Line 154,2021,1,392,0,0
Line 154,2021,2,469,0,0
Line 154,2021,3,470,0,0
Line 154,2021,4,535,0,0
Line 154,2021,5,520,0,0
Line 154,2021,6,566,0,0
Line 154,2021,7,381,0,0
Line 154,2021,8,431,0,0
Line 154,2021,9,449,126,148
Line 154,2021,10,427,304,214
Line 154,2021,11,414,322,245
Line 154,2021,12,350,0,244
Line 154,2022,1,339,283,261
Line 154,2022,2,381,241,265
Line 154,2022,3,409,307,273
Line 154,2022,4,404,340,267
Line 154,2022,5,449,327,292
Line 154,2022,6,412,316,303
Line 154,2022,7,415,399,294
Line 154,2022,8,487,374,280
Line 154,2022,9,540,386,312
Line 154,2022,10,549,392,353
Line 154,2022,11,479,396,305
Line 154,2022,12,446,316,291
Line 154,2023,1,418,316,257
Line 154,2023,2,444,307,300
Line 154,2023,3,421,315,287
Line 154,2023,4,472,345,305
Line 154,2023,5,506,380,318
Line 154,2023,6,458,377,347
Line 154,2023,7,416,363,299
Line 154,2023,8,498,408,314
Line 154,2023,9,544,381,323
Line 154,2023,10,554,408,308
Line 154,2023,11,515,369,280
Line 154,2023,12,460,365,277
Line 154,2024,1,475,362,280
Line 154,2024,2,511,421,300
Line 154,2024,3,524,402,303
Line 154,2024,4,546,430,335
Line 154,2024,5,558,438,410
Line 154,2024,6,519,472,380
Line 154,2024,7,512,449,366
Line 154,2024,8,555,460,336
Line 154,2024,9,636,489,386
Line 154,2024,10,622,482,401
Line 154,2024,11,576,464,337
Line 154,2024,12,519,437,369
Line 154,2025,1,553,437,361
Line 154,2025,2,622,487,407
Line 154,2025,3,653,549,437
Line 154,2025,4,660,524,472
Line 154,2025,5,688,501,425
Line 154,2025,6,610,524,476
Line 154,2025,7,548,454,430
Line 154,2025,8,614,498,414
Line 154,2025,9,706,519,458
Line 154,2025,10,684,518,464
Line 154,2025,11,653,475,414
Line 154,2025,12,625,539,386
Line 154,2026,1,602,443,405
Line 154,2026,2,644,528,408
Line 154,2026,3,681,499,444
Line 154,2026,4,625,488,418
Line 154,2026,5,667,465,416
Line 155,2018,4,1463,855,557
Line 155,2018,5,1485,802,564
Line 155,2018,6,1522,887,596
Line 155,2018,7,1413,828,540
Line 155,2018,8,1436,842,568
Line 155,2018,9,1459,873,536
Line 155,2018,10,1452,825,574
Line 155,2018,11,1382,874,499
Line 155,2018,12,1265,857,480
Line 155,2019,1,1255,787,463
Line 155,2019,2,1318,740,464
Line 155,2019,3,1363,777,534
Line 155,2019,4,1388,789,511
Line 155,2019,5,1361,877,495
Line 155,2019,6,1404,880,550
Line 155,2019,7,1380,837,517
Line 155,2019,8,1390,816,551
Line 155,2019,9,1443,818,536
Line 155,2019,10,1457,879,533
Line 155,2019,11,1341,842,513
Line 155,2019,12,1195,785,483
Line 155,2020,1,1181,807,478
Line 155,2020,2,1251,802,444
Line 155,2020,3,764,561,351
Line 155,2020,4,238,262,185
Line 155,2020,5,253,240,204
Line 155,2020,6,330,298,291
Line 155,2020,7,334,336,312
Line 155,2020,8,348,334,290
Line 155,2020,9,359,427,286
Line 155,2020,10,367,352,304
Line 155,2020,11,362,342,266
Line 155,2020,12,310,299,271
Line 155,2021,1,296,287,263
Line 155,2021,2,340,319,262
Line 155,2021,3,350,343,249
Line 155,2021,4,398,401,288
Line 155,2021,5,429,423,330
Line 155,2021,6,458,457,358
Line 155,2021,7,780,696,567
Line 155,2021,8,861,740,573
Line 155,2021,9,881,707,601
Line 155,2021,10,883,784,601
Line 155,2021,11,862,738,533
Line 155,2021,12,752,0,518
Line 155,2022,1,729,595,526
Line 155,2022,2,811,635,558
Line 155,2022,3,843,670,585
Line 155,2022,4,893,731,559
Line 155,2022,5,898,695,610
Line 155,2022,6,899,716,656
Line 155,2022,7,935,775,626
Line 155,2022,8,1009,792,657
Line 155,2022,9,1030,812,690
Line 155,2022,10,1061,782,687
Line 155,2022,11,932,792,629
Line 155,2022,12,880,672,596
Line 155,2023,1,882,749,612
Line 155,2023,2,946,659,676
Line 155,2023,3,910,768,608
Line 155,2023,4,989,835,620
Line 155,2023,5,998,839,639
Line 155,2023,6,968,811,700
Line 155,2023,7,946,808,683
Line 155,2023,8,994,837,652
Line 155,2023,9,1000,815,705
Line 155,2023,10,1054,829,720
Line 155,2023,11,986,762,650
Line 155,2023,12,918,791,608
Line 155,2024,1,925,787,619
Line 155,2024,2,958,897,658
Line 155,2024,3,1035,828,683
Line 155,2024,4,1090,901,733
Line 155,2024,5,1108,927,775
Line 155,2024,6,1063,960,836
Line 155,2024,7,1093,913,768
Line 155,2024,8,1194,987,828
Line 155,2024,9,1194,952,826
Line 155,2024,10,1230,933,818
Line 155,2024,11,1179,950,764
Line 155,2024,12,1100,981,725
Line 155,2025,1,1052,877,710
Line 155,2025,2,1148,911,798
Line 155,2025,3,1203,982,823
Line 155,2025,4,1203,1029,853
Line 155,2025,5,1273,1018,902
Line 155,2025,6,1216,1025,883
Line 155,2025,7,1181,989,813
Line 155,2025,8,1252,971,829
Line 155,2025,9,1320,1068,863
Line 155,2025,10,1312,1064,883
Line 155,2025,11,1242,970,815
Line 155,2025,12,1190,987,729
Line 155,2026,1,1161,941,759
Line 155,2026,2,1211,998,801
Line 155,2026,3,1269,1066,878
Line 155,2026,4,1246,942,785
Line 155,2026,5,1283,973,799
Line 158,2018,4,2160,1062,848
Line 158,2018,5,2188,1080,853
Line 158,2018,6,1914,1118,815
Line 158,2018,7,1775,1026,789
Line 158,2018,8,2011,1095,853
Line 158,2018,9,2232,1081,867
Line 158,2018,10,2265,1111,877
Line 158,2018,11,2024,1080,817
Line 158,2018,12,1751,1078,742
Line 158,2019,1,1760,993,718
Line 158,2019,2,1965,943,671
Line 158,2019,3,2067,1004,816
Line 158,2019,4,2072,1056,804
Line 158,2019,5,2190,1075,784
Line 158,2019,6,1864,1039,868
Line 158,2019,7,1740,995,750
Line 158,2019,8,1909,1132,819
Line 158,2019,9,2228,1088,860
Line 158,2019,10,2211,1129,847
Line 158,2019,11,2058,1089,727
Line 158,2019,12,1795,1006,640
Line 158,2020,1,1833,943,674
Line 158,2020,2,2104,1061,805
Line 158,2020,3,1247,668,600
Line 158,2020,4,463,352,248
Line 158,2020,5,524,487,379
Line 158,2020,6,706,537,463
Line 158,2020,7,740,694,581
Line 158,2020,8,801,692,490
Line 158,2020,9,806,716,539
Line 158,2020,10,880,738,605
Line 158,2020,11,885,742,554
Line 158,2020,12,780,691,515
Line 158,2021,1,720,628,494
Line 158,2021,2,810,695,504
Line 158,2021,3,851,763,550
Line 158,2021,4,950,788,593
Line 158,2021,5,1028,859,635
Line 158,2021,6,1063,872,691
Line 158,2021,7,1054,758,625
Line 158,2021,8,1191,857,621
Line 158,2021,9,1329,820,584
Line 158,2021,10,1317,867,698
Line 158,2021,11,1281,766,596
Line 158,2021,12,1000,0,546
Line 158,2022,1,879,559,446
Line 158,2022,2,1041,604,532
Line 158,2022,3,1169,721,543
Line 158,2022,4,1177,726,554
Line 158,2022,5,1268,745,612
Line 158,2022,6,1146,746,630
Line 158,2022,7,1107,716,579
Line 158,2022,8,1177,757,545
Line 158,2022,9,1255,684,598
Line 158,2022,10,1392,799,641
Line 158,2022,11,1204,800,608
Line 158,2022,12,1134,653,546
Line 158,2023,1,1084,666,547
Line 158,2023,2,1226,704,625
Line 158,2023,3,1201,856,589
Line 158,2023,4,1324,875,619
Line 158,2023,5,1418,888,648
Line 158,2023,6,1249,914,658
Line 158,2023,7,1147,872,643
Line 158,2023,8,1268,854,649
Line 158,2023,9,1396,866,690
Line 158,2023,10,1440,907,677
Line 158,2023,11,1313,862,656
Line 158,2023,12,1244,845,663
Line 158,2024,1,1268,810,703
Line 158,2024,2,1274,886,655
Line 158,2024,3,1383,858,713
Line 158,2024,4,1469,890,697
Line 158,2024,5,1536,973,771
Line 158,2024,6,1354,869,803
Line 158,2024,7,1382,875,713
Line 158,2024,8,1663,920,750
Line 158,2024,9,1822,986,770
Line 158,2024,10,1917,988,771
Line 158,2024,11,1798,935,696
Line 158,2024,12,1730,974,747
Line 158,2025,1,1681,984,753
Line 158,2025,2,1783,1034,834
Line 158,2025,3,1818,1055,780
Line 158,2025,4,1880,952,764
Line 158,2025,5,2023,1022,841
Line 158,2025,6,1800,1001,806
Line 158,2025,7,1622,940,806
Line 158,2025,8,1846,977,817
Line 158,2025,9,2053,927,853
Line 158,2025,10,2085,959,879
Line 158,2025,11,1890,876,776
Line 158,2025,12,1873,765,594
Line 158,2026,1,1818,963,757
Line 158,2026,2,2010,1000,869
Line 158,2026,3,2101,1010,843
Line 158,2026,4,2098,1044,796
Line 158,2026,5,2151,998,860
Line 161,2018,4,1105,663,252
Line 161,2018,5,1134,644,260
Line 161,2018,6,1135,636,262
Line 161,2018,7,1108,651,382
Line 161,2018,8,1116,683,399
Line 161,2018,9,1131,675,392
Line 161,2018,10,1169,679,400
Line 161,2018,11,1064,624,323
Line 161,2018,12,1042,652,355
Line 161,2019,1,1031,601,337
Line 161,2019,2,1074,560,352
Line 161,2019,3,1102,587,354
Line 161,2019,4,1130,623,360
Line 161,2019,5,1154,642,369
Line 161,2019,6,1108,650,399
Line 161,2019,7,1107,668,383
Line 161,2019,8,1150,693,389
Line 161,2019,9,1168,742,423
Line 161,2019,10,1195,736,439
Line 161,2019,11,1182,723,379
Line 161,2019,12,1046,685,369
Line 161,2020,1,1138,696,380
Line 161,2020,2,1158,682,395
Line 161,2020,3,760,476,361
Line 161,2020,4,328,299,180
Line 161,2020,5,306,297,223
Line 161,2020,6,402,313,257
Line 161,2020,7,460,381,325
Line 161,2020,8,497,397,277
Line 161,2020,9,499,395,285
Line 161,2020,10,532,414,277
Line 161,2020,11,520,354,241
Line 161,2020,12,461,343,241
Line 161,2021,1,454,329,241
Line 161,2021,2,499,369,268
Line 161,2021,3,531,408,270
Line 161,2021,4,578,398,259
Line 161,2021,5,602,419,316
Line 161,2021,6,645,444,338
Line 161,2021,7,668,467,393
Line 161,2021,8,682,496,380
Line 161,2021,9,752,493,411
Line 161,2021,10,731,485,402
Line 161,2021,11,742,506,360
Line 161,2021,12,660,0,315
Line 161,2022,1,614,414,332
Line 161,2022,2,664,433,353
Line 161,2022,3,690,536,367
Line 161,2022,4,675,526,380
Line 161,2022,5,712,429,374
Line 161,2022,6,704,511,373
Line 161,2022,7,666,465,371
Line 161,2022,8,705,561,431
Line 161,2022,9,730,563,426
Line 161,2022,10,781,539,451
Line 161,2022,11,724,518,410
Line 161,2022,12,687,505,422
Line 161,2023,1,630,525,376
Line 161,2023,2,700,490,424
Line 161,2023,3,667,509,437
Line 161,2023,4,732,574,486
Line 161,2023,5,721,608,462
Line 161,2023,6,730,621,468
Line 161,2023,7,719,554,416
Line 161,2023,8,754,613,431
Line 161,2023,9,788,576,519
Line 161,2023,10,770,543,476
Line 161,2023,11,752,541,469
Line 161,2023,12,741,541,384
Line 161,2024,1,762,520,431
Line 161,2024,2,733,600,422
Line 161,2024,3,759,543,447
Line 161,2024,4,819,631,427
Line 161,2024,5,817,646,467
Line 161,2024,6,823,621,502
Line 161,2024,7,797,659,468
Line 161,2024,8,820,611,505
Line 161,2024,9,816,621,463
Line 161,2024,10,837,569,483
Line 161,2024,11,787,593,469
Line 161,2024,12,784,574,456
Line 161,2025,1,799,582,402
Line 161,2025,2,764,635,487
Line 161,2025,3,765,635,435
Line 161,2025,4,774,569,434
Line 161,2025,5,818,579,458
Line 161,2025,6,774,506,459
Line 161,2025,7,689,468,386
Line 161,2025,8,726,490,434
Line 161,2025,9,783,533,451
Line 161,2025,10,773,489,390
Line 161,2025,11,726,478,379
Line 161,2025,12,708,463,238
Line 161,2026,1,713,538,366
Line 161,2026,2,695,471,413
Line 161,2026,3,728,475,388
Line 161,2026,4,723,480,387
Line 161,2026,5,731,483,421
Line 162,2018,7,0,0,0
Line 162,2018,8,0,0,0
Line 162,2018,9,0,0,0
Line 162,2018,10,0,0,0
Line 162,2018,11,0,0,0
Line 162,2018,12,0,0,0
Line 162,2019,1,0,0,0
Line 162,2019,2,0,0,0
Line 162,2019,3,0,0,0
Line 162,2019,4,0,0,0
Line 162,2019,5,0,0,0
Line 162,2019,6,0,0,0
Line 162,2019,7,0,0,0
Line 162,2019,8,0,0,0
Line 162,2019,9,0,0,0
Line 162,2019,10,0,0,0
Line 162,2019,11,0,0,0
Line 162,2019,12,0,0,0
Line 162,2020,1,0,0,0
Line 162,2020,2,0,0,0
Line 162,2020,3,0,0,0
Line 162,2020,4,0,0,0
Line 162,2020,5,0,0,0
Line 162,2020,6,0,0,0
Line 162,2020,7,0,0,0
Line 162,2020,8,0,0,0
Line 162,2020,9,0,0,0
Line 162,2020,10,0,0,0
Line 162,2020,11,0,0,0
Line 162,2020,12,0,0,0
Line 162,2021,1,0,0,0
Line 162,2021,2,0,0,0
Line 162,2021,3,0,0,0
Line 162,2021,4,0,0,0
Line 162,2021,5,0,0,0
Line 162,2021,6,0,0,0
Line 162,2021,7,6691,5105,3846
Line 162,2021,8,7671,5514,4008
Line 162,2021,9,8051,5496,4128
Line 162,2021,10,8025,5667,4028
Line 162,2021,11,8260,5808,3973
Line 162,2021,12,7133,0,3477
Line 162,2022,1,6341,4497,3019
Line 162,2022,2,6903,4837,3448
Line 162,2022,3,7333,4174,3658
Line 162,2022,4,7542,4703,3874
Line 162,2022,5,7843,4783,3835
Line 162,2022,6,7520,4852,4214
Line 162,2022,7,7121,4670,3768
Line 162,2022,8,7588,4621,3902
Line 162,2022,9,7955,4977,3965
Line 162,2022,10,8422,5024,4248
Line 162,2022,11,7492,4912,3806
Line 162,2022,12,7394,4555,3626
Line 162,2023,1,7232,4794,3830
Line 162,2023,2,7769,5026,4025
Line 162,2023,3,7791,5576,4210
Line 162,2023,4,8787,6027,4527
Line 162,2023,5,9064,6098,4532
Line 162,2023,6,8802,6211,4953
Line 162,2023,7,8438,6163,4692
Line 162,2023,8,9105,6386,4006
Line 162,2023,9,9771,6424,5102
Line 162,2023,10,10094,6630,5137
Line 162,2023,11,9557,6351,4799
Line 162,2023,12,8841,6096,4396
Line 162,2024,1,9150,6183,4537
Line 162,2024,2,8993,6375,4386
Line 162,2024,3,9869,5813,4998
Line 162,2024,4,10176,6501,4828
Line 162,2024,5,10434,6781,5130
Line 162,2024,6,9840,6846,5343
Line 162,2024,7,9384,6618,5234
Line 162,2024,8,10056,6884,5307
Line 162,2024,9,10853,6933,5531
Line 162,2024,10,10942,7019,5877
Line 162,2024,11,10217,7030,5139
Line 162,2024,12,9717,6696,4739
Line 162,2025,1,9659,6125,4171
Line 162,2025,2,9962,7086,5371
Line 162,2025,3,10079,7072,5594
Line 162,2025,4,10472,7116,5706
Line 162,2025,5,10878,7112,5468
Line 162,2025,6,9535,6461,5244
Line 162,2025,7,9003,6016,4765
Line 162,2025,8,9533,6376,5046
Line 162,2025,9,10108,6226,5117
Line 162,2025,10,10088,6507,5141
Line 162,2025,11,9140,5858,4783
Line 162,2025,12,9097,6372,4304
Line 162,2026,1,9216,5714,4226
Line 162,2026,2,9307,6182,4988
Line 162,2026,3,9747,6226,5175
Line 162,2026,4,9961,6417,4932
Line 162,2026,5,10120,6579,5240
Line 163,2018,4,9567,5228,4064
Line 163,2018,5,9682,5216,4006
Line 163,2018,6,9161,5214,4017
Line 163,2018,7,8566,4806,3778
Line 163,2018,8,9151,5227,3955
Line 163,2018,9,9718,5170,3912
Line 163,2018,10,9852,5233,3972
Line 163,2018,11,8995,5027,3896
Line 163,2018,12,8177,5165,3572
Line 163,2019,1,8118,4520,3573
Line 163,2019,2,8659,4647,3389
Line 163,2019,3,8955,4883,3764
Line 163,2019,4,9255,5357,3876
Line 163,2019,5,9378,5367,3687
Line 163,2019,6,8842,5280,3987
Line 163,2019,7,8397,4733,3734
Line 163,2019,8,8788,5139,3987
Line 163,2019,9,9403,4930,3904
Line 163,2019,10,9653,5134,4010
Line 163,2019,11,8921,4912,3459
Line 163,2019,12,8124,4746,3199
Line 163,2020,1,8674,4832,3541
Line 163,2020,2,9314,5174,3875
Line 163,2020,3,6029,3522,3019
Line 163,2020,4,2936,2235,1662
Line 163,2020,5,3242,2642,2000
Line 163,2020,6,3894,3185,2308
Line 163,2020,7,4528,3250,2795
Line 163,2020,8,4680,3291,2441
Line 163,2020,9,5009,3473,2546
Line 163,2020,10,5128,3577,2700
Line 163,2020,11,5022,3461,2525
Line 163,2020,12,4531,3344,2235
Line 163,2021,1,4371,3128,2343
Line 163,2021,2,4753,3544,2578
Line 163,2021,3,4859,3780,2746
Line 163,2021,4,5393,3923,2723
Line 163,2021,5,5637,4187,2999
Line 163,2021,6,5915,4123,3186
Line 163,2021,7,0,0,0
Line 163,2021,8,0,0,0
Line 163,2021,9,0,0,0
Line 163,2021,10,0,0,0
Line 163,2021,11,0,0,0
Line 163,2021,12,0,0,0
Line 163,2022,1,0,0,0
Line 163,2022,2,0,0,0
Line 163,2022,3,0,0,0
Line 163,2022,4,0,0,0
Line 163,2022,5,0,0,0
Line 163,2022,6,0,0,0
Line 163,2022,7,0,0,0
Line 163,2022,8,0,0,0
Line 163,2022,9,0,0,0
Line 163,2022,10,0,0,0
Line 163,2022,11,0,0,0
Line 163,2022,12,0,0,0
Line 163,2023,1,0,0,0
Line 163,2023,2,0,0,0
Line 163,2023,3,0,0,0
Line 163,2023,4,0,0,0
Line 163,2023,5,0,0,0
Line 163,2023,6,0,0,0
Line 163,2023,7,0,0,0
Line 163,2023,8,0,0,0
Line 163,2023,9,0,0,0
Line 163,2023,10,0,0,0
Line 163,2023,11,0,0,0
Line 163,2023,12,0,0,0
Line 163,2024,1,0,0,0
Line 163,2024,2,0,0,0
Line 163,2024,3,0,0,0
Line 163,2024,4,0,0,0
Line 163,2024,5,0,0,0
Line 163,2024,6,0,0,0
Line 163,2024,7,0,0,0
Line 163,2024,8,0,0,0
Line 163,2024,9,0,0,0
Line 163,2024,10,0,0,0
Line 163,2024,11,0,0,0
Line 163,2024,12,0,0,0
Line 163,2025,1,0,0,0
Line 163,2025,2,0,0,0
Line 163,2025,3,0,0,0
Line 163,2025,4,0,0,0
Line 163,2025,5,0,0,0
Line 163,2025,6,0,0,0
Line 164,2018,4,6139,3670,2651
Line 164,2018,5,6167,3649,2626
Line 164,2018,6,5745,3617,2580
Line 164,2018,7,5317,3533,2555
Line 164,2018,8,5813,3487,2597
Line 164,2018,9,6432,3737,2642
Line 164,2018,10,6551,3773,2685
Line 164,2018,11,6054,3635,2702
Line 164,2018,12,5291,3756,2481
Line 164,2019,1,5241,3135,2273
Line 164,2019,2,5792,3056,2128
Line 164,2019,3,5993,3399,2495
Line 164,2019,4,6067,3540,2614
Line 164,2019,5,6252,3670,2521
Line 164,2019,6,5661,3764,2703
Line 164,2019,7,5480,3481,2615
Line 164,2019,8,5826,3665,2731
Line 164,2019,9,6438,3669,2667
Line 164,2019,10,6517,3764,2741
Line 164,2019,11,6063,3708,2538
Line 164,2019,12,5481,3606,2188
Line 164,2020,1,5585,3468,2348
Line 164,2020,2,6234,3555,2466
Line 164,2020,3,3801,2337,1934
Line 164,2020,4,1507,1279,920
Line 164,2020,5,1729,1425,1172
Line 164,2020,6,2171,1951,1538
Line 164,2020,7,2266,1931,1788
Line 164,2020,8,2292,1976,1593
Line 164,2020,9,2401,2035,1566
Line 164,2020,10,2433,2264,1709
Line 164,2020,11,2407,2010,1586
Line 164,2020,12,2058,1906,1411
Line 164,2021,1,1905,1865,1363
Line 164,2021,2,2221,2039,1643
Line 164,2021,3,2291,2230,1721
Line 164,2021,4,2639,2357,1672
Line 164,2021,5,2740,2400,1858
Line 164,2021,6,2845,2609,1957
Line 164,2021,7,3292,2488,1879
Line 164,2021,8,3863,2634,2072
Line 164,2021,9,4603,2694,1997
Line 164,2021,10,5058,2922,2210
Line 164,2021,11,5034,2904,2103
Line 164,2021,12,4211,0,2030
Line 164,2022,1,3931,2068,1840
Line 164,2022,2,4281,2576,2012
Line 164,2022,3,4228,2447,2063
Line 164,2022,4,4205,2653,2220
Line 164,2022,5,4579,2850,2161
Line 164,2022,6,4243,2873,2178
Line 164,2022,7,3930,2833,2200
Line 164,2022,8,4281,2890,2329
Line 164,2022,9,4630,2823,2206
Line 164,2022,10,4895,2887,2320
Line 164,2022,11,4340,3064,1934
Line 164,2022,12,4234,2437,1878
Line 164,2023,1,4248,2617,2076
Line 164,2023,2,4873,2811,2254
Line 164,2023,3,4827,2943,2253
Line 164,2023,4,5244,3137,2416
Line 164,2023,5,5507,3181,2346
Line 164,2023,6,5143,3233,2422
Line 164,2023,7,4814,3072,2440
Line 164,2023,8,5428,3404,2262
Line 164,2023,9,6171,3179,2616
Line 164,2023,10,6429,3427,2592
Line 164,2023,11,5952,3201,2421
Line 164,2023,12,5383,3282,2225
Line 164,2024,1,5407,2939,2287
Line 164,2024,2,5517,3280,2397
Line 164,2024,3,6051,2918,2514
Line 164,2024,4,6276,3165,2468
Line 164,2024,5,6450,3375,2647
Line 164,2024,6,5886,3548,2777
Line 164,2024,7,5381,3383,2667
Line 164,2024,8,6204,3583,2681
Line 164,2024,9,6829,3376,2715
Line 164,2024,10,6842,3763,2801
Line 164,2024,11,6407,3461,2608
Line 164,2024,12,5891,3374,2718
Line 164,2025,1,5946,3277,2491
Line 164,2025,2,6278,3657,2813
Line 164,2025,3,6522,3700,2944
Line 164,2025,4,6528,3607,3002
Line 164,2025,5,6916,3638,3007
Line 164,2025,6,5905,3360,2853
Line 164,2025,7,5478,3232,2598
Line 164,2025,8,6056,3342,2802
Line 164,2025,9,6931,3513,2833
Line 164,2025,10,6974,3616,2872
Line 164,2025,11,6292,3272,2562
Line 164,2025,12,6075,3553,2598
Line 164,2026,1,5811,3198,2369
Line 164,2026,2,6412,3500,2855
Line 164,2026,3,6904,3539,3016
Line 164,2026,4,6734,3408,2892
Line 164,2026,5,6948,3698,3092
Line 165,2018,4,7939,3955,2871
Line 165,2018,5,8153,3827,2870
Line 165,2018,6,7372,3794,2779
Line 165,2018,7,6764,3585,2704
Line 165,2018,8,7561,3794,2813
Line 165,2018,9,7979,3917,2842
Line 165,2018,10,8154,3925,2937
Line 165,2018,11,7613,3813,2872
Line 165,2018,12,6881,3841,2668
Line 165,2019,1,7170,3277,2451
Line 165,2019,2,7641,3290,2407
Line 165,2019,3,7937,3593,2587
Line 165,2019,4,7768,3745,2680
Line 165,2019,5,8139,3857,2604
Line 165,2019,6,7446,3813,2607
Line 165,2019,7,6991,3635,2648
Line 165,2019,8,7505,3785,2942
Line 165,2019,9,8336,3761,2828
Line 165,2019,10,8026,4020,2967
Line 165,2019,11,7648,3801,2576
Line 165,2019,12,7270,3729,2378
Line 165,2020,1,7295,3544,2536
Line 165,2020,2,7962,3646,2644
Line 165,2020,3,4765,2319,1831
Line 165,2020,4,1895,1356,996
Line 165,2020,5,2025,1638,1298
Line 165,2020,6,2643,2127,1708
Line 165,2020,7,2919,2139,2094
Line 165,2020,8,3053,2204,1780
Line 165,2020,9,3235,2311,1764
Line 165,2020,10,3342,2491,2000
Line 165,2020,11,3338,2382,1801
Line 165,2020,12,3060,2304,1758
Line 165,2021,1,2947,2070,1626
Line 165,2021,2,3311,2305,1881
Line 165,2021,3,3579,2623,2139
Line 165,2021,4,4063,2887,2225
Line 165,2021,5,4301,2935,2435
Line 165,2021,6,4524,3054,2476
Line 165,2021,7,4778,3076,2512
Line 165,2021,8,5886,3361,2700
Line 165,2021,9,6439,3350,2689
Line 165,2021,10,6707,3560,2694
Line 165,2021,11,6166,3584,2515
Line 165,2021,12,5105,0,2565
Line 165,2022,1,4928,2660,2208
Line 165,2022,2,5672,2785,2104
Line 165,2022,3,6021,3115,2513
Line 165,2022,4,5974,3199,2536
Line 165,2022,5,6444,3316,2737
Line 165,2022,6,5978,3496,2920
Line 165,2022,7,5671,3480,2741
Line 165,2022,8,6590,3854,3029
Line 165,2022,9,7198,3629,2963
Line 165,2022,10,7766,3935,3318
Line 165,2022,11,6995,4034,2860
Line 165,2022,12,6612,3384,2615
Line 165,2023,1,6268,3280,2711
Line 165,2023,2,6955,3377,3069
Line 165,2023,3,6747,3782,2926
Line 165,2023,4,7289,3932,3320
Line 165,2023,5,7790,3974,3279
Line 165,2023,6,7116,4075,3432
Line 165,2023,7,6443,4235,3412
Line 165,2023,8,7491,4220,3218
Line 165,2023,9,8148,4207,3664
Line 165,2023,10,8390,4447,3627
Line 165,2023,11,7763,4336,3284
Line 165,2023,12,7311,4261,3022
Line 165,2024,1,7494,4013,3164
Line 165,2024,2,7385,4369,3350
Line 165,2024,3,8116,3829,3322
Line 165,2024,4,8625,4251,3405
Line 165,2024,5,8790,4651,3656
Line 165,2024,6,7999,4542,3738
Line 165,2024,7,7199,4413,3606
Line 165,2024,8,8398,4655,3862
Line 165,2024,9,9144,4690,3732
Line 165,2024,10,9139,4809,3702
Line 165,2024,11,8529,4497,3659
Line 165,2024,12,7908,4893,3655
Line 165,2025,1,8153,4425,3237
Line 165,2025,2,8581,4642,3871
Line 165,2025,3,8719,4733,3891
Line 165,2025,4,8750,4589,3906
Line 165,2025,5,9182,4533,3994
Line 165,2025,6,7676,4285,3647
Line 165,2025,7,6782,3757,3298
Line 165,2025,8,7887,4212,3505
Line 165,2025,9,8588,4288,3627
Line 165,2025,10,8598,4411,3822
Line 165,2025,11,7803,3944,3527
Line 165,2025,12,7765,4391,3272
Line 165,2026,1,7604,3681,3036
Line 165,2026,2,7919,4279,3455
Line 165,2026,3,8346,4078,3386
Line 165,2026,4,8342,4262,3310
Line 165,2026,5,8795,4358,3593
Line 166,2018,4,6149,2823,1876
Line 166,2018,5,5914,2784,1914
Line 166,2018,6,5441,2783,1910
Line 166,2018,7,5078,2525,1812
Line 166,2018,8,5620,2748,1905
Line 166,2018,9,6449,2782,1949
Line 166,2018,10,6405,2829,2020
Line 166,2018,11,5882,2690,1969
Line 166,2018,12,5087,2921,1997
Line 166,2019,1,4948,2254,1737
Line 166,2019,2,5528,2182,1560
Line 166,2019,3,5681,2429,1878
Line 166,2019,4,5885,2814,1811
Line 166,2019,5,5825,2756,1830
Line 166,2019,6,5374,2775,1934
Line 166,2019,7,5274,2613,1734
Line 166,2019,8,5624,2680,1944
Line 166,2019,9,6460,2633,1995
Line 166,2019,10,6448,2742,1970
Line 166,2019,11,5995,2708,1816
Line 166,2019,12,5379,2799,1755
Line 166,2020,1,5541,2614,1660
Line 166,2020,2,6080,2704,1803
Line 166,2020,3,3638,1645,1286
Line 166,2020,4,1360,903,550
Line 166,2020,5,1463,1059,806
Line 166,2020,6,1845,1257,1127
Line 166,2020,7,2249,1352,1313
Line 166,2020,8,2293,1429,1170
Line 166,2020,9,2510,1501,1208
Line 166,2020,10,2624,1643,1355
Line 166,2020,11,2650,1580,1252
Line 166,2020,12,2421,1672,1068
Line 166,2021,1,2242,1441,1039
Line 166,2021,2,2630,1595,1325
Line 166,2021,3,2717,1782,1350
Line 166,2021,4,3063,1834,1359
Line 166,2021,5,3282,1952,1525
Line 166,2021,6,3361,2006,1560
Line 166,2021,7,3457,2118,1777
Line 166,2021,8,4185,2500,1940
Line 166,2021,9,4588,2397,2056
Line 166,2021,10,4709,2487,2091
Line 166,2021,11,4710,2592,2030
Line 166,2021,12,3900,0,1902
Line 166,2022,1,3443,1897,1720
Line 166,2022,2,3915,2278,1738
Line 166,2022,3,4293,2388,1841
Line 166,2022,4,4455,2451,1905
Line 166,2022,5,4542,2459,2055
Line 166,2022,6,4223,2457,2148
Line 166,2022,7,4068,2379,1942
Line 166,2022,8,4309,2570,2013
Line 166,2022,9,4984,2483,1930
Line 166,2022,10,5272,2688,2161
Line 166,2022,11,4858,2652,1936
Line 166,2022,12,4502,2439,1915
Line 166,2023,1,4294,2548,1983
Line 166,2023,2,5042,2408,2194
Line 166,2023,3,4829,2750,2224
Line 166,2023,4,5500,2986,2269
Line 166,2023,5,5512,2935,2401
Line 166,2023,6,5060,2957,2235
Line 166,2023,7,4816,2907,2241
Line 166,2023,8,5365,3010,1954
Line 166,2023,9,6428,3069,2584
Line 166,2023,10,6483,3242,2598
Line 166,2023,11,6080,3199,2424
Line 166,2023,12,5333,3102,2221
Line 166,2024,1,5390,2850,2289
Line 166,2024,2,5504,3175,2155
Line 166,2024,3,5894,2736,2495
Line 166,2024,4,6343,3269,2438
Line 166,2024,5,6308,3344,2700
Line 166,2024,6,5667,3186,2442
Line 166,2024,7,5279,3144,2574
Line 166,2024,8,6117,3354,2833
Line 166,2024,9,7192,3442,2840
Line 166,2024,10,7057,3476,2626
Line 166,2024,11,6596,3397,2690
Line 166,2024,12,5952,3443,2647
Line 166,2025,1,5931,3261,2603
Line 166,2025,2,6549,3615,2739
Line 166,2025,3,6533,3654,3020
Line 166,2025,4,6819,3476,2822
Line 166,2025,5,6606,3484,2930
Line 166,2025,6,5554,3069,2708
Line 166,2025,7,5044,3008,2470
Line 166,2025,8,5745,3215,2615
Line 166,2025,9,6714,3185,2734
Line 166,2025,10,6710,3332,2935
Line 166,2025,11,5936,2858,2542
Line 166,2025,12,5863,3306,2540
Line 166,2026,1,5731,2764,2339
Line 166,2026,2,6152,3143,2567
Line 166,2026,3,6262,3135,2638
Line 166,2026,4,6511,3231,2528
Line 166,2026,5,6205,3255,2751
Line 167,2018,4,2310,1329,1133
Line 167,2018,5,2295,1272,1079
Line 167,2018,6,2009,1216,1102
Line 167,2018,7,1937,1202,1100
Line 167,2018,8,2167,1269,1101
Line 167,2018,9,2588,1362,1118
Line 167,2018,10,2537,1299,1159
Line 167,2018,11,2268,1283,1171
Line 167,2018,12,1924,1190,936
Line 167,2019,1,1887,1089,1001
Line 167,2019,2,2223,1004,899
Line 167,2019,3,2195,1139,1028
Line 167,2019,4,2243,1169,1073
Line 167,2019,5,2295,1237,1025
Line 167,2019,6,2017,1236,1015
Line 167,2019,7,1950,1183,1078
Line 167,2019,8,2104,1230,1168
Line 167,2019,9,2552,1340,1138
Line 167,2019,10,2553,1241,1195
Line 167,2019,11,2277,1223,1040
Line 167,2019,12,2012,1204,996
Line 167,2020,1,2063,1164,995
Line 167,2020,2,2364,1241,1176
Line 167,2020,3,1540,854,902
Line 167,2020,4,734,559,508
Line 167,2020,5,822,710,629
Line 167,2020,6,983,798,691
Line 167,2020,7,909,930,957
Line 167,2020,8,991,947,888
Line 167,2020,9,1040,921,841
Line 167,2020,10,1021,1014,972
Line 167,2020,11,1021,1012,802
Line 167,2020,12,932,852,776
Line 167,2021,1,873,880,749
Line 167,2021,2,903,986,783
Line 167,2021,3,1009,1044,892
Line 167,2021,4,1101,1042,874
Line 167,2021,5,1165,1093,910
Line 167,2021,6,1179,1068,978
Line 167,2021,7,1178,923,827
Line 167,2021,8,1323,1041,846
Line 167,2021,9,1518,904,868
Line 167,2021,10,1493,965,901
Line 167,2021,11,1422,1089,782
Line 167,2021,12,1107,0,734
Line 167,2022,1,1085,814,833
Line 167,2022,2,1243,804,693
Line 167,2022,3,1266,951,854
Line 167,2022,4,1234,913,746
Line 167,2022,5,1305,945,794
Line 167,2022,6,1189,1048,864
Line 167,2022,7,1183,918,791
Line 167,2022,8,1312,974,886
Line 167,2022,9,1478,917,866
Line 167,2022,10,1649,1041,862
Line 167,2022,11,1441,967,852
Line 167,2022,12,1308,906,766
Line 167,2023,1,1306,954,763
Line 167,2023,2,1386,880,825
Line 167,2023,3,1322,910,777
Line 167,2023,4,1403,912,813
Line 167,2023,5,1443,966,832
Line 167,2023,6,1297,967,864
Line 167,2023,7,1234,980,853
Line 167,2023,8,1349,1059,888
Line 167,2023,9,1581,943,909
Line 167,2023,10,1576,970,917
Line 167,2023,11,1459,966,951
Line 167,2023,12,1264,998,766
Line 167,2024,1,1185,917,792
Line 167,2024,2,1316,980,832
Line 167,2024,3,1505,931,888
Line 167,2024,4,1541,1105,950
Line 167,2024,5,1498,1060,1032
Line 167,2024,6,1329,1103,1062
Line 167,2024,7,1262,1063,878
Line 167,2024,8,1475,1027,963
Line 167,2024,9,1767,1085,952
Line 167,2024,10,1727,1089,993
Line 167,2024,11,1588,1078,881
Line 167,2024,12,1290,974,877
Line 167,2025,1,1275,988,786
Line 167,2025,2,1456,997,923
Line 167,2025,3,1447,1076,917
Line 167,2025,4,1498,1042,936
Line 167,2025,5,1508,1057,883
Line 167,2025,6,1218,1035,852
Line 167,2025,7,1197,807,791
Line 167,2025,8,1355,924,880
Line 167,2025,9,1668,1006,889
Line 167,2025,10,1596,945,869
Line 167,2025,11,1377,795,776
Line 167,2025,12,1294,792,685
Line 167,2026,1,1210,833,731
Line 167,2026,2,1383,985,832
Line 167,2026,3,1466,978,805
Line 167,2026,4,1448,878,794
Line 167,2026,5,1422,974,858
Line 169,2018,4,2306,null,null
Line 169,2018,5,2318,null,null
Line 169,2018,6,1993,null,null
Line 169,2018,7,2173,0,0
Line 169,2018,8,2330,0,0
Line 169,2018,9,2393,0,0
Line 169,2018,10,2413,0,0
Line 169,2018,11,2134,0,0
Line 169,2018,12,1946,0,0
Line 169,2019,1,1922,0,0
Line 169,2019,2,2119,0,0
Line 169,2019,3,2226,0,0
Line 169,2019,4,2225,0,0
Line 169,2019,5,2354,0,0
Line 169,2019,6,2121,0,0
Line 169,2019,7,2224,0,0
Line 169,2019,8,2222,0,0
Line 169,2019,9,2439,0,0
Line 169,2019,10,2402,0,0
Line 169,2019,11,2247,0,0
Line 169,2019,12,1975,0,0
Line 169,2020,1,2053,0,0
Line 169,2020,2,2207,0,0
Line 169,2020,3,1372,0,0
Line 169,2020,4,577,0,0
Line 169,2020,5,795,0,0
Line 169,2020,6,969,0,0
Line 169,2020,7,992,0,0
Line 169,2020,8,959,0,0
Line 169,2020,9,1057,0,0
Line 169,2020,10,1117,0,0
Line 169,2020,11,1126,0,0
Line 169,2020,12,940,0,0
Line 169,2021,1,843,0,0
Line 169,2021,2,953,0,0
Line 169,2021,3,993,0,0
Line 169,2021,4,1136,0,0
Line 169,2021,5,1207,0,0
Line 169,2021,6,1298,0,0
Line 169,2021,7,1349,0,0
Line 169,2021,8,1562,0,0
Line 169,2021,9,1619,273,228
Line 169,2021,10,1721,647,491
Line 169,2021,11,1675,661,488
Line 169,2021,12,1297,0,503
Line 169,2022,1,1186,470,444
Line 169,2022,2,1480,617,444
Line 169,2022,3,1719,670,481
Line 169,2022,4,1633,677,486
Line 169,2022,5,1853,738,531
Line 169,2022,6,1568,760,606
Line 169,2022,7,1506,775,534
Line 169,2022,8,1789,788,666
Line 169,2022,9,1941,752,606
Line 169,2022,10,2153,851,665
Line 169,2022,11,1847,792,595
Line 169,2022,12,1656,739,567
Line 169,2023,1,1655,715,595
Line 169,2023,2,1880,778,650
Line 169,2023,3,1817,780,587
Line 169,2023,4,1883,804,604
Line 169,2023,5,1987,829,614
Line 169,2023,6,1649,880,652
Line 169,2023,7,1500,858,695
Line 169,2023,8,1769,1010,666
Line 169,2023,9,2064,1027,772
Line 169,2023,10,1973,1072,834
Line 169,2023,11,1859,986,796
Line 169,2023,12,1689,1004,682
Line 169,2024,1,1745,1032,687
Line 169,2024,2,1719,1102,778
Line 169,2024,3,1831,970,826
Line 169,2024,4,2000,1100,929
Line 169,2024,5,2052,1171,863
Line 169,2024,6,1865,1105,908
Line 169,2024,7,1720,1117,860
Line 169,2024,8,1971,1187,962
Line 169,2024,9,2157,1202,935
Line 169,2024,10,2252,1247,969
Line 169,2024,11,2052,1188,912
Line 169,2024,12,1934,1171,986
Line 169,2025,1,1948,1186,828
Line 169,2025,2,2179,1445,1072
Line 169,2025,3,2229,1276,993
Line 169,2025,4,2198,1327,1030
Line 169,2025,5,2347,1305,1005
Line 169,2025,6,1840,1117,1042
Line 169,2025,7,1865,1086,827
Line 169,2025,8,2127,1177,943
Line 169,2025,9,2377,1181,950
Line 169,2025,10,2356,1159,984
Line 169,2025,11,2029,1117,894
Line 169,2025,12,2086,1125,861
Line 169,2026,1,2008,1089,832
Line 169,2026,2,2144,1088,922
Line 169,2026,3,2192,1045,907
Line 169,2026,4,2092,1036,838
Line 169,2026,5,2275,1143,948
Line 175,2018,4,875,null,null
Line 175,2018,5,828,null,null
Line 175,2018,6,667,null,null
Line 175,2018,7,327,0,0
Line 175,2018,8,761,0,0
Line 175,2018,9,947,0,0
Line 175,2018,10,925,0,0
Line 175,2018,11,792,0,0
Line 175,2018,12,578,0,0
Line 175,2019,1,749,0,0
Line 175,2019,2,792,0,0
Line 175,2019,3,897,0,0
Line 175,2019,4,763,0,0
Line 175,2019,5,771,0,0
Line 175,2019,6,711,0,0
Line 175,2019,7,294,0,0
Line 175,2019,8,687,0,0
Line 175,2019,9,840,0,0
Line 175,2019,10,981,0,0
Line 175,2019,11,884,0,0
Line 175,2019,12,561,0,0
Line 175,2020,1,687,0,0
Line 175,2020,2,790,0,0
Line 175,2020,3,450,0,0
Line 175,2020,4,92,0,0
Line 175,2020,5,116,0,0
Line 175,2020,6,146,0,0
Line 175,2020,7,125,0,0
Line 175,2020,8,137,0,0
Line 175,2020,9,136,0,0
Line 175,2020,10,147,0,0
Line 175,2020,11,130,0,0
Line 175,2020,12,163,0,0
Line 175,2021,1,164,0,0
Line 175,2021,2,172,0,0
Line 175,2021,3,152,0,0
Line 175,2021,4,197,0,0
Line 175,2021,5,197,0,0
Line 175,2021,6,212,0,0
Line 175,2021,7,0,0,0
Line 175,2021,8,0,0,0
Line 175,2021,9,0,0,0
Line 175,2021,10,0,0,0
Line 175,2021,11,0,0,0
Line 175,2021,12,0,0,0
Line 175,2022,1,0,0,0
Line 175,2022,2,0,0,0
Line 175,2022,3,0,0,0
Line 175,2022,4,0,0,0
Line 175,2022,5,0,0,0
Line 175,2022,6,0,0,0
Line 175,2022,7,0,0,0
Line 175,2022,8,0,0,0
Line 175,2022,9,0,0,0
Line 175,2022,10,0,0,0
Line 175,2022,11,0,0,0
Line 175,2022,12,0,0,0
Line 175,2023,1,0,0,0
Line 175,2023,2,0,0,0
Line 175,2023,3,0,0,0
Line 175,2023,4,0,0,0
Line 175,2023,5,0,0,0
Line 175,2023,6,0,0,0
Line 175,2023,7,0,0,0
Line 175,2023,8,0,0,0
Line 175,2023,9,0,0,0
Line 175,2023,10,0,0,0
Line 175,2023,11,0,0,0
Line 175,2023,12,0,0,0
Line 175,2024,1,0,0,0
Line 175,2024,2,0,0,0
Line 175,2024,3,0,0,0
Line 175,2024,4,0,0,0
Line 175,2024,5,0,0,0
Line 175,2024,6,0,0,0
Line 175,2024,7,0,0,0
Line 175,2024,8,0,0,0
Line 175,2024,9,0,0,0
Line 175,2024,10,0,0,0
Line 175,2024,11,0,0,0
Line 175,2024,12,0,0,0
Line 175,2025,1,0,0,0
Line 175,2025,2,0,0,0
Line 175,2025,3,0,0,0
Line 175,2025,4,0,0,0
Line 175,2025,5,0,0,0
Line 175,2025,6,0,0,0
Line 176,2018,4,1635,null,null
Line 176,2018,5,1611,null,null
Line 176,2018,6,1663,null,null
Line 176,2018,7,1575,0,0
Line 176,2018,8,1583,0,0
Line 176,2018,9,1633,0,0
Line 176,2018,10,1603,0,0
Line 176,2018,11,1490,0,0
Line 176,2018,12,1382,0,0
Line 176,2019,1,1412,0,0
Line 176,2019,2,1400,0,0
Line 176,2019,3,1503,0,0
Line 176,2019,4,1557,0,0
Line 176,2019,5,1569,0,0
Line 176,2019,6,1588,0,0
Line 176,2019,7,1522,0,0
Line 176,2019,8,1559,0,0
Line 176,2019,9,1590,0,0
Line 176,2019,10,1597,0,0
Line 176,2019,11,1469,0,0
Line 176,2019,12,1378,0,0
Line 176,2020,1,1449,0,0
Line 176,2020,2,1478,0,0
Line 176,2020,3,954,0,0
Line 176,2020,4,414,0,0
Line 176,2020,5,525,0,0
Line 176,2020,6,608,0,0
Line 176,2020,7,634,0,0
Line 176,2020,8,655,0,0
Line 176,2020,9,691,0,0
Line 176,2020,10,700,0,0
Line 176,2020,11,662,0,0
Line 176,2020,12,593,0,0
Line 176,2021,1,569,0,0
Line 176,2021,2,631,0,0
Line 176,2021,3,632,0,0
Line 176,2021,4,707,0,0
Line 176,2021,5,761,0,0
Line 176,2021,6,769,0,0
Line 176,2021,7,0,0,0
Line 176,2021,8,0,0,0
Line 176,2021,9,0,0,0
Line 176,2021,10,0,0,0
Line 176,2021,11,0,0,0
Line 176,2021,12,0,0,0
Line 176,2022,1,0,0,0
Line 176,2022,2,0,0,0
Line 176,2022,3,0,0,0
Line 176,2022,4,0,0,0
Line 176,2022,5,0,0,0
Line 176,2022,6,0,0,0
Line 176,2022,7,0,0,0
Line 176,2022,8,0,0,0
Line 176,2022,9,0,0,0
Line 176,2022,10,0,0,0
Line 176,2022,11,0,0,0
Line 176,2022,12,0,0,0
Line 176,2023,1,0,0,0
Line 176,2023,2,0,0,0
Line 176,2023,3,0,0,0
Line 176,2023,4,0,0,0
Line 176,2023,5,0,0,0
Line 176,2023,6,0,0,0
Line 176,2023,7,0,0,0
Line 176,2023,8,0,0,0
Line 176,2023,9,0,0,0
Line 176,2023,10,0,0,0
Line 176,2023,11,0,0,0
Line 176,2023,12,0,0,0
Line 176,2024,1,0,0,0
Line 176,2024,2,0,0,0
Line 176,2024,3,0,0,0
Line 176,2024,4,0,0,0
Line 176,2024,5,0,0,0
Line 176,2024,6,0,0,0
Line 176,2024,7,0,0,0
Line 176,2024,8,0,0,0
Line 176,2024,9,0,0,0
Line 176,2024,10,0,0,0
Line 176,2024,11,0,0,0
Line 176,2024,12,0,0,0
Line 176,2025,1,0,0,0
Line 176,2025,2,0,0,0
Line 176,2025,3,0,0,0
Line 176,2025,4,0,0,0
Line 176,2025,5,0,0,0
Line 176,2025,6,0,0,0
Line 177,2018,4,412,null,null
Line 177,2018,5,424,null,null
Line 177,2018,6,454,null,null
Line 177,2018,7,443,0,0
Line 177,2018,8,462,0,0
Line 177,2018,9,439,0,0
Line 177,2018,10,425,0,0
Line 177,2018,11,425,0,0
Line 177,2018,12,341,0,0
Line 177,2019,1,418,0,0
Line 177,2019,2,361,0,0
Line 177,2019,3,336,0,0
Line 177,2019,4,341,0,0
Line 177,2019,5,371,0,0
Line 177,2019,6,368,0,0
Line 177,2019,7,377,0,0
Line 177,2019,8,351,0,0
Line 177,2019,9,341,0,0
Line 177,2019,10,350,0,0
Line 177,2019,11,334,0,0
Line 177,2019,12,270,0,0
Line 177,2020,1,341,0,0
Line 177,2020,2,362,0,0
Line 177,2020,3,248,0,0
Line 177,2020,4,81,0,0
Line 177,2020,5,0,0,0
Line 177,2020,6,0,0,0
Line 177,2020,7,0,0,0
Line 177,2020,8,0,0,0
Line 177,2020,9,0,0,0
Line 177,2020,10,0,0,0
Line 177,2020,11,0,0,0
Line 177,2020,12,0,0,0
Line 177,2021,1,0,0,0
Line 177,2021,2,0,0,0
Line 177,2021,3,0,0,0
Line 177,2021,4,0,0,0
Line 177,2021,5,0,0,0
Line 177,2021,6,0,0,0
Line 177,2021,7,107,0,0
Line 177,2021,8,124,0,0
Line 177,2021,9,141,0,0
Line 177,2021,10,129,0,0
Line 177,2021,11,147,0,0
Line 177,2021,12,123,0,0
Line 177,2022,1,127,0,0
Line 177,2022,2,146,0,0
Line 177,2022,3,164,0,0
Line 177,2022,4,160,0,0
Line 177,2022,5,178,0,0
Line 177,2022,6,198,0,0
Line 177,2022,7,107,0,0
Line 177,2022,8,118,0,0
Line 177,2022,9,121,0,0
Line 177,2022,10,120,0,0
Line 177,2022,11,110,0,0
Line 177,2022,12,119,0,0
Line 177,2023,1,160,0,0
Line 177,2023,2,188,0,0
Line 177,2023,3,173,0,0
Line 177,2023,4,201,0,0
Line 177,2023,5,207,0,0
Line 177,2023,6,235,0,0
Line 177,2023,7,210,0,0
Line 177,2023,8,200,0,0
Line 177,2023,9,222,0,0
Line 177,2023,10,220,0,0
Line 177,2023,11,212,0,0
Line 177,2023,12,207,0,0
Line 177,2024,1,223,0,0
Line 177,2024,2,219,0,0
Line 177,2024,3,233,0,0
Line 177,2024,4,234,0,0
Line 177,2024,5,210,0,0
Line 177,2024,6,237,0,0
Line 177,2024,7,237,0,0
Line 177,2024,8,241,0,0
Line 177,2024,9,215,0,0
Line 177,2024,10,210,0,0
Line 177,2024,11,204,0,0
Line 177,2024,12,96,0,0
Line 177,2025,1,0,0,0
Line 177,2025,2,0,0,0
Line 177,2025,3,0,0,0
Line 177,2025,4,0,0,0
Line 177,2025,5,0,0,0
Line 177,2025,6,0,0,0
Line 179,2018,7,0,0,0
Line 179,2018,8,0,0,0
Line 179,2018,9,0,0,0
Line 179,2018,10,0,0,0
Line 179,2018,11,0,0,0
Line 179,2018,12,0,0,0
Line 179,2019,1,0,0,0
Line 179,2019,2,0,0,0
Line 179,2019,3,0,0,0
Line 179,2019,4,0,0,0
Line 179,2019,5,0,0,0
Line 179,2019,6,0,0,0
Line 179,2019,7,0,0,0
Line 179,2019,8,0,0,0
Line 179,2019,9,0,0,0
Line 179,2019,10,0,0,0
Line 179,2019,11,0,0,0
Line 179,2019,12,0,0,0
Line 179,2020,1,0,0,0
Line 179,2020,2,0,0,0
Line 179,2020,3,0,0,0
Line 179,2020,4,0,0,0
Line 179,2020,5,0,0,0
Line 179,2020,6,0,0,0
Line 179,2020,7,0,0,0
Line 179,2020,8,0,0,0
Line 179,2020,9,0,0,0
Line 179,2020,10,0,0,0
Line 179,2020,11,0,0,0
Line 179,2020,12,0,0,0
Line 179,2021,1,0,0,0
Line 179,2021,2,0,0,0
Line 179,2021,3,0,0,0
Line 179,2021,4,0,0,0
Line 179,2021,5,0,0,0
Line 179,2021,6,0,0,0
Line 179,2021,7,0,0,0
Line 179,2021,8,0,0,0
Line 179,2021,9,0,0,0
Line 179,2021,10,0,0,0
Line 179,2021,11,0,0,0
Line 179,2021,12,373,0,547
Line 179,2022,1,732,801,771
Line 179,2022,2,774,831,614
Line 179,2022,3,689,700,627
Line 179,2022,4,714,719,569
Line 179,2022,5,699,785,639
Line 179,2022,6,726,690,683
Line 179,2022,7,661,608,564
Line 179,2022,8,666,655,556
Line 179,2022,9,690,676,551
Line 179,2022,10,760,728,617
Line 179,2022,11,682,677,569
Line 179,2022,12,724,495,554
Line 179,2023,1,656,679,562
Line 179,2023,2,677,688,615
Line 179,2023,3,679,657,560
Line 179,2023,4,740,736,656
Line 179,2023,5,738,822,629
Line 179,2023,6,776,707,636
Line 179,2023,7,767,745,631
Line 179,2023,8,776,708,618
Line 179,2023,9,849,783,684
Line 179,2023,10,870,796,731
Line 179,2023,11,849,824,683
Line 179,2023,12,895,763,615
Line 179,2024,1,820,868,670
Line 179,2024,2,778,905,662
Line 179,2024,3,868,741,701
Line 179,2024,4,845,900,757
Line 179,2024,5,906,923,702
Line 179,2024,6,878,907,727
Line 179,2024,7,833,837,656
Line 179,2024,8,866,772,644
Line 179,2024,9,873,755,700
Line 179,2024,10,862,885,770
Line 179,2024,11,912,849,569
Line 179,2024,12,967,808,638
Line 179,2025,1,916,877,739
Line 179,2025,2,879,881,703
Line 179,2025,3,893,818,772
Line 179,2025,4,891,918,692
Line 179,2025,5,898,895,722
Line 179,2025,6,870,768,757
Line 179,2025,7,821,614,591
Line 179,2025,8,870,743,587
Line 179,2025,9,909,807,627
Line 179,2025,10,926,640,599
Line 179,2025,11,901,615,529
Line 179,2025,12,889,572,539
Line 179,2026,1,875,652,453
Line 179,2026,2,885,733,561
Line 179,2026,3,921,826,737
Line 179,2026,4,923,776,370
Line 179,2026,5,921,610,697
Line 180,2018,4,8099,10057,8167
Line 180,2018,5,8078,9636,8302
Line 180,2018,6,8213,9656,8499
Line 180,2018,7,7924,9539,8082
Line 180,2018,8,8000,10009,8452
Line 180,2018,9,8329,9759,8352
Line 180,2018,10,8309,9739,8498
Line 180,2018,11,8029,10255,8272
Line 180,2018,12,7768,10342,8157
Line 180,2019,1,7225,8790,7300
Line 180,2019,2,7531,8484,6956
Line 180,2019,3,7832,9304,7937
Line 180,2019,4,7969,9337,7688
Line 180,2019,5,7931,9748,7647
Line 180,2019,6,8140,9769,8080
Line 180,2019,7,8266,9687,8164
Line 180,2019,8,8137,9829,8074
Line 180,2019,9,8495,9651,7847
Line 180,2019,10,8380,10068,8209
Line 180,2019,11,8039,9631,7200
Line 180,2019,12,7609,9902,7134
Line 180,2020,1,7473,9246,7288
Line 180,2020,2,7746,9278,7292
Line 180,2020,3,4946,5628,4975
Line 180,2020,4,2638,3036,2325
Line 180,2020,5,3512,3732,3315
Line 180,2020,6,4563,4755,4255
Line 180,2020,7,5136,5526,5594
Line 180,2020,8,5235,5455,4678
Line 180,2020,9,5539,5865,5049
Line 180,2020,10,5844,6179,5440
Line 180,2020,11,5829,6258,5065
Line 180,2020,12,5307,5868,4561
Line 180,2021,1,4901,5168,4369
Line 180,2021,2,5568,6107,5125
Line 180,2021,3,5766,6420,5489
Line 180,2021,4,6537,6790,5739
Line 180,2021,5,6794,7332,6274
Line 180,2021,6,7259,7502,6657
Line 180,2021,7,7693,6513,5523
Line 180,2021,8,8008,6795,5610
Line 180,2021,9,8401,6399,5769
Line 180,2021,10,8365,7016,5631
Line 180,2021,11,8474,7208,5447
Line 180,2021,12,7609,0,5453
Line 180,2022,1,6605,5618,5003
Line 180,2022,2,7164,5785,4695
Line 180,2022,3,7393,6261,4953
Line 180,2022,4,7615,5944,4936
Line 180,2022,5,7588,6158,5202
Line 180,2022,6,7706,6093,5515
Line 180,2022,7,7386,6221,5146
Line 180,2022,8,7590,6168,5057
Line 180,2022,9,8023,6060,4999
Line 180,2022,10,8524,6255,5549
Line 180,2022,11,8064,6497,5067
Line 180,2022,12,8025,6142,4961
Line 180,2023,1,7605,5804,4878
Line 180,2023,2,7925,5874,5514
Line 180,2023,3,7729,6746,5534
Line 180,2023,4,8337,6948,5873
Line 180,2023,5,8266,6938,5824
Line 180,2023,6,8321,7005,6047
Line 180,2023,7,8081,6752,5741
Line 180,2023,8,8383,6948,5358
Line 180,2023,9,9305,6971,5975
Line 180,2023,10,9310,7306,6427
Line 180,2023,11,8969,6950,5846
Line 180,2023,12,8698,7182,5537
Line 180,2024,1,8216,6725,5775
Line 180,2024,2,8245,7321,5322
Line 180,2024,3,9327,6463,6169
Line 180,2024,4,9281,7437,5977
Line 180,2024,5,9680,7551,6457
Line 180,2024,6,9284,7806,6407
Line 180,2024,7,7404,6270,5267
Line 180,2024,8,7587,6290,5611
Line 180,2024,9,7895,6161,5598
Line 180,2024,10,8061,6700,5730
Line 180,2024,11,7794,6334,5193
Line 180,2024,12,7500,6074,5236
Line 180,2025,1,6817,6018,4530
Line 180,2025,2,7106,6318,5670
Line 180,2025,3,7321,6412,5373
Line 180,2025,4,7397,6233,5731
Line 180,2025,5,7673,6438,5628
Line 180,2025,6,7190,6217,5505
Line 180,2025,7,7121,5714,5086
Line 180,2025,8,7355,6149,5516
Line 180,2025,9,8011,6209,5589
Line 180,2025,10,8073,6481,5527
Line 180,2025,11,7608,5926,5160
Line 180,2025,12,7341,6677,5590
Line 180,2026,1,6942,5365,4540
Line 180,2026,2,7105,5894,5384
Line 180,2026,3,7781,6114,5292
Line 180,2026,4,7705,6123,5155
Line 180,2026,5,7734,6386,5528
Line 182,2018,7,0,0,0
Line 182,2018,8,0,0,0
Line 182,2018,9,0,0,0
Line 182,2018,10,0,0,0
Line 182,2018,11,0,0,0
Line 182,2018,12,0,0,0
Line 182,2019,1,0,0,0
Line 182,2019,2,0,0,0
Line 182,2019,3,0,0,0
Line 182,2019,4,0,0,0
Line 182,2019,5,0,0,0
Line 182,2019,6,0,0,0
Line 182,2019,7,0,0,0
Line 182,2019,8,0,0,0
Line 182,2019,9,0,0,0
Line 182,2019,10,0,0,0
Line 182,2019,11,0,0,0
Line 182,2019,12,0,0,0
Line 182,2020,1,0,0,0
Line 182,2020,2,0,0,0
Line 182,2020,3,0,0,0
Line 182,2020,4,0,0,0
Line 182,2020,5,0,0,0
Line 182,2020,6,0,0,0
Line 182,2020,7,0,0,0
Line 182,2020,8,0,0,0
Line 182,2020,9,0,0,0
Line 182,2020,10,0,0,0
Line 182,2020,11,0,0,0
Line 182,2020,12,0,0,0
Line 182,2021,1,0,0,0
Line 182,2021,2,0,0,0
Line 182,2021,3,0,0,0
Line 182,2021,4,0,0,0
Line 182,2021,5,0,0,0
Line 182,2021,6,0,0,0
Line 182,2021,7,1228,1026,808
Line 182,2021,8,1687,1079,935
Line 182,2021,9,1958,1186,1043
Line 182,2021,10,2273,1308,1061
Line 182,2021,11,2224,1215,943
Line 182,2021,12,1847,0,875
Line 182,2022,1,1719,1137,855
Line 182,2022,2,2115,1185,884
Line 182,2022,3,2189,1161,926
Line 182,2022,4,2094,1126,924
Line 182,2022,5,2242,1186,907
Line 182,2022,6,2050,1244,996
Line 182,2022,7,1747,1237,928
Line 182,2022,8,2039,1338,1002
Line 182,2022,9,2475,1336,1050
Line 182,2022,10,2439,1323,1034
Line 182,2022,11,2329,1279,941
Line 182,2022,12,2073,1183,982
Line 182,2023,1,2277,1340,1028
Line 182,2023,2,2551,1439,1217
Line 182,2023,3,2409,1408,1143
Line 182,2023,4,2471,1697,1244
Line 182,2023,5,2645,1617,1213
Line 182,2023,6,2228,1582,1254
Line 182,2023,7,2047,1530,1230
Line 182,2023,8,2562,1733,1116
Line 182,2023,9,2915,1634,1298
Line 182,2023,10,2938,1729,1344
Line 182,2023,11,2594,1643,1186
Line 182,2023,12,2347,1579,1152
Line 182,2024,1,2592,1504,1197
Line 182,2024,2,2746,1866,1309
Line 182,2024,3,2904,1553,1322
Line 182,2024,4,3019,1739,1357
Line 182,2024,5,3155,1889,1366
Line 182,2024,6,2722,1899,1465
Line 182,2024,7,2238,1743,1337
Line 182,2024,8,2836,1870,1384
Line 182,2024,9,3121,1877,1383
Line 182,2024,10,3217,1922,1486
Line 182,2024,11,2882,1862,1374
Line 182,2024,12,2688,1788,1261
Line 182,2025,1,2879,1868,1206
Line 182,2025,2,2879,1987,1569
Line 182,2025,3,2959,2104,1531
Line 182,2025,4,2935,2069,1492
Line 182,2025,5,3200,1973,1504
Line 182,2025,6,2654,1918,1551
Line 182,2025,7,2244,1691,1305
Line 182,2025,8,2658,1767,1417
Line 182,2025,9,2954,1923,1443
Line 182,2025,10,2911,1951,1511
Line 182,2025,11,2674,1731,1461
Line 182,2025,12,2576,1831,1269
Line 182,2026,1,2620,1711,1257
Line 182,2026,2,2770,1862,1502
Line 182,2026,3,2848,1873,1561
Line 182,2026,4,2919,1845,1339
Line 182,2026,5,3051,1894,1554
Line 183,2018,4,1907,684,500
Line 183,2018,5,1906,662,510
Line 183,2018,6,1839,672,520
Line 183,2018,7,1613,648,504
Line 183,2018,8,1705,698,545
Line 183,2018,9,1776,677,552
Line 183,2018,10,1771,657,534
Line 183,2018,11,1633,666,517
Line 183,2018,12,1515,663,471
Line 183,2019,1,1527,575,474
Line 183,2019,2,1564,568,435
Line 183,2019,3,1681,612,515
Line 183,2019,4,1721,670,498
Line 183,2019,5,1762,695,473
Line 183,2019,6,1735,669,535
Line 183,2019,7,1706,643,507
Line 183,2019,8,1724,686,493
Line 183,2019,9,1809,699,526
Line 183,2019,10,1800,667,522
Line 183,2019,11,1690,687,477
Line 183,2019,12,1517,622,454
Line 183,2020,1,1592,623,443
Line 183,2020,2,1694,686,543
Line 183,2020,3,1038,426,366
Line 183,2020,4,337,223,176
Line 183,2020,5,255,250,186
Line 183,2020,6,408,246,216
Line 183,2020,7,635,326,312
Line 183,2020,8,658,359,262
Line 183,2020,9,716,340,241
Line 183,2020,10,750,399,306
Line 183,2020,11,738,319,263
Line 183,2020,12,674,308,244
Line 183,2021,1,615,320,236
Line 183,2021,2,735,370,254
Line 183,2021,3,781,401,295
Line 183,2021,4,883,418,334
Line 183,2021,5,934,429,312
Line 183,2021,6,1029,462,367
Line 183,2021,7,0,0,0
Line 183,2021,8,0,0,0
Line 183,2021,9,0,0,0
Line 183,2021,10,0,0,0
Line 183,2021,11,0,0,0
Line 183,2021,12,0,0,0
Line 183,2022,1,0,0,0
Line 183,2022,2,0,0,0
Line 183,2022,3,0,0,0
Line 183,2022,4,0,0,0
Line 183,2022,5,0,0,0
Line 183,2022,6,0,0,0
Line 183,2022,7,0,0,0
Line 183,2022,8,0,0,0
Line 183,2022,9,0,0,0
Line 183,2022,10,0,0,0
Line 183,2022,11,0,0,0
Line 183,2022,12,0,0,0
Line 183,2023,1,0,0,0
Line 183,2023,2,0,0,0
Line 183,2023,3,0,0,0
Line 183,2023,4,0,0,0
Line 183,2023,5,0,0,0
Line 183,2023,6,0,0,0
Line 183,2023,7,0,0,0
Line 183,2023,8,0,0,0
Line 183,2023,9,0,0,0
Line 183,2023,10,0,0,0
Line 183,2023,11,0,0,0
Line 183,2023,12,0,0,0
Line 183,2024,1,0,0,0
Line 183,2024,2,0,0,0
Line 183,2024,3,0,0,0
Line 183,2024,4,0,0,0
Line 183,2024,5,0,0,0
Line 183,2024,6,0,0,0
Line 183,2024,7,0,0,0
Line 183,2024,8,0,0,0
Line 183,2024,9,0,0,0
Line 183,2024,10,0,0,0
Line 183,2024,11,0,0,0
Line 183,2024,12,0,0,0
Line 183,2025,1,0,0,0
Line 183,2025,2,0,0,0
Line 183,2025,3,0,0,0
Line 183,2025,4,0,0,0
Line 183,2025,5,0,0,0
Line 183,2025,6,0,0,0
Line 200,2018,4,11981,9176,7423
Line 200,2018,5,11733,9033,6984
Line 200,2018,6,11613,9013,7220
Line 200,2018,7,10833,8783,7078
Line 200,2018,8,11347,9032,7532
Line 200,2018,9,11859,8741,6579
Line 200,2018,10,11630,8585,6767
Line 200,2018,11,10966,8689,6599
Line 200,2018,12,10367,8523,6352
Line 200,2019,1,10242,7808,6246
Line 200,2019,2,10868,7831,6094
Line 200,2019,3,11220,8542,7164
Line 200,2019,4,11448,8815,7024
Line 200,2019,5,11397,8728,6971
Line 200,2019,6,11453,8857,7238
Line 200,2019,7,11071,8821,6884
Line 200,2019,8,11282,8896,7123
Line 200,2019,9,11713,8856,6803
Line 200,2019,10,11562,8719,6795
Line 200,2019,11,10676,7830,6022
Line 200,2019,12,10152,7968,5644
Line 200,2020,1,10411,8038,5975
Line 200,2020,2,10790,8388,6506
Line 200,2020,3,7435,5661,4957
Line 200,2020,4,3790,3499,2879
Line 200,2020,5,5077,4847,3982
Line 200,2020,6,6114,5517,4957
Line 200,2020,7,6430,5752,6090
Line 200,2020,8,6507,5855,5021
Line 200,2020,9,6894,6075,5212
Line 200,2020,10,6866,5837,5087
Line 200,2020,11,6756,5989,4945
Line 200,2020,12,6178,5687,4513
Line 200,2021,1,5312,5231,4325
Line 200,2021,2,5779,5579,4842
Line 200,2021,3,6392,6117,5122
Line 200,2021,4,7039,6167,5439
Line 200,2021,5,7476,6587,5470
Line 200,2021,6,7984,6897,5757
Line 200,2021,7,8671,7613,6274
Line 200,2021,8,10075,8028,6891
Line 200,2021,9,10541,8211,7182
Line 200,2021,10,10716,8272,7048
Line 200,2021,11,10593,8089,7048
Line 200,2021,12,5742,0,2695
Line 200,2022,1,0,0,0
Line 200,2022,2,0,0,0
Line 200,2022,3,0,0,0
Line 200,2022,4,0,0,0
Line 200,2022,5,0,0,0
Line 200,2022,6,0,0,0
Line 200,2022,7,0,0,0
Line 200,2022,8,0,0,0
Line 200,2022,9,0,0,0
Line 200,2022,10,0,0,0
Line 200,2022,11,0,0,0
Line 200,2022,12,0,0,0
Line 200,2023,1,0,0,0
Line 200,2023,2,0,0,0
Line 200,2023,3,0,0,0
Line 200,2023,4,0,0,0
Line 200,2023,5,0,0,0
Line 200,2023,6,0,0,0
Line 200,2023,7,0,0,0
Line 200,2023,8,0,0,0
Line 200,2023,9,0,0,0
Line 200,2023,10,0,0,0
Line 200,2023,11,0,0,0
Line 200,2023,12,0,0,0
Line 200,2024,1,0,0,0
Line 200,2024,2,0,0,0
Line 200,2024,3,0,0,0
Line 200,2024,4,0,0,0
Line 200,2024,5,0,0,0
Line 200,2024,6,0,0,0
Line 200,2024,7,0,0,0
Line 200,2024,8,0,0,0
Line 200,2024,9,0,0,0
Line 200,2024,10,0,0,0
Line 200,2024,11,0,0,0
Line 200,2024,12,0,0,0
Line 200,2025,1,0,0,0
Line 200,2025,2,0,0,0
Line 200,2025,3,0,0,0
Line 200,2025,4,0,0,0
Line 200,2025,5,0,0,0
Line 200,2025,6,0,0,0
Line 201,2018,4,1049,607,483
Line 201,2018,5,1051,579,504
Line 201,2018,6,1060,581,514
Line 201,2018,7,992,588,469
Line 201,2018,8,1009,637,500
Line 201,2018,9,1058,595,503
Line 201,2018,10,1041,581,504
Line 201,2018,11,1021,590,502
Line 201,2018,12,964,582,463
Line 201,2019,1,909,529,437
Line 201,2019,2,929,480,421
Line 201,2019,3,1000,582,478
Line 201,2019,4,1002,556,481
Line 201,2019,5,1015,559,458
Line 201,2019,6,1043,592,496
Line 201,2019,7,915,572,500
Line 201,2019,8,952,617,525
Line 201,2019,9,1005,616,519
Line 201,2019,10,1016,553,497
Line 201,2019,11,960,579,474
Line 201,2019,12,905,564,440
Line 201,2020,1,915,559,423
Line 201,2020,2,938,545,472
Line 201,2020,3,626,369,377
Line 201,2020,4,243,182,146
Line 201,2020,5,276,271,249
Line 201,2020,6,365,333,304
Line 201,2020,7,377,401,327
Line 201,2020,8,411,387,320
Line 201,2020,9,449,418,329
Line 201,2020,10,487,410,351
Line 201,2020,11,455,413,338
Line 201,2020,12,414,365,311
Line 201,2021,1,371,344,303
Line 201,2021,2,438,417,415
Line 201,2021,3,454,428,416
Line 201,2021,4,487,420,380
Line 201,2021,5,532,491,419
Line 201,2021,6,557,517,461
Line 201,2021,7,0,0,0
Line 201,2021,8,0,0,0
Line 201,2021,9,0,0,0
Line 201,2021,10,0,0,0
Line 201,2021,11,0,0,0
Line 201,2021,12,0,0,0
Line 201,2022,1,0,0,0
Line 201,2022,2,0,0,0
Line 201,2022,3,0,0,0
Line 201,2022,4,0,0,0
Line 201,2022,5,0,0,0
Line 201,2022,6,0,0,0
Line 201,2022,7,0,0,0
Line 201,2022,8,0,0,0
Line 201,2022,9,0,0,0
Line 201,2022,10,0,0,0
Line 201,2022,11,0,0,0
Line 201,2022,12,0,0,0
Line 201,2023,1,0,0,0
Line 201,2023,2,0,0,0
Line 201,2023,3,0,0,0
Line 201,2023,4,0,0,0
Line 201,2023,5,0,0,0
Line 201,2023,6,0,0,0
Line 201,2023,7,0,0,0
Line 201,2023,8,0,0,0
Line 201,2023,9,0,0,0
Line 201,2023,10,0,0,0
Line 201,2023,11,0,0,0
Line 201,2023,12,0,0,0
Line 201,2024,1,0,0,0
Line 201,2024,2,0,0,0
Line 201,2024,3,0,0,0
Line 201,2024,4,0,0,0
Line 201,2024,5,0,0,0
Line 201,2024,6,0,0,0
Line 201,2024,7,0,0,0
Line 201,2024,8,0,0,0
Line 201,2024,9,0,0,0
Line 201,2024,10,0,0,0
Line 201,2024,11,0,0,0
Line 201,2024,12,0,0,0
Line 201,2025,1,0,0,0
Line 201,2025,2,0,0,0
Line 201,2025,3,0,0,0
Line 201,2025,4,0,0,0
Line 201,2025,5,0,0,0
Line 201,2025,6,0,0,0
Line 202,2018,4,232,null,null
Line 202,2018,5,252,null,null
Line 202,2018,6,254,null,null
Line 202,2018,7,233,0,0
Line 202,2018,8,244,0,0
Line 202,2018,9,248,0,0
Line 202,2018,10,248,0,0
Line 202,2018,11,230,0,0
Line 202,2018,12,201,0,0
Line 202,2019,1,214,0,0
Line 202,2019,2,231,0,0
Line 202,2019,3,230,0,0
Line 202,2019,4,219,0,0
Line 202,2019,5,241,0,0
Line 202,2019,6,230,0,0
Line 202,2019,7,213,0,0
Line 202,2019,8,237,0,0
Line 202,2019,9,253,0,0
Line 202,2019,10,240,0,0
Line 202,2019,11,212,0,0
Line 202,2019,12,191,0,0
Line 202,2020,1,204,0,0
Line 202,2020,2,198,0,0
Line 202,2020,3,137,0,0
Line 202,2020,4,98,0,0
Line 202,2020,5,124,0,0
Line 202,2020,6,147,0,0
Line 202,2020,7,152,0,0
Line 202,2020,8,154,0,0
Line 202,2020,9,161,0,0
Line 202,2020,10,175,0,0
Line 202,2020,11,162,0,0
Line 202,2020,12,143,0,0
Line 202,2021,1,124,0,0
Line 202,2021,2,128,0,0
Line 202,2021,3,136,0,0
Line 202,2021,4,147,0,0
Line 202,2021,5,156,0,0
Line 202,2021,6,165,0,0
Line 202,2021,7,174,0,0
Line 202,2021,8,182,0,0
Line 202,2021,9,183,0,0
Line 202,2021,10,184,0,0
Line 202,2021,11,186,0,0
Line 202,2021,12,172,0,0
Line 202,2022,1,164,0,0
Line 202,2022,2,178,0,0
Line 202,2022,3,173,0,0
Line 202,2022,4,177,0,0
Line 202,2022,5,180,0,0
Line 202,2022,6,173,0,0
Line 202,2022,7,162,0,0
Line 202,2022,8,184,0,0
Line 202,2022,9,194,0,0
Line 202,2022,10,209,0,0
Line 202,2022,11,175,0,0
Line 202,2022,12,168,0,0
Line 202,2023,1,151,0,0
Line 202,2023,2,167,0,0
Line 202,2023,3,163,0,0
Line 202,2023,4,180,0,0
Line 202,2023,5,190,0,0
Line 202,2023,6,186,0,0
Line 202,2023,7,182,0,0
Line 202,2023,8,198,0,0
Line 202,2023,9,232,0,0
Line 202,2023,10,242,0,0
Line 202,2023,11,225,0,0
Line 202,2023,12,218,0,0
Line 202,2024,1,225,0,0
Line 202,2024,2,223,0,0
Line 202,2024,3,219,0,0
Line 202,2024,4,219,0,0
Line 202,2024,5,224,0,0
Line 202,2024,6,235,0,0
Line 202,2024,7,233,0,0
Line 202,2024,8,242,0,0
Line 202,2024,9,263,0,0
Line 202,2024,10,250,0,0
Line 202,2024,11,235,0,0
Line 202,2024,12,270,0,0
Line 202,2025,1,260,0,0
Line 202,2025,2,221,0,0
Line 202,2025,3,247,0,0
Line 202,2025,4,234,0,0
Line 202,2025,5,246,0,0
Line 202,2025,6,207,0,0
Line 202,2025,7,234,0,0
Line 202,2025,8,268,0,0
Line 202,2025,9,279,0,0
Line 202,2025,10,287,0,0
Line 202,2025,11,254,0,0
Line 202,2025,12,230,0,0
Line 202,2026,1,250,0,0
Line 202,2026,2,255,0,0
Line 202,2026,3,282,0,0
Line 202,2026,4,266,0,0
Line 202,2026,5,280,0,0
Line 204,2018,4,22077,15907,14645
Line 204,2018,5,22183,15592,14177
Line 204,2018,6,21449,15568,14952
Line 204,2018,7,21156,15502,14692
Line 204,2018,8,21842,16181,15003
Line 204,2018,9,21953,15744,14161
Line 204,2018,10,21723,15139,13945
Line 204,2018,11,20298,14593,13557
Line 204,2018,12,18579,14273,12676
Line 204,2019,1,18243,12842,12504
Line 204,2019,2,19709,12736,12082
Line 204,2019,3,20227,13584,13517
Line 204,2019,4,20495,14264,13118
Line 204,2019,5,20844,14465,12639
Line 204,2019,6,20984,14916,14038
Line 204,2019,7,19953,14450,13726
Line 204,2019,8,20281,14767,14464
Line 204,2019,9,21737,14912,13903
Line 204,2019,10,21532,15141,13534
Line 204,2019,11,19745,14139,12134
Line 204,2019,12,18204,13566,11572
Line 204,2020,1,18629,13511,11872
Line 204,2020,2,20245,14578,12827
Line 204,2020,3,13851,9748,9891
Line 204,2020,4,7796,6886,5444
Line 204,2020,5,9907,8946,7472
Line 204,2020,6,11864,11847,8928
Line 204,2020,7,12750,11015,11213
Line 204,2020,8,13390,11486,9948
Line 204,2020,9,13811,11708,9651
Line 204,2020,10,14123,11769,9852
Line 204,2020,11,13647,11611,9470
Line 204,2020,12,12108,9805,7740
Line 204,2021,1,11289,9072,7402
Line 204,2021,2,12589,10478,8722
Line 204,2021,3,13196,11672,9225
Line 204,2021,4,14223,12076,9990
Line 204,2021,5,14084,11717,9047
Line 204,2021,6,14913,12038,9127
Line 204,2021,7,16370,15081,11982
Line 204,2021,8,18587,15089,12778
Line 204,2021,9,19320,14534,11875
Line 204,2021,10,20087,15193,13392
Line 204,2021,11,19785,13845,12700
Line 204,2021,12,16589,0,11354
Line 204,2022,1,15076,11174,9782
Line 204,2022,2,15415,11948,9868
Line 204,2022,3,15701,14097,11477
Line 204,2022,4,15770,13987,11666
Line 204,2022,5,16462,14087,12227
Line 204,2022,6,16161,13673,12881
Line 204,2022,7,17931,15024,11655
Line 204,2022,8,19018,15028,11648
Line 204,2022,9,20087,14976,12394
Line 204,2022,10,20171,15111,13096
Line 204,2022,11,18732,14848,12116
Line 204,2022,12,17775,14303,11601
Line 204,2023,1,17342,13856,12236
Line 204,2023,2,19197,14933,13441
Line 204,2023,3,18476,15343,13060
Line 204,2023,4,19642,17028,13746
Line 204,2023,5,20508,16795,13842
Line 204,2023,6,19804,16535,14503
Line 204,2023,7,18464,15638,13432
Line 204,2023,8,19279,16375,12057
Line 204,2023,9,20634,15623,13541
Line 204,2023,10,21567,17028,14776
Line 204,2023,11,20297,15412,14121
Line 204,2023,12,19605,16155,12870
Line 204,2024,1,19684,15794,12931
Line 204,2024,2,20135,17580,13210
Line 204,2024,3,22131,15590,15013
Line 204,2024,4,22378,17156,14085
Line 204,2024,5,22505,18049,14528
Line 204,2024,6,21053,17529,14587
Line 204,2024,7,20122,17501,14299
Line 204,2024,8,21950,17151,14466
Line 204,2024,9,23334,17644,14947
Line 204,2024,10,23543,17866,14794
Line 204,2024,11,22189,17668,14709
Line 204,2024,12,21097,16995,14344
Line 204,2025,1,21686,17235,13759
Line 204,2025,2,22221,18480,15156
Line 204,2025,3,22662,18670,14620
Line 204,2025,4,23038,18175,15634
Line 204,2025,5,24178,18147,15792
Line 204,2025,6,21109,16407,14986
Line 204,2025,7,19306,15307,13140
Line 204,2025,8,21172,16741,14493
Line 204,2025,9,22921,16738,14537
Line 204,2025,10,22582,17461,14591
Line 204,2025,11,20651,15627,13869
Line 204,2025,12,20530,17474,13755
Line 204,2026,1,20825,15691,12968
Line 204,2026,2,21399,16852,14998
Line 204,2026,3,22652,17705,14766
Line 204,2026,4,22469,16897,14649
Line 204,2026,5,22698,17639,14772
Line 205,2018,4,3507,1582,1081
Line 205,2018,5,3496,1467,1084
Line 205,2018,6,3324,1565,1159
Line 205,2018,7,3133,1594,1241
Line 205,2018,8,3356,1714,1330
Line 205,2018,9,3701,1742,1404
Line 205,2018,10,3708,1518,1332
Line 205,2018,11,3476,1652,1379
Line 205,2018,12,3158,1556,1310
Line 205,2019,1,3166,1501,1230
Line 205,2019,2,3626,1472,1207
Line 205,2019,3,3550,1574,1346
Line 205,2019,4,3672,1768,1307
Line 205,2019,5,3559,1586,1233
Line 205,2019,6,3362,1744,1163
Line 205,2019,7,3296,1638,1461
Line 205,2019,8,3458,1822,1428
Line 205,2019,9,3947,1697,1479
Line 205,2019,10,3846,1780,1365
Line 205,2019,11,3376,1659,1053
Line 205,2019,12,2974,1530,1074
Line 205,2020,1,3012,1530,1140
Line 205,2020,2,3399,1682,1259
Line 205,2020,3,2127,1010,985
Line 205,2020,4,1313,887,679
Line 205,2020,5,1139,994,806
Line 205,2020,6,1481,890,809
Line 205,2020,7,1487,1003,1141
Line 205,2020,8,1521,744,1028
Line 205,2020,9,1629,1141,892
Line 205,2020,10,1636,1096,900
Line 205,2020,11,1519,1075,963
Line 205,2020,12,1517,939,841
Line 205,2021,1,1426,897,802
Line 205,2021,2,1572,991,910
Line 205,2021,3,1564,1141,959
Line 205,2021,4,1775,1098,839
Line 205,2021,5,1714,1174,993
Line 205,2021,6,1829,1214,1090
Line 205,2021,7,2428,1325,1123
Line 205,2021,8,2557,1430,1251
Line 205,2021,9,2862,1198,1199
Line 205,2021,10,2839,1433,1331
Line 205,2021,11,2876,1425,1194
Line 205,2021,12,2439,0,1100
Line 205,2022,1,2317,1166,1005
Line 205,2022,2,2437,1067,886
Line 205,2022,3,2499,1268,1049
Line 205,2022,4,2507,1282,1099
Line 205,2022,5,2723,1332,1022
Line 205,2022,6,2684,1433,958
Line 205,2022,7,2409,1394,1049
Line 205,2022,8,2617,1477,1118
Line 205,2022,9,2834,1334,1173
Line 205,2022,10,3145,1381,1034
Line 205,2022,11,2718,1323,1098
Line 205,2022,12,2675,1133,952
Line 205,2023,1,2397,1120,995
Line 205,2023,2,2566,1041,1084
Line 205,2023,3,2466,1312,972
Line 205,2023,4,2785,1424,1075
Line 205,2023,5,2687,1329,1141
Line 205,2023,6,2702,1407,1239
Line 205,2023,7,2583,1376,1161
Line 205,2023,8,2713,1464,1189
Line 205,2023,9,2945,1368,1261
Line 205,2023,10,3018,1496,1219
Line 205,2023,11,2867,1435,1243
Line 205,2023,12,2679,1365,1067
Line 205,2024,1,2684,1161,1245
Line 205,2024,2,2579,1344,1074
Line 205,2024,3,2878,1322,1097
Line 205,2024,4,2844,1397,1296
Line 205,2024,5,3036,1492,1290
Line 205,2024,6,2848,1594,1292
Line 205,2024,7,2821,1483,1325
Line 205,2024,8,3055,1584,1514
Line 205,2024,9,3329,1566,1400
Line 205,2024,10,3342,1750,1423
Line 205,2024,11,3133,1345,1140
Line 205,2024,12,2945,1414,1169
Line 205,2025,1,3038,1544,1160
Line 205,2025,2,2945,1524,1321
Line 205,2025,3,2957,1538,1264
Line 205,2025,4,3025,1598,1416
Line 205,2025,5,3166,1623,1386
Line 205,2025,6,2835,1554,1359
Line 205,2025,7,2854,1478,1191
Line 205,2025,8,3013,1529,1282
Line 205,2025,9,3273,1496,1368
Line 205,2025,10,3209,1621,1271
Line 205,2025,11,2935,1331,1237
Line 205,2025,12,2886,1314,1097
Line 205,2026,1,2960,1396,1215
Line 205,2026,2,3030,1468,1325
Line 205,2026,3,3204,1491,1371
Line 205,2026,4,3088,1441,1235
Line 205,2026,5,3231,1508,1408
Line 206,2018,4,11831,7470,6228
Line 206,2018,5,11936,7081,5981
Line 206,2018,6,11396,7492,6448
Line 206,2018,7,10659,7245,6152
Line 206,2018,8,11664,7251,6574
Line 206,2018,9,12015,7270,6040
Line 206,2018,10,11790,7188,6146
Line 206,2018,11,11056,7090,6119
Line 206,2018,12,10095,7111,5547
Line 206,2019,1,10194,6319,5448
Line 206,2019,2,10947,6071,5281
Line 206,2019,3,11309,6633,5973
Line 206,2019,4,11120,6947,6126
Line 206,2019,5,11274,7057,5458
Line 206,2019,6,10954,7212,5960
Line 206,2019,7,10602,7254,6078
Line 206,2019,8,10807,7027,6240
Line 206,2019,9,11446,6767,5877
Line 206,2019,10,11263,7075,6064
Line 206,2019,11,10361,6711,5322
Line 206,2019,12,9740,6697,5103
Line 206,2020,1,10017,6556,5261
Line 206,2020,2,10484,7051,5891
Line 206,2020,3,6783,4319,4036
Line 206,2020,4,3056,2540,1996
Line 206,2020,5,3767,3302,2562
Line 206,2020,6,4513,3949,3097
Line 206,2020,7,4798,4058,4084
Line 206,2020,8,4892,4071,3388
Line 206,2020,9,5027,4275,3500
Line 206,2020,10,5122,4349,3760
Line 206,2020,11,4966,3995,3523
Line 206,2020,12,4576,3768,3079
Line 206,2021,1,3979,3339,2927
Line 206,2021,2,4268,3629,3181
Line 206,2021,3,4887,4058,3586
Line 206,2021,4,5443,4097,3880
Line 206,2021,5,5762,4707,4013
Line 206,2021,6,6068,5075,4380
Line 206,2021,7,6027,4907,4335
Line 206,2021,8,6152,4683,4041
Line 206,2021,9,6660,4603,3968
Line 206,2021,10,7136,5083,4178
Line 206,2021,11,7121,5005,3967
Line 206,2021,12,6203,0,3269
Line 206,2022,1,5155,3620,2803
Line 206,2022,2,5720,3586,2901
Line 206,2022,3,6457,3861,3094
Line 206,2022,4,6653,3991,3420
Line 206,2022,5,7120,4249,3428
Line 206,2022,6,6908,3966,3257
Line 206,2022,7,6645,4276,3386
Line 206,2022,8,7059,4284,3194
Line 206,2022,9,7195,4213,3309
Line 206,2022,10,7616,4234,3519
Line 206,2022,11,6875,4102,3124
Line 206,2022,12,6762,4074,3432
Line 206,2023,1,6887,4463,3804
Line 206,2023,2,7578,4478,4310
Line 206,2023,3,7445,5166,4186
Line 206,2023,4,8093,5365,4826
Line 206,2023,5,8305,5508,4673
Line 206,2023,6,8199,5595,5084
Line 206,2023,7,8053,5741,4969
Line 206,2023,8,8675,5998,4808
Line 206,2023,9,9081,5784,5261
Line 206,2023,10,8786,5825,4933
Line 206,2023,11,8631,5621,4778
Line 206,2023,12,8281,5907,4734
Line 206,2024,1,8270,5446,4776
Line 206,2024,2,8239,5839,4522
Line 206,2024,3,8894,5474,5183
Line 206,2024,4,9017,5657,4950
Line 206,2024,5,8752,5655,4885
Line 206,2024,6,8344,5471,4717
Line 206,2024,7,8516,5877,5096
Line 206,2024,8,9009,6185,5380
Line 206,2024,9,9195,6009,5230
Line 206,2024,10,9510,6281,5425
Line 206,2024,11,8980,6038,5145
Line 206,2024,12,8825,6013,5014
Line 206,2025,1,8942,6148,4761
Line 206,2025,2,9019,6082,5865
Line 206,2025,3,9104,6314,5482
Line 206,2025,4,9394,6362,6001
Line 206,2025,5,9755,6381,5730
Line 206,2025,6,8499,5580,5639
Line 206,2025,7,7965,5380,4918
Line 206,2025,8,8843,5855,5373
Line 206,2025,9,9517,6222,5569
Line 206,2025,10,8879,5625,5229
Line 206,2025,11,8587,5474,5033
Line 206,2025,12,8641,5986,5208
Line 206,2026,1,8518,5621,4754
Line 206,2026,2,8833,6146,5294
Line 206,2026,3,9268,6094,5558
Line 206,2026,4,9178,6044,5467
Line 206,2026,5,9564,6093,5619
Line 207,2018,4,17152,20321,15950
Line 207,2018,5,17218,20330,16185
Line 207,2018,6,17060,20948,17196
Line 207,2018,7,16267,19525,16025
Line 207,2018,8,16964,20433,16429
Line 207,2018,9,17258,20505,16008
Line 207,2018,10,17059,19788,15852
Line 207,2018,11,16044,19473,15471
Line 207,2018,12,15272,19787,14776
Line 207,2019,1,15021,17793,14837
Line 207,2019,2,15773,17193,14142
Line 207,2019,3,16134,18674,15730
Line 207,2019,4,16371,19047,15684
Line 207,2019,5,16756,19581,15131
Line 207,2019,6,16793,20045,15880
Line 207,2019,7,16126,18722,15595
Line 207,2019,8,16443,19819,16166
Line 207,2019,9,17088,19613,15946
Line 207,2019,10,16837,19840,15664
Line 207,2019,11,15422,18694,13829
Line 207,2019,12,15069,18479,13718
Line 207,2020,1,15563,18823,14200
Line 207,2020,2,16611,19549,14832
Line 207,2020,3,12004,12716,11173
Line 207,2020,4,6535,8617,6216
Line 207,2020,5,7641,9930,8245
Line 207,2020,6,9275,11995,9969
Line 207,2020,7,10496,12694,12894
Line 207,2020,8,10921,13360,10814
Line 207,2020,9,10904,13299,10634
Line 207,2020,10,11222,14083,11327
Line 207,2020,11,11162,13636,10613
Line 207,2020,12,9974,11513,9242
Line 207,2021,1,9392,11083,9126
Line 207,2021,2,10755,11387,8796
Line 207,2021,3,11057,12870,10510
Line 207,2021,4,12102,13934,11236
Line 207,2021,5,12214,13957,10998
Line 207,2021,6,12395,13890,11148
Line 207,2021,7,20736,16972,13802
Line 207,2021,8,21388,16572,13528
Line 207,2021,9,22098,16357,13711
Line 207,2021,10,22077,16916,13594
Line 207,2021,11,22295,17363,12756
Line 207,2021,12,19535,0,11852
Line 207,2022,1,16978,13232,10660
Line 207,2022,2,18965,13911,10848
Line 207,2022,3,20290,15461,12140
Line 207,2022,4,20864,15823,12393
Line 207,2022,5,21470,15957,13060
Line 207,2022,6,20889,16090,13579
Line 207,2022,7,20139,16534,12645
Line 207,2022,8,21152,16783,13564
Line 207,2022,9,22483,17583,13460
Line 207,2022,10,23383,17270,14110
Line 207,2022,11,22318,17517,13792
Line 207,2022,12,21759,16292,13123
Line 207,2023,1,21180,15539,13320
Line 207,2023,2,22576,16718,14073
Line 207,2023,3,22067,17135,13762
Line 207,2023,4,23255,17655,14516
Line 207,2023,5,24083,18398,14840
Line 207,2023,6,23836,18478,14812
Line 207,2023,7,22357,18015,14586
Line 207,2023,8,23622,18929,13583
Line 207,2023,9,24729,17817,15204
Line 207,2023,10,25455,18676,15552
Line 207,2023,11,24655,18115,15566
Line 207,2023,12,23704,18765,15040
Line 207,2024,1,23733,17848,14602
Line 207,2024,2,23353,18645,14715
Line 207,2024,3,25334,17353,15702
Line 207,2024,4,25741,19580,15562
Line 207,2024,5,26277,19199,16511
Line 207,2024,6,25204,19166,16367
Line 207,2024,7,24271,18374,15917
Line 207,2024,8,25704,20008,16364
Line 207,2024,9,26276,19955,16915
Line 207,2024,10,25940,20233,16536
Line 207,2024,11,25581,19347,16319
Line 207,2024,12,24810,19115,15307
Line 207,2025,1,25013,19403,15514
Line 207,2025,2,24858,19998,16801
Line 207,2025,3,25603,19920,15795
Line 207,2025,4,26004,19874,15798
Line 207,2025,5,26776,19681,17109
Line 207,2025,6,23899,17990,16711
Line 207,2025,7,22651,17138,14722
Line 207,2025,8,24244,18134,15767
Line 207,2025,9,25266,18604,15952
Line 207,2025,10,25320,19382,15955
Line 207,2025,11,23733,17560,15031
Line 207,2025,12,23739,18924,15020
Line 207,2026,1,23968,17162,14987
Line 207,2026,2,24684,18925,16322
Line 207,2026,3,25569,19026,16458
Line 207,2026,4,25200,18535,15753
Line 207,2026,5,25746,18867,16570
Line 209,2018,4,773,null,null
Line 209,2018,5,778,null,null
Line 209,2018,6,687,null,null
Line 209,2018,7,639,0,0
Line 209,2018,8,737,0,0
Line 209,2018,9,805,0,0
Line 209,2018,10,821,0,0
Line 209,2018,11,751,0,0
Line 209,2018,12,650,0,0
Line 209,2019,1,673,0,0
Line 209,2019,2,740,0,0
Line 209,2019,3,764,0,0
Line 209,2019,4,781,0,0
Line 209,2019,5,852,0,0
Line 209,2019,6,770,0,0
Line 209,2019,7,766,0,0
Line 209,2019,8,811,0,0
Line 209,2019,9,912,0,0
Line 209,2019,10,911,0,0
Line 209,2019,11,812,0,0
Line 209,2019,12,736,0,0
Line 209,2020,1,772,0,0
Line 209,2020,2,839,0,0
Line 209,2020,3,540,0,0
Line 209,2020,4,245,0,0
Line 209,2020,5,290,0,0
Line 209,2020,6,328,0,0
Line 209,2020,7,325,0,0
Line 209,2020,8,354,0,0
Line 209,2020,9,379,0,0
Line 209,2020,10,382,0,0
Line 209,2020,11,377,0,0
Line 209,2020,12,289,0,0
Line 209,2021,1,224,0,0
Line 209,2021,2,249,0,0
Line 209,2021,3,242,0,0
Line 209,2021,4,270,0,0
Line 209,2021,5,266,0,0
Line 209,2021,6,283,0,0
Line 209,2021,7,296,0,0
Line 209,2021,8,310,0,0
Line 209,2021,9,343,0,0
Line 209,2021,10,327,0,0
Line 209,2021,11,324,0,0
Line 209,2021,12,313,0,0
Line 209,2022,1,318,0,0
Line 209,2022,2,305,0,0
Line 209,2022,3,305,0,0
Line 209,2022,4,303,0,0
Line 209,2022,5,329,0,0
Line 209,2022,6,309,0,0
Line 209,2022,7,314,0,0
Line 209,2022,8,323,0,0
Line 209,2022,9,314,0,0
Line 209,2022,10,355,0,0
Line 209,2022,11,280,0,0
Line 209,2022,12,307,0,0
Line 209,2023,1,284,0,0
Line 209,2023,2,320,0,0
Line 209,2023,3,307,0,0
Line 209,2023,4,327,0,0
Line 209,2023,5,329,0,0
Line 209,2023,6,330,0,0
Line 209,2023,7,325,0,0
Line 209,2023,8,344,0,0
Line 209,2023,9,378,0,0
Line 209,2023,10,395,0,0
Line 209,2023,11,344,0,0
Line 209,2023,12,337,0,0
Line 209,2024,1,328,0,0
Line 209,2024,2,342,0,0
Line 209,2024,3,358,0,0
Line 209,2024,4,379,0,0
Line 209,2024,5,387,0,0
Line 209,2024,6,381,0,0
Line 209,2024,7,387,0,0
Line 209,2024,8,404,0,0
Line 209,2024,9,424,0,0
Line 209,2024,10,426,0,0
Line 209,2024,11,401,0,0
Line 209,2024,12,400,0,0
Line 209,2025,1,360,0,0
Line 209,2025,2,373,0,0
Line 209,2025,3,389,0,0
Line 209,2025,4,401,0,0
Line 209,2025,5,431,0,0
Line 209,2025,6,375,0,0
Line 209,2025,7,376,0,0
Line 209,2025,8,398,0,0
Line 209,2025,9,411,0,0
Line 209,2025,10,397,0,0
Line 209,2025,11,372,0,0
Line 209,2025,12,355,0,0
Line 209,2026,1,349,0,0
Line 209,2026,2,380,0,0
Line 209,2026,3,385,0,0
Line 209,2026,4,389,0,0
Line 209,2026,5,389,0,0
Line 210,2018,4,10768,7967,8763
Line 210,2018,5,11107,7867,8820
Line 210,2018,6,10702,7893,9156
Line 210,2018,7,9851,7624,8455
Line 210,2018,8,10118,7790,9004
Line 210,2018,9,10331,7677,8357
Line 210,2018,10,10027,6941,7858
Line 210,2018,11,9502,6811,8029
Line 210,2018,12,9310,7511,8000
Line 210,2019,1,9302,6674,7924
Line 210,2019,2,10285,6835,7600
Line 210,2019,3,10347,6996,8154
Line 210,2019,4,10259,7557,8507
Line 210,2019,5,10695,7708,8057
Line 210,2019,6,10494,7839,8978
Line 210,2019,7,10011,7547,8748
Line 210,2019,8,9900,7677,8752
Line 210,2019,9,10771,7512,8441
Line 210,2019,10,10785,7527,8735
Line 210,2019,11,10191,7446,7822
Line 210,2019,12,9329,7224,7531
Line 210,2020,1,9893,7382,8221
Line 210,2020,2,10468,7475,8571
Line 210,2020,3,6986,5126,6355
Line 210,2020,4,3711,3744,3398
Line 210,2020,5,4254,5282,4179
Line 210,2020,6,5103,5920,5218
Line 210,2020,7,5565,6439,6280
Line 210,2020,8,5791,6469,5177
Line 210,2020,9,5856,6721,5491
Line 210,2020,10,6009,6853,5563
Line 210,2020,11,5834,6289,5147
Line 210,2020,12,6605,6268,4815
Line 210,2021,1,6545,5724,4838
Line 210,2021,2,7129,6561,4899
Line 210,2021,3,8083,6986,5735
Line 210,2021,4,8892,7343,5812
Line 210,2021,5,9008,7306,6120
Line 210,2021,6,9773,8330,5957
Line 210,2021,7,10069,8191,6815
Line 210,2021,8,10535,8153,6911
Line 210,2021,9,11008,8297,7129
Line 210,2021,10,10776,8658,7400
Line 210,2021,11,10765,9127,6632
Line 210,2021,12,9359,0,5775
Line 210,2022,1,8465,6533,5429
Line 210,2022,2,9235,7439,5246
Line 210,2022,3,9976,7662,6153
Line 210,2022,4,10201,7936,6343
Line 210,2022,5,10617,7939,6375
Line 210,2022,6,10517,8605,6776
Line 210,2022,7,10332,8257,6814
Line 210,2022,8,10748,8493,6505
Line 210,2022,9,11615,8715,7080
Line 210,2022,10,11805,8579,7343
Line 210,2022,11,11050,8861,7086
Line 210,2022,12,10716,8314,6936
Line 210,2023,1,10534,8075,6844
Line 210,2023,2,11080,8270,7391
Line 210,2023,3,10852,8877,7116
Line 210,2023,4,11591,9428,7754
Line 210,2023,5,12086,9541,7725
Line 210,2023,6,11870,10010,8330
Line 210,2023,7,11933,9641,8038
Line 210,2023,8,12572,10509,7634
Line 210,2023,9,13541,10019,8745
Line 210,2023,10,13983,10332,9120
Line 210,2023,11,13188,9845,8246
Line 210,2023,12,12325,9953,7929
Line 210,2024,1,12133,9244,7716
Line 210,2024,2,12139,10580,8151
Line 210,2024,3,13469,9057,8336
Line 210,2024,4,13474,9847,8220
Line 210,2024,5,13595,10316,8853
Line 210,2024,6,12763,10461,8900
Line 210,2024,7,12527,10262,8817
Line 210,2024,8,13076,10741,9175
Line 210,2024,9,14222,10677,9375
Line 210,2024,10,14215,10727,9575
Line 210,2024,11,13428,10322,8828
Line 210,2024,12,12580,10097,8360
Line 210,2025,1,12478,10014,7588
Line 210,2025,2,12818,10545,9272
Line 210,2025,3,13007,10629,8474
Line 210,2025,4,13348,10497,8451
Line 210,2025,5,13959,10302,8713
Line 210,2025,6,12567,9657,8624
Line 210,2025,7,12123,9700,8248
Line 210,2025,8,13138,10217,8769
Line 210,2025,9,14151,10540,9182
Line 210,2025,10,13899,10497,8928
Line 210,2025,11,12621,8982,8128
Line 210,2025,12,12287,10153,8324
Line 210,2026,1,12441,9233,7685
Line 210,2026,2,12614,10073,8410
Line 210,2026,3,13783,10138,8612
Line 210,2026,4,13513,9926,8018
Line 210,2026,5,13938,10124,8549
Line 211,2018,4,662,null,null
Line 211,2018,5,693,null,null
Line 211,2018,6,613,null,null
Line 211,2018,7,488,0,0
Line 211,2018,8,572,0,0
Line 211,2018,9,701,0,0
Line 211,2018,10,699,0,0
Line 211,2018,11,631,0,0
Line 211,2018,12,564,0,0
Line 211,2019,1,521,0,0
Line 211,2019,2,622,0,0
Line 211,2019,3,593,0,0
Line 211,2019,4,596,0,0
Line 211,2019,5,659,0,0
Line 211,2019,6,572,0,0
Line 211,2019,7,442,0,0
Line 211,2019,8,557,0,0
Line 211,2019,9,675,0,0
Line 211,2019,10,653,0,0
Line 211,2019,11,581,0,0
Line 211,2019,12,535,0,0
Line 211,2020,1,585,0,0
Line 211,2020,2,670,0,0
Line 211,2020,3,381,0,0
Line 211,2020,4,120,0,0
Line 211,2020,5,120,0,0
Line 211,2020,6,155,0,0
Line 211,2020,7,169,0,0
Line 211,2020,8,183,0,0
Line 211,2020,9,205,0,0
Line 211,2020,10,198,0,0
Line 211,2020,11,183,0,0
Line 211,2020,12,166,0,0
Line 211,2021,1,175,0,0
Line 211,2021,2,205,0,0
Line 211,2021,3,203,0,0
Line 211,2021,4,220,0,0
Line 211,2021,5,230,0,0
Line 211,2021,6,246,0,0
Line 211,2021,7,249,0,0
Line 211,2021,8,308,0,0
Line 211,2021,9,347,0,0
Line 211,2021,10,312,0,0
Line 211,2021,11,305,0,0
Line 211,2021,12,215,0,0
Line 211,2022,1,226,0,0
Line 211,2022,2,275,0,0
Line 211,2022,3,273,0,0
Line 211,2022,4,294,0,0
Line 211,2022,5,326,0,0
Line 211,2022,6,263,0,0
Line 211,2022,7,224,0,0
Line 211,2022,8,291,0,0
Line 211,2022,9,391,0,0
Line 211,2022,10,401,0,0
Line 211,2022,11,310,0,0
Line 211,2022,12,274,0,0
Line 211,2023,1,269,0,0
Line 211,2023,2,313,0,0
Line 211,2023,3,291,0,0
Line 211,2023,4,308,0,0
Line 211,2023,5,336,0,0
Line 211,2023,6,270,0,0
Line 211,2023,7,230,0,0
Line 211,2023,8,315,0,0
Line 211,2023,9,383,0,0
Line 211,2023,10,390,0,0
Line 211,2023,11,352,0,0
Line 211,2023,12,263,0,0
Line 211,2024,1,266,0,0
Line 211,2024,2,290,0,0
Line 211,2024,3,331,0,0
Line 211,2024,4,338,0,0
Line 211,2024,5,384,0,0
Line 211,2024,6,302,0,0
Line 211,2024,7,251,0,0
Line 211,2024,8,334,0,0
Line 211,2024,9,430,0,0
Line 211,2024,10,421,0,0
Line 211,2024,11,379,0,0
Line 211,2024,12,368,0,0
Line 211,2025,1,348,0,0
Line 211,2025,2,378,0,0
Line 211,2025,3,367,0,0
Line 211,2025,4,363,0,0
Line 211,2025,5,444,0,0
Line 211,2025,6,302,0,0
Line 211,2025,7,250,0,0
Line 211,2025,8,315,0,0
Line 211,2025,9,406,0,0
Line 211,2025,10,406,0,0
Line 211,2025,11,357,0,0
Line 211,2025,12,326,0,0
Line 211,2026,1,341,0,0
Line 211,2026,2,365,0,0
Line 211,2026,3,382,0,0
Line 211,2026,4,391,0,0
Line 211,2026,5,376,0,0
Line 212,2018,4,11708,7529,5591
Line 212,2018,5,11911,7511,5753
Line 212,2018,6,11526,7522,6010
Line 212,2018,7,11065,7489,5915
Line 212,2018,8,11689,7814,6249
Line 212,2018,9,12165,8207,6225
Line 212,2018,10,11954,7739,5946
Line 212,2018,11,11161,7332,5558
Line 212,2018,12,10292,7314,5246
Line 212,2019,1,10194,6369,5129
Line 212,2019,2,10730,6404,4775
Line 212,2019,3,11067,7017,5486
Line 212,2019,4,11143,7595,5525
Line 212,2019,5,11354,7250,5308
Line 212,2019,6,10900,7931,6023
Line 212,2019,7,10773,7400,5605
Line 212,2019,8,11129,7617,5904
Line 212,2019,9,11794,7554,5970
Line 212,2019,10,11603,7777,5661
Line 212,2019,11,10738,7157,5170
Line 212,2019,12,9915,6782,4670
Line 212,2020,1,10440,6936,5155
Line 212,2020,2,10826,7424,5348
Line 212,2020,3,6757,4604,3855
Line 212,2020,4,3212,2879,1934
Line 212,2020,5,3695,3125,2607
Line 212,2020,6,4348,3472,2817
Line 212,2020,7,5054,3980,3998
Line 212,2020,8,5295,4166,3325
Line 212,2020,9,5505,4370,3453
Line 212,2020,10,5666,4474,3812
Line 212,2020,11,5530,4069,3266
Line 212,2020,12,5045,3897,2849
Line 212,2021,1,4667,3455,2767
Line 212,2021,2,5109,3904,3085
Line 212,2021,3,5438,4187,3280
Line 212,2021,4,6117,4441,3609
Line 212,2021,5,6388,4900,3966
Line 212,2021,6,6792,5039,4243
Line 212,2021,7,6868,5322,4441
Line 212,2021,8,7063,5156,4091
Line 212,2021,9,7898,5765,4789
Line 212,2021,10,8641,6062,5441
Line 212,2021,11,8456,6134,5070
Line 212,2021,12,7771,0,4731
Line 212,2022,1,7230,5048,4453
Line 212,2022,2,7820,5359,4515
Line 212,2022,3,7683,5218,4379
Line 212,2022,4,7752,5333,4284
Line 212,2022,5,8011,5395,4411
Line 212,2022,6,7854,5509,4555
Line 212,2022,7,7754,5613,4689
Line 212,2022,8,8119,6052,4723
Line 212,2022,9,8697,5850,5144
Line 212,2022,10,8698,5865,4943
Line 212,2022,11,8057,5705,4302
Line 212,2022,12,7867,5042,4370
Line 212,2023,1,7721,5180,4419
Line 212,2023,2,8208,5345,4893
Line 212,2023,3,7955,5659,4487
Line 212,2023,4,8330,6111,4909
Line 212,2023,5,8687,6075,5057
Line 212,2023,6,8498,6208,5039
Line 212,2023,7,8435,6107,5131
Line 212,2023,8,8892,6337,4953
Line 212,2023,9,9336,6015,5435
Line 212,2023,10,9468,5764,4961
Line 212,2023,11,9050,6192,5058
Line 212,2023,12,8573,6246,4775
Line 212,2024,1,8760,5781,4817
Line 212,2024,2,8700,6354,4837
Line 212,2024,3,9366,5799,5278
Line 212,2024,4,9570,6372,5133
Line 212,2024,5,9740,6244,5260
Line 212,2024,6,9232,6320,5539
Line 212,2024,7,9162,6643,5255
Line 212,2024,8,9681,6795,5829
Line 212,2024,9,10178,6776,5772
Line 212,2024,10,10252,7055,5986
Line 212,2024,11,9556,6587,5312
Line 212,2024,12,9022,6437,5066
Line 212,2025,1,9004,6250,5023
Line 212,2025,2,9193,6799,5756
Line 212,2025,3,9294,6741,5608
Line 212,2025,4,9571,6769,5697
Line 212,2025,5,9832,6559,5770
Line 212,2025,6,8832,6232,5740
Line 212,2025,7,8553,5977,5438
Line 212,2025,8,9121,6474,5697
Line 212,2025,9,9498,6438,5735
Line 212,2025,10,9676,6812,5818
Line 212,2025,11,8932,6150,5241
Line 212,2025,12,8729,6721,5112
Line 212,2026,1,8890,6068,4964
Line 212,2026,2,9113,6569,5516
Line 212,2026,3,9207,6381,5733
Line 212,2026,4,9271,6417,5219
Line 212,2026,5,9585,6571,5643
Line 217,2018,4,6436,5632,4579
Line 217,2018,5,6474,5503,4638
Line 217,2018,6,6281,5475,4996
Line 217,2018,7,6314,5583,4510
Line 217,2018,8,6566,5869,4735
Line 217,2018,9,6639,5809,4883
Line 217,2018,10,6571,5648,4696
Line 217,2018,11,6217,5145,3988
Line 217,2018,12,5803,5294,4057
Line 217,2019,1,5677,4806,3827
Line 217,2019,2,5972,4473,3527
Line 217,2019,3,6179,4851,3970
Line 217,2019,4,6227,5431,4126
Line 217,2019,5,6393,5118,4034
Line 217,2019,6,6194,5543,4756
Line 217,2019,7,6466,5374,4490
Line 217,2019,8,6662,5588,4803
Line 217,2019,9,7072,5433,4600
Line 217,2019,10,6955,5598,4467
Line 217,2019,11,6497,5271,4250
Line 217,2019,12,6080,5145,3689
Line 217,2020,1,6297,5415,3971
Line 217,2020,2,6533,5314,4328
Line 217,2020,3,4025,3212,2642
Line 217,2020,4,1610,1692,1230
Line 217,2020,5,1713,1887,1613
Line 217,2020,6,2060,2131,2056
Line 217,2020,7,2385,2787,2743
Line 217,2020,8,2368,2693,2384
Line 217,2020,9,2567,2873,2455
Line 217,2020,10,2598,2952,2574
Line 217,2020,11,2551,2734,2402
Line 217,2020,12,2428,2660,2143
Line 217,2021,1,2301,2452,2149
Line 217,2021,2,2413,2594,2160
Line 217,2021,3,2603,3059,2557
Line 217,2021,4,2960,3186,2626
Line 217,2021,5,3121,3581,2958
Line 217,2021,6,3357,3766,3136
Line 217,2021,7,6448,4877,4311
Line 217,2021,8,7219,5369,4534
Line 217,2021,9,7306,4996,4273
Line 217,2021,10,7560,5319,4587
Line 217,2021,11,7581,5534,4081
Line 217,2021,12,6806,0,4301
Line 217,2022,1,5797,4257,3598
Line 217,2022,2,6478,4472,3873
Line 217,2022,3,6641,4662,4100
Line 217,2022,4,6834,5341,4306
Line 217,2022,5,7293,5313,4604
Line 217,2022,6,6918,5511,4465
Line 217,2022,7,6752,5760,4691
Line 217,2022,8,7255,5797,4598
Line 217,2022,9,7784,5801,4578
Line 217,2022,10,7908,5924,4877
Line 217,2022,11,7717,5587,4565
Line 217,2022,12,7525,4940,4407
Line 217,2023,1,7362,4831,4245
Line 217,2023,2,7922,5286,4958
Line 217,2023,3,7551,5446,4536
Line 217,2023,4,8043,6082,4879
Line 217,2023,5,8625,6177,5015
Line 217,2023,6,8137,6105,5208
Line 217,2023,7,7860,6142,5395
Line 217,2023,8,8411,6181,4949
Line 217,2023,9,8891,6115,5458
Line 217,2023,10,8984,6426,5564
Line 217,2023,11,8503,6351,5128
Line 217,2023,12,8199,5971,5141
Line 217,2024,1,8221,5673,5127
Line 217,2024,2,8093,6240,5020
Line 217,2024,3,8727,5674,4948
Line 217,2024,4,9047,6319,5567
Line 217,2024,5,9162,6093,5503
Line 217,2024,6,8712,6005,5332
Line 217,2024,7,9728,7733,6666
Line 217,2024,8,10563,8148,6666
Line 217,2024,9,10942,8374,7177
Line 217,2024,10,11254,8577,7407
Line 217,2024,11,10804,8404,6979
Line 217,2024,12,10639,7951,6232
Line 217,2025,1,10670,7651,6194
Line 217,2025,2,10404,8659,7502
Line 217,2025,3,10599,8345,7341
Line 217,2025,4,10932,8513,7431
Line 217,2025,5,11466,8409,7934
Line 217,2025,6,10518,7878,7188
Line 217,2025,7,10143,8214,7276
Line 217,2025,8,11128,8711,7884
Line 217,2025,9,11385,8744,7754
Line 217,2025,10,11272,8606,7738
Line 217,2025,11,10399,8134,7133
Line 217,2025,12,10663,8654,7520
Line 217,2026,1,10328,7899,7000
Line 217,2026,2,10709,8791,7736
Line 217,2026,3,10825,8367,6877
Line 217,2026,4,11055,8339,7206
Line 217,2026,5,11670,9359,8063
Line 218,2018,4,927,600,466
Line 218,2018,5,910,566,461
Line 218,2018,6,940,600,440
Line 218,2018,7,912,571,423
Line 218,2018,8,926,600,430
Line 218,2018,9,972,564,435
Line 218,2018,10,962,597,475
Line 218,2018,11,918,547,459
Line 218,2018,12,847,546,435
Line 218,2019,1,813,474,360
Line 218,2019,2,838,476,396
Line 218,2019,3,889,521,426
Line 218,2019,4,887,515,425
Line 218,2019,5,898,506,393
Line 218,2019,6,896,555,474
Line 218,2019,7,908,566,392
Line 218,2019,8,931,546,478
Line 218,2019,9,985,581,445
Line 218,2019,10,966,637,438
Line 218,2019,11,949,589,404
Line 218,2019,12,855,528,381
Line 218,2020,1,902,531,424
Line 218,2020,2,928,587,442
Line 218,2020,3,639,392,316
Line 218,2020,4,276,223,138
Line 218,2020,5,216,200,165
Line 218,2020,6,298,279,241
Line 218,2020,7,325,293,314
Line 218,2020,8,340,320,261
Line 218,2020,9,386,312,276
Line 218,2020,10,410,370,315
Line 218,2020,11,405,358,294
Line 218,2020,12,364,332,286
Line 218,2021,1,337,307,252
Line 218,2021,2,360,363,339
Line 218,2021,3,363,368,331
Line 218,2021,4,441,369,305
Line 218,2021,5,453,367,363
Line 218,2021,6,476,374,355
Line 218,2021,7,529,399,376
Line 218,2021,8,545,466,423
Line 218,2021,9,580,477,400
Line 218,2021,10,562,509,393
Line 218,2021,11,544,430,383
Line 218,2021,12,502,0,300
Line 218,2022,1,440,287,305
Line 218,2022,2,478,382,336
Line 218,2022,3,463,365,329
Line 218,2022,4,490,433,424
Line 218,2022,5,498,412,370
Line 218,2022,6,498,410,389
Line 218,2022,7,522,417,336
Line 218,2022,8,510,398,349
Line 218,2022,9,545,437,381
Line 218,2022,10,576,424,382
Line 218,2022,11,500,473,384
Line 218,2022,12,497,366,336
Line 218,2023,1,478,403,332
Line 218,2023,2,490,438,363
Line 218,2023,3,518,419,356
Line 218,2023,4,522,423,375
Line 218,2023,5,545,443,406
Line 218,2023,6,523,481,422
Line 218,2023,7,526,461,362
Line 218,2023,8,535,471,258
Line 218,2023,9,559,448,282
Line 218,2023,10,575,495,367
Line 218,2023,11,548,470,339
Line 218,2023,12,550,429,371
Line 218,2024,1,583,369,293
Line 218,2024,2,576,426,369
Line 218,2024,3,559,457,333
Line 218,2024,4,636,441,333
Line 218,2024,5,562,540,367
Line 218,2024,6,566,453,468
Line 218,2024,7,549,491,453
Line 218,2024,8,621,468,455
Line 218,2024,9,629,503,450
Line 218,2024,10,623,545,504
Line 218,2024,11,633,572,440
Line 218,2024,12,628,520,398
Line 218,2025,1,589,491,395
Line 218,2025,2,650,577,441
Line 218,2025,3,667,517,473
Line 218,2025,4,677,575,464
Line 218,2025,5,662,517,440
Line 218,2025,6,664,567,448
Line 218,2025,7,563,453,404
Line 218,2025,8,621,456,406
Line 218,2025,9,621,267,347
Line 218,2025,10,644,470,407
Line 218,2025,11,625,470,401
Line 218,2025,12,586,411,329
Line 218,2026,1,620,450,355
Line 218,2026,2,601,542,437
Line 218,2026,3,635,586,366
Line 218,2026,4,591,561,429
Line 218,2026,5,626,583,441
Line 222,2018,4,1369,786,673
Line 222,2018,5,1340,766,663
Line 222,2018,6,1340,800,752
Line 222,2018,7,1309,777,686
Line 222,2018,8,1351,831,767
Line 222,2018,9,1392,821,752
Line 222,2018,10,1339,782,727
Line 222,2018,11,1273,759,712
Line 222,2018,12,1153,756,630
Line 222,2019,1,1206,670,651
Line 222,2019,2,1207,672,665
Line 222,2019,3,1264,719,685
Line 222,2019,4,1368,804,822
Line 222,2019,5,1319,808,690
Line 222,2019,6,1278,851,791
Line 222,2019,7,1288,822,686
Line 222,2019,8,1313,833,733
Line 222,2019,9,1394,828,758
Line 222,2019,10,1412,854,736
Line 222,2019,11,1302,793,681
Line 222,2019,12,1108,729,598
Line 222,2020,1,1229,853,638
Line 222,2020,2,1248,723,654
Line 222,2020,3,796,518,512
Line 222,2020,4,351,297,298
Line 222,2020,5,400,418,343
Line 222,2020,6,446,409,363
Line 222,2020,7,481,528,466
Line 222,2020,8,502,515,427
Line 222,2020,9,528,498,472
Line 222,2020,10,564,545,490
Line 222,2020,11,543,534,407
Line 222,2020,12,499,459,420
Line 222,2021,1,485,417,372
Line 222,2021,2,508,457,402
Line 222,2021,3,539,510,443
Line 222,2021,4,579,532,484
Line 222,2021,5,631,561,500
Line 222,2021,6,660,623,516
Line 222,2021,7,717,586,453
Line 222,2021,8,766,675,555
Line 222,2021,9,857,587,507
Line 222,2021,10,891,595,442
Line 222,2021,11,858,607,440
Line 222,2021,12,778,0,444
Line 222,2022,1,663,489,377
Line 222,2022,2,684,472,409
Line 222,2022,3,622,535,427
Line 222,2022,4,628,553,482
Line 222,2022,5,676,590,506
Line 222,2022,6,660,561,517
Line 222,2022,7,667,581,520
Line 222,2022,8,729,681,528
Line 222,2022,9,740,579,561
Line 222,2022,10,736,600,497
Line 222,2022,11,648,556,461
Line 222,2022,12,738,483,451
Line 222,2023,1,824,517,441
Line 222,2023,2,812,547,461
Line 222,2023,3,850,558,444
Line 222,2023,4,964,601,519
Line 222,2023,5,944,643,531
Line 222,2023,6,949,639,543
Line 222,2023,7,1027,614,563
Line 222,2023,8,1081,678,524
Line 222,2023,9,1163,706,613
Line 222,2023,10,1190,710,616
Line 222,2023,11,1047,674,515
Line 222,2023,12,988,672,551
Line 222,2024,1,966,642,539
Line 222,2024,2,957,704,503
Line 222,2024,3,1101,636,576
Line 222,2024,4,1156,784,587
Line 222,2024,5,1133,708,580
Line 222,2024,6,1154,785,666
Line 222,2024,7,1136,750,657
Line 222,2024,8,1211,774,668
Line 222,2024,9,1212,777,703
Line 222,2024,10,1208,824,685
Line 222,2024,11,1101,735,638
Line 222,2024,12,1030,657,524
Line 222,2025,1,1014,717,478
Line 222,2025,2,1007,801,571
Line 222,2025,3,1080,794,605
Line 222,2025,4,1123,804,632
Line 222,2025,5,1125,778,679
Line 222,2025,6,1045,784,689
Line 222,2025,7,1113,696,637
Line 222,2025,8,1165,765,679
Line 222,2025,9,1237,825,686
Line 222,2025,10,1220,823,657
Line 222,2025,11,1126,642,587
Line 222,2025,12,1092,713,517
Line 222,2026,1,1153,687,572
Line 222,2026,2,1160,778,597
Line 222,2026,3,1184,746,599
Line 222,2026,4,1181,842,736
Line 222,2026,5,1188,1081,795
Line 224,2018,4,7315,4403,3432
Line 224,2018,5,7229,4287,3617
Line 224,2018,6,7154,4278,3557
Line 224,2018,7,6943,4256,3433
Line 224,2018,8,7082,4482,3589
Line 224,2018,9,7285,4532,3680
Line 224,2018,10,7386,4346,3656
Line 224,2018,11,7003,4428,3615
Line 224,2018,12,6365,4180,3302
Line 224,2019,1,6300,3895,3230
Line 224,2019,2,6577,3850,2961
Line 224,2019,3,6886,4038,3425
Line 224,2019,4,7011,4385,3630
Line 224,2019,5,7184,4412,3427
Line 224,2019,6,7104,4430,3454
Line 224,2019,7,7134,4229,3440
Line 224,2019,8,7308,4471,3640
Line 224,2019,9,7553,4355,3619
Line 224,2019,10,7691,4562,3682
Line 224,2019,11,7108,4334,3312
Line 224,2019,12,6628,4202,3128
Line 224,2020,1,6907,4543,3448
Line 224,2020,2,7289,4572,3649
Line 224,2020,3,4789,3220,2586
Line 224,2020,4,2479,2087,1544
Line 224,2020,5,2772,2359,1906
Line 224,2020,6,2950,2605,2017
Line 224,2020,7,3212,2636,2754
Line 224,2020,8,3322,2590,2371
Line 224,2020,9,3567,2892,2502
Line 224,2020,10,3548,2915,2506
Line 224,2020,11,3578,2818,2327
Line 224,2020,12,3204,2657,2080
Line 224,2021,1,2759,2374,2033
Line 224,2021,2,3290,2726,2356
Line 224,2021,3,3481,2972,2486
Line 224,2021,4,3801,3017,2564
Line 224,2021,5,3971,3194,2694
Line 224,2021,6,4158,3264,2743
Line 224,2021,7,3655,2867,2441
Line 224,2021,8,3904,3086,2497
Line 224,2021,9,4505,3189,2673
Line 224,2021,10,4784,3460,2714
Line 224,2021,11,4744,3355,2570
Line 224,2021,12,4107,0,2371
Line 224,2022,1,3902,2723,2386
Line 224,2022,2,4327,3091,2385
Line 224,2022,3,4511,2813,2308
Line 224,2022,4,4563,2896,2272
Line 224,2022,5,4790,3153,2546
Line 224,2022,6,4692,3028,2516
Line 224,2022,7,4625,3101,2570
Line 224,2022,8,4809,3265,2659
Line 224,2022,9,4947,3180,2580
Line 224,2022,10,5331,3552,3013
Line 224,2022,11,5362,3701,3191
Line 224,2022,12,5057,3350,2905
Line 224,2023,1,5005,3449,2834
Line 224,2023,2,5346,3166,3116
Line 224,2023,3,5324,3497,2886
Line 224,2023,4,5940,3953,3240
Line 224,2023,5,6042,4089,3359
Line 224,2023,6,5943,4172,3520
Line 224,2023,7,5670,4114,3308
Line 224,2023,8,5918,4056,2975
Line 224,2023,9,6445,3957,3512
Line 224,2023,10,6445,4305,3509
Line 224,2023,11,6181,3969,3392
Line 224,2023,12,5906,4044,3272
Line 224,2024,1,5907,3564,3198
Line 224,2024,2,5779,4219,3084
Line 224,2024,3,6400,3820,3561
Line 224,2024,4,6718,4225,3561
Line 224,2024,5,6895,4505,3786
Line 224,2024,6,6682,4448,3774
Line 224,2024,7,6485,4598,3829
Line 224,2024,8,6782,4607,3905
Line 224,2024,9,7297,4910,3910
Line 224,2024,10,7106,4970,3896
Line 224,2024,11,6716,4564,3675
Line 224,2024,12,6397,4558,3841
Line 224,2025,1,6317,4463,3391
Line 224,2025,2,6429,4543,4027
Line 224,2025,3,6538,4804,4024
Line 224,2025,4,6818,4883,4244
Line 224,2025,5,6994,4801,4088
Line 224,2025,6,6382,4526,4160
Line 224,2025,7,6055,4154,3482
Line 224,2025,8,6281,4307,3686
Line 224,2025,9,6495,4443,3820
Line 224,2025,10,6573,4443,3838
Line 224,2025,11,6056,4094,3593
Line 224,2025,12,5953,4300,3433
Line 224,2026,1,6072,3952,3236
Line 224,2026,2,6016,4234,3697
Line 224,2026,3,6509,4356,3765
Line 224,2026,4,6554,4439,3532
Line 224,2026,5,6742,4619,3924
Line 230,2018,4,4259,2042,1627
Line 230,2018,5,4288,1946,1603
Line 230,2018,6,3828,1940,1563
Line 230,2018,7,3647,1948,1611
Line 230,2018,8,3980,2072,1687
Line 230,2018,9,4531,2045,1692
Line 230,2018,10,4564,1941,1691
Line 230,2018,11,4118,2033,1632
Line 230,2018,12,3521,2040,1478
Line 230,2019,1,3450,1710,1424
Line 230,2019,2,4035,1678,1293
Line 230,2019,3,4238,1933,1544
Line 230,2019,4,4130,2115,1618
Line 230,2019,5,4368,2062,1550
Line 230,2019,6,3779,2040,1689
Line 230,2019,7,3625,1980,1589
Line 230,2019,8,3832,2029,1638
Line 230,2019,9,4532,1959,1618
Line 230,2019,10,4515,2077,1686
Line 230,2019,11,4100,1992,1500
Line 230,2019,12,3541,1874,1340
Line 230,2020,1,3652,1960,1437
Line 230,2020,2,4137,2028,1534
Line 230,2020,3,2577,1240,1120
Line 230,2020,4,1031,846,634
Line 230,2020,5,1160,1111,846
Line 230,2020,6,1444,1246,1060
Line 230,2020,7,1496,1208,1191
Line 230,2020,8,1560,1278,1093
Line 230,2020,9,1600,1286,1082
Line 230,2020,10,1612,1423,1183
Line 230,2020,11,1623,1210,1020
Line 230,2020,12,1412,1174,891
Line 230,2021,1,1281,1095,1000
Line 230,2021,2,1435,1228,1042
Line 230,2021,3,1551,1419,1151
Line 230,2021,4,1731,1434,1156
Line 230,2021,5,1839,1487,1232
Line 230,2021,6,1942,1518,1357
Line 230,2021,7,2306,1549,1244
Line 230,2021,8,2805,1571,1453
Line 230,2021,9,3092,1709,1385
Line 230,2021,10,3212,1724,1391
Line 230,2021,11,3159,1762,1314
Line 230,2021,12,2545,0,1281
Line 230,2022,1,2340,1303,1219
Line 230,2022,2,2525,1391,1103
Line 230,2022,3,2510,1338,1182
Line 230,2022,4,2453,1340,1037
Line 230,2022,5,2660,1399,1174
Line 230,2022,6,2386,1328,1014
Line 230,2022,7,2148,1581,1142
Line 230,2022,8,2426,1500,1240
Line 230,2022,9,2620,1425,1033
Line 230,2022,10,2682,1528,1139
Line 230,2022,11,2284,1500,1012
Line 230,2022,12,2245,1248,1008
Line 230,2023,1,2365,1365,1141
Line 230,2023,2,2708,1271,1246
Line 230,2023,3,2591,1490,1134
Line 230,2023,4,2867,1638,1390
Line 230,2023,5,3112,1560,1364
Line 230,2023,6,2796,1654,1335
Line 230,2023,7,2581,1648,1354
Line 230,2023,8,3037,1776,1175
Line 230,2023,9,3380,1610,1456
Line 230,2023,10,3513,1820,1426
Line 230,2023,11,3151,1623,1341
Line 230,2023,12,2825,1679,1268
Line 230,2024,1,3025,1457,1199
Line 230,2024,2,2996,1781,1291
Line 230,2024,3,3200,1391,1398
Line 230,2024,4,3478,1780,1378
Line 230,2024,5,3600,1881,1515
Line 230,2024,6,3098,1849,1543
Line 230,2024,7,2839,1770,1443
Line 230,2024,8,3267,1861,1519
Line 230,2024,9,3542,1805,1511
Line 230,2024,10,3499,1898,1587
Line 230,2024,11,3250,1804,1480
Line 230,2024,12,2947,1859,1396
Line 230,2025,1,3148,1777,1448
Line 230,2025,2,3258,1906,1634
Line 230,2025,3,3270,1919,1609
Line 230,2025,4,3348,1922,1621
Line 230,2025,5,3514,1856,1612
Line 230,2025,6,3005,1855,1543
Line 230,2025,7,2815,1603,1393
Line 230,2025,8,3166,1685,1465
Line 230,2025,9,3535,1749,1537
Line 230,2025,10,3513,1785,1542
Line 230,2025,11,3138,1532,1369
Line 230,2025,12,3156,1827,1353
Line 230,2026,1,3190,1598,1301
Line 230,2026,2,3339,1823,1605
Line 230,2026,3,3530,1835,1613
Line 230,2026,4,3527,1835,1551
Line 230,2026,5,3670,1920,1604
Line 232,2018,4,4875,2998,2612
Line 232,2018,5,4984,3042,2785
Line 232,2018,6,5044,3099,2810
Line 232,2018,7,4952,3392,2885
Line 232,2018,8,4877,3248,2779
Line 232,2018,9,5042,3468,2796
Line 232,2018,10,5042,3070,2753
Line 232,2018,11,4883,3223,2814
Line 232,2018,12,4692,3300,2375
Line 232,2019,1,4316,2779,2610
Line 232,2019,2,4294,2649,2378
Line 232,2019,3,4529,2874,2801
Line 232,2019,4,4947,3270,2707
Line 232,2019,5,4798,3202,2509
Line 232,2019,6,4925,3395,2724
Line 232,2019,7,4579,3142,2632
Line 232,2019,8,4615,3472,2896
Line 232,2019,9,4877,3476,2865
Line 232,2019,10,4800,3297,2760
Line 232,2019,11,4549,3250,2757
Line 232,2019,12,4172,2847,2175
Line 232,2020,1,4500,2976,2436
Line 232,2020,2,4631,3105,2510
Line 232,2020,3,3317,2326,1777
Line 232,2020,4,2167,1536,1155
Line 232,2020,5,2244,1870,1799
Line 232,2020,6,2650,2040,1613
Line 232,2020,7,2901,2403,2393
Line 232,2020,8,2838,2502,2120
Line 232,2020,9,2978,2408,1960
Line 232,2020,10,2846,2636,2034
Line 232,2020,11,2825,2372,1952
Line 232,2020,12,2714,1939,1684
Line 232,2021,1,2479,2160,1827
Line 232,2021,2,2678,2295,1974
Line 232,2021,3,2770,2615,1962
Line 232,2021,4,3158,2416,1974
Line 232,2021,5,3183,2576,2109
Line 232,2021,6,3420,2959,2586
Line 232,2021,7,3881,3004,2541
Line 232,2021,8,4381,3069,3040
Line 232,2021,9,4336,2661,2803
Line 232,2021,10,4103,3129,3158
Line 232,2021,11,4332,3174,2835
Line 232,2021,12,3936,0,2405
Line 232,2022,1,3700,2355,2167
Line 232,2022,2,3623,2367,2018
Line 232,2022,3,3584,2649,2552
Line 232,2022,4,4106,2857,2262
Line 232,2022,5,4174,2735,2454
Line 232,2022,6,4295,2988,2556
Line 232,2022,7,3478,2912,2291
Line 232,2022,8,3568,3013,2522
Line 232,2022,9,3810,2900,2539
Line 232,2022,10,4014,2663,2505
Line 232,2022,11,3713,2606,2232
Line 232,2022,12,3734,2347,2037
Line 232,2023,1,3516,2308,2284
Line 232,2023,2,3693,2623,2239
Line 232,2023,3,3728,2692,2417
Line 232,2023,4,4053,3319,2801
Line 232,2023,5,4237,2917,2686
Line 232,2023,6,4069,3326,2703
Line 232,2023,7,4141,3014,2667
Line 232,2023,8,4394,3227,2485
Line 232,2023,9,4343,3052,2791
Line 232,2023,10,4289,3080,2713
Line 232,2023,11,4224,3071,2667
Line 232,2023,12,4118,3016,2344
Line 232,2024,1,3912,2757,2598
Line 232,2024,2,3781,3058,2428
Line 232,2024,3,4190,2868,2695
Line 232,2024,4,4282,3261,2873
Line 232,2024,5,4402,3300,2978
Line 232,2024,6,4319,3393,2758
Line 232,2024,7,4453,3424,3124
Line 232,2024,8,4645,3471,3171
Line 232,2024,9,4728,3570,3180
Line 232,2024,10,4730,3627,3183
Line 232,2024,11,4445,3214,2708
Line 232,2024,12,4424,3012,2651
Line 232,2025,1,4512,3092,2840
Line 232,2025,2,4331,3437,3178
Line 232,2025,3,4386,3185,2956
Line 232,2025,4,4518,3282,3019
Line 232,2025,5,4737,3302,3178
Line 232,2025,6,4367,3370,2986
Line 232,2025,7,4191,2938,2800
Line 232,2025,8,4425,3281,3094
Line 232,2025,9,4679,3294,3074
Line 232,2025,10,4515,3023,2934
Line 232,2025,11,4195,2917,2626
Line 232,2025,12,4124,2830,2582
Line 232,2026,1,4211,2850,2556
Line 232,2026,2,4176,3047,2819
Line 232,2026,3,4436,3178,2873
Line 232,2026,4,4391,2996,2630
Line 232,2026,5,4460,3111,2852
Line 233,2018,4,12093,8994,7349
Line 233,2018,5,11920,8782,6864
Line 233,2018,6,11800,8917,6749
Line 233,2018,7,11053,8835,7071
Line 233,2018,8,11523,9073,7176
Line 233,2018,9,12123,9054,6957
Line 233,2018,10,12020,8847,7066
Line 233,2018,11,11362,8691,6886
Line 233,2018,12,10320,8617,6313
Line 233,2019,1,9974,7704,6099
Line 233,2019,2,10699,7631,5756
Line 233,2019,3,11237,8619,6717
Line 233,2019,4,11383,8843,6773
Line 233,2019,5,11437,8944,6498
Line 233,2019,6,10981,8953,6890
Line 233,2019,7,10779,8665,6714
Line 233,2019,8,11234,9146,7261
Line 233,2019,9,11813,8650,7032
Line 233,2019,10,11829,8759,7089
Line 233,2019,11,10974,8339,6352
Line 233,2019,12,10234,8102,5738
Line 233,2020,1,10630,8232,5946
Line 233,2020,2,11418,8471,6334
Line 233,2020,3,7867,5859,5143
Line 233,2020,4,4503,4408,3279
Line 233,2020,5,5378,4938,3918
Line 233,2020,6,6654,5713,5114
Line 233,2020,7,7736,6688,6622
Line 233,2020,8,8201,7281,6016
Line 233,2020,9,8769,7671,6566
Line 233,2020,10,9006,8196,6961
Line 233,2020,11,10070,8478,7128
Line 233,2020,12,7573,7179,5674
Line 233,2021,1,6358,6425,5322
Line 233,2021,2,7952,7731,6731
Line 233,2021,3,7399,7547,6570
Line 233,2021,4,8091,7825,6512
Line 233,2021,5,8532,8254,7032
Line 233,2021,6,8707,8197,6983
Line 233,2021,7,10390,8923,7402
Line 233,2021,8,11340,9219,7839
Line 233,2021,9,12193,9725,8086
Line 233,2021,10,12307,9636,8633
Line 233,2021,11,12591,9731,8125
Line 233,2021,12,10860,0,7469
Line 233,2022,1,9694,7416,6511
Line 233,2022,2,10211,8104,6815
Line 233,2022,3,10455,8477,7178
Line 233,2022,4,10583,8301,7499
Line 233,2022,5,11076,8563,7069
Line 233,2022,6,10656,8355,7116
Line 233,2022,7,10053,8423,7106
Line 233,2022,8,10700,8483,7447
Line 233,2022,9,11230,8221,7325
Line 233,2022,10,11823,8683,7868
Line 233,2022,11,10482,8558,7204
Line 233,2022,12,10228,7332,6224
Line 233,2023,1,10026,7615,6860
Line 233,2023,2,11232,8379,7886
Line 233,2023,3,10892,9127,7690
Line 233,2023,4,11885,9281,8164
Line 233,2023,5,12411,9337,8228
Line 233,2023,6,12124,9488,8362
Line 233,2023,7,11455,9484,8149
Line 233,2023,8,12100,9801,6926
Line 233,2023,9,12850,8899,8106
Line 233,2023,10,13089,9189,8086
Line 233,2023,11,12160,9621,8322
Line 233,2023,12,11700,9686,7472
Line 233,2024,1,12024,8993,7398
Line 233,2024,2,11706,9821,7549
Line 233,2024,3,12964,8194,8595
Line 233,2024,4,13159,9728,8041
Line 233,2024,5,13379,9762,8690
Line 233,2024,6,12954,9635,8337
Line 233,2024,7,12297,9905,8477
Line 233,2024,8,13151,10132,9033
Line 233,2024,9,14121,10266,8795
Line 233,2024,10,14106,10526,9099
Line 233,2024,11,13181,10201,8551
Line 233,2024,12,12695,9581,8156
Line 233,2025,1,12520,9515,7394
Line 233,2025,2,12806,10095,8809
Line 233,2025,3,13025,10123,9056
Line 233,2025,4,13489,9738,8816
Line 233,2025,5,13765,9939,8618
Line 233,2025,6,12109,8651,8140
Line 233,2025,7,10962,8124,7300
Line 233,2025,8,11867,8434,7662
Line 233,2025,9,12713,8892,8019
Line 233,2025,10,12596,9349,8090
Line 233,2025,11,11288,7679,7305
Line 233,2025,12,11282,9116,7505
Line 233,2026,1,11205,8072,6664
Line 233,2026,2,11641,8980,7561
Line 233,2026,3,12158,8943,8075
Line 233,2026,4,11795,8784,7736
Line 233,2026,5,12248,9058,7829
Line 234,2018,4,5420,6683,4945
Line 234,2018,5,5461,6250,4858
Line 234,2018,6,5119,6345,4817
Line 234,2018,7,4992,6395,5115
Line 234,2018,8,5398,6837,5437
Line 234,2018,9,5879,6773,5263
Line 234,2018,10,5762,6738,5316
Line 234,2018,11,5474,6625,5021
Line 234,2018,12,4664,6421,4540
Line 234,2019,1,4646,5687,4316
Line 234,2019,2,5110,5476,4118
Line 234,2019,3,5351,5959,4648
Line 234,2019,4,5459,6431,4843
Line 234,2019,5,5559,6430,4755
Line 234,2019,6,5260,6641,5107
Line 234,2019,7,4952,6375,4937
Line 234,2019,8,5186,6629,5203
Line 234,2019,9,5744,6496,5092
Line 234,2019,10,5845,6681,5159
Line 234,2019,11,5219,6433,4546
Line 234,2019,12,4634,5971,4139
Line 234,2020,1,4797,6527,4709
Line 234,2020,2,5258,6470,4888
Line 234,2020,3,3625,4018,3502
Line 234,2020,4,2040,2622,2044
Line 234,2020,5,2343,2818,2561
Line 234,2020,6,2778,3129,2990
Line 234,2020,7,3036,4324,4049
Line 234,2020,8,3063,4238,3442
Line 234,2020,9,3105,4185,3480
Line 234,2020,10,3218,4476,3718
Line 234,2020,11,3131,4414,3350
Line 234,2020,12,2736,4093,3086
Line 234,2021,1,2582,3729,2908
Line 234,2021,2,2912,4237,3447
Line 234,2021,3,3051,4762,3704
Line 234,2021,4,3469,4892,3981
Line 234,2021,5,3670,5134,4118
Line 234,2021,6,3783,5399,4350
Line 234,2021,7,6060,4539,3783
Line 234,2021,8,6651,4788,3928
Line 234,2021,9,7314,4742,4033
Line 234,2021,10,7528,5067,4171
Line 234,2021,11,7592,4946,4083
Line 234,2021,12,6474,0,3725
Line 234,2022,1,6155,4094,3541
Line 234,2022,2,6744,4243,3484
Line 234,2022,3,6935,4425,3644
Line 234,2022,4,6918,4730,3812
Line 234,2022,5,7373,4688,3885
Line 234,2022,6,6870,4811,4015
Line 234,2022,7,6535,4660,3925
Line 234,2022,8,6922,4866,3983
Line 234,2022,9,7413,5038,3916
Line 234,2022,10,7804,4935,4262
Line 234,2022,11,7016,4774,3888
Line 234,2022,12,6758,4285,3604
Line 234,2023,1,6674,4364,3836
Line 234,2023,2,7503,4465,4179
Line 234,2023,3,7204,4852,4127
Line 234,2023,4,7978,5505,4451
Line 234,2023,5,8319,5482,4505
Line 234,2023,6,7792,5445,4573
Line 234,2023,7,7370,5284,4302
Line 234,2023,8,7927,5461,3821
Line 234,2023,9,8767,5328,4553
Line 234,2023,10,9044,5535,4499
Line 234,2023,11,8487,5354,4301
Line 234,2023,12,7797,5471,4137
Line 234,2024,1,8003,5145,4139
Line 234,2024,2,8049,5810,4119
Line 234,2024,3,8711,5055,4645
Line 234,2024,4,9145,5677,4621
Line 234,2024,5,9301,5770,4814
Line 234,2024,6,8557,5724,4629
Line 234,2024,7,8205,5644,4705
Line 234,2024,8,9071,5914,4852
Line 234,2024,9,9999,5775,4806
Line 234,2024,10,9732,6018,4993
Line 234,2024,11,9167,5873,4769
Line 234,2024,12,8351,5805,4779
Line 234,2025,1,8445,5646,4594
Line 234,2025,2,8746,6201,5147
Line 234,2025,3,9150,6240,5031
Line 234,2025,4,9332,5860,5159
Line 234,2025,5,9620,5926,5218
Line 234,2025,6,8425,5660,5064
Line 234,2025,7,7749,5202,4643
Line 234,2025,8,8265,5436,4782
Line 234,2025,9,9214,5603,4843
Line 234,2025,10,9298,5725,4719
Line 234,2025,11,8225,4897,4400
Line 234,2025,12,7994,5464,4321
Line 234,2026,1,7982,5082,4085
Line 234,2026,2,8340,5627,4536
Line 234,2026,3,8919,5671,4790
Line 234,2026,4,8814,5321,4495
Line 234,2026,5,9021,5713,4717
Line 236,2018,4,1764,625,475
Line 236,2018,5,1750,628,497
Line 236,2018,6,1501,603,454
Line 236,2018,7,1378,570,451
Line 236,2018,8,1629,657,454
Line 236,2018,9,1809,635,477
Line 236,2018,10,1756,641,481
Line 236,2018,11,1629,670,457
Line 236,2018,12,1321,625,441
Line 236,2019,1,1355,560,402
Line 236,2019,2,1506,516,372
Line 236,2019,3,1547,570,438
Line 236,2019,4,1573,654,473
Line 236,2019,5,1678,624,455
Line 236,2019,6,1455,646,455
Line 236,2019,7,1380,637,468
Line 236,2019,8,1575,651,499
Line 236,2019,9,1807,614,502
Line 236,2019,10,1785,617,517
Line 236,2019,11,1632,572,431
Line 236,2019,12,1436,510,365
Line 236,2020,1,1470,603,392
Line 236,2020,2,1657,610,423
Line 236,2020,3,1026,403,356
Line 236,2020,4,369,267,164
Line 236,2020,5,368,351,257
Line 236,2020,6,478,377,313
Line 236,2020,7,481,370,388
Line 236,2020,8,482,403,305
Line 236,2020,9,525,375,348
Line 236,2020,10,515,457,308
Line 236,2020,11,529,399,294
Line 236,2020,12,464,376,282
Line 236,2021,1,452,355,274
Line 236,2021,2,483,344,278
Line 236,2021,3,500,377,325
Line 236,2021,4,562,439,334
Line 236,2021,5,591,468,366
Line 236,2021,6,617,442,356
Line 236,2021,7,951,432,361
Line 236,2021,8,1247,537,363
Line 236,2021,9,1407,529,382
Line 236,2021,10,1391,537,430
Line 236,2021,11,1430,490,385
Line 236,2021,12,1209,0,418
Line 236,2022,1,1096,444,410
Line 236,2022,2,1382,499,368
Line 236,2022,3,1549,461,400
Line 236,2022,4,1525,578,432
Line 236,2022,5,1726,554,497
Line 236,2022,6,1556,657,474
Line 236,2022,7,1413,608,477
Line 236,2022,8,1606,638,492
Line 236,2022,9,1697,607,460
Line 236,2022,10,1826,641,471
Line 236,2022,11,1634,655,443
Line 236,2022,12,1513,528,472
Line 236,2023,1,1466,570,479
Line 236,2023,2,1659,558,475
Line 236,2023,3,1600,576,467
Line 236,2023,4,1758,642,539
Line 236,2023,5,1897,696,594
Line 236,2023,6,1759,725,595
Line 236,2023,7,1537,711,530
Line 236,2023,8,1779,692,555
Line 236,2023,9,1998,685,554
Line 236,2023,10,2139,742,584
Line 236,2023,11,1913,672,523
Line 236,2023,12,1713,659,535
Line 236,2024,1,1720,677,539
Line 236,2024,2,1806,708,563
Line 236,2024,3,1947,613,558
Line 236,2024,4,2039,750,585
Line 236,2024,5,2168,792,577
Line 236,2024,6,1879,814,538
Line 236,2024,7,1608,740,555
Line 236,2024,8,1906,735,612
Line 236,2024,9,2110,673,539
Line 236,2024,10,2142,739,618
Line 236,2024,11,1989,784,544
Line 236,2024,12,1762,657,525
Line 236,2025,1,1831,682,559
Line 236,2025,2,1928,811,687
Line 236,2025,3,1965,779,670
Line 236,2025,4,2024,696,635
Line 236,2025,5,2129,765,659
Line 236,2025,6,1855,833,650
Line 236,2025,7,1636,687,506
Line 236,2025,8,1917,658,565
Line 236,2025,9,2149,695,540
Line 236,2025,10,2118,734,500
Line 236,2025,11,1885,595,506
Line 236,2025,12,1921,522,329
Line 236,2026,1,1848,572,514
Line 236,2026,2,1898,683,607
Line 236,2026,3,2083,665,526
Line 236,2026,4,2075,622,412
Line 236,2026,5,2189,722,616
Line 237,2018,4,1968,791,715
Line 237,2018,5,2021,763,734
Line 237,2018,6,1908,801,758
Line 237,2018,7,1884,865,798
Line 237,2018,8,2030,888,812
Line 237,2018,9,2123,893,797
Line 237,2018,10,2097,824,761
Line 237,2018,11,1939,805,736
Line 237,2018,12,1711,804,698
Line 237,2019,1,1771,757,655
Line 237,2019,2,1933,702,606
Line 237,2019,3,2042,734,687
Line 237,2019,4,2032,826,740
Line 237,2019,5,2058,818,754
Line 237,2019,6,1964,892,805
Line 237,2019,7,1972,909,842
Line 237,2019,8,2078,970,857
Line 237,2019,9,2234,942,808
Line 237,2019,10,2134,962,828
Line 237,2019,11,1985,884,770
Line 237,2019,12,1751,852,657
Line 237,2020,1,1836,842,669
Line 237,2020,2,1973,803,669
Line 237,2020,3,1239,548,551
Line 237,2020,4,618,429,352
Line 237,2020,5,740,444,395
Line 237,2020,6,885,496,462
Line 237,2020,7,1015,541,612
Line 237,2020,8,1117,589,530
Line 237,2020,9,1177,607,532
Line 237,2020,10,1202,607,559
Line 237,2020,11,1175,592,506
Line 237,2020,12,1078,538,473
Line 237,2021,1,983,500,439
Line 237,2021,2,1112,566,470
Line 237,2021,3,1163,639,550
Line 237,2021,4,1278,635,502
Line 237,2021,5,1363,695,597
Line 237,2021,6,1409,791,674
Line 237,2021,7,956,650,550
Line 237,2021,8,1133,772,626
Line 237,2021,9,1335,747,722
Line 237,2021,10,1342,812,648
Line 237,2021,11,1318,840,579
Line 237,2021,12,1069,0,577
Line 237,2022,1,950,690,541
Line 237,2022,2,1178,714,538
Line 237,2022,3,1255,885,682
Line 237,2022,4,1313,892,689
Line 237,2022,5,1381,851,738
Line 237,2022,6,1228,923,765
Line 237,2022,7,1131,881,744
Line 237,2022,8,1303,884,703
Line 237,2022,9,1539,942,831
Line 237,2022,10,1565,896,764
Line 237,2022,11,1375,880,745
Line 237,2022,12,1210,813,618
Line 237,2023,1,1156,792,667
Line 237,2023,2,1421,869,827
Line 237,2023,3,1390,959,775
Line 237,2023,4,1565,1015,859
Line 237,2023,5,1564,1044,847
Line 237,2023,6,1328,1052,894
Line 237,2023,7,1276,977,807
Line 237,2023,8,1470,1108,850
Line 237,2023,9,1718,1108,912
Line 237,2023,10,1728,1064,907
Line 237,2023,11,1514,982,818
Line 237,2023,12,1401,962,775
Line 237,2024,1,1408,877,799
Line 237,2024,2,1498,1111,836
Line 237,2024,3,1540,984,848
Line 237,2024,4,1693,1136,1054
Line 237,2024,5,1706,1149,987
Line 237,2024,6,1509,1162,1023
Line 237,2024,7,1416,1125,989
Line 237,2024,8,1712,1191,1011
Line 237,2024,9,1976,1191,986
Line 237,2024,10,1961,1223,1060
Line 237,2024,11,1851,1197,969
Line 237,2024,12,1736,1030,918
Line 237,2025,1,1606,949,990
Line 237,2025,2,1729,1113,984
Line 237,2025,3,1838,1252,1076
Line 237,2025,4,1899,1243,1169
Line 237,2025,5,1964,1277,1177
Line 237,2025,6,1655,1238,967
Line 237,2025,7,1640,1049,956
Line 237,2025,8,1814,1147,968
Line 237,2025,9,2088,1284,1098
Line 237,2025,10,2078,1320,1032
Line 237,2025,11,1831,1044,1017
Line 237,2025,12,1791,1039,683
Line 237,2026,1,1772,1014,852
Line 237,2026,2,1888,1232,1043
Line 237,2026,3,1962,990,1034
Line 237,2026,4,1993,1155,1048
Line 237,2026,5,1969,1088,1031
Line 239,2018,4,1075,null,null
Line 239,2018,5,1041,null,null
Line 239,2018,6,769,null,null
Line 239,2018,7,743,0,0
Line 239,2018,8,912,0,0
Line 239,2018,9,1094,0,0
Line 239,2018,10,1077,0,0
Line 239,2018,11,986,0,0
Line 239,2018,12,756,0,0
Line 239,2019,1,764,0,0
Line 239,2019,2,899,0,0
Line 239,2019,3,919,0,0
Line 239,2019,4,914,0,0
Line 239,2019,5,914,0,0
Line 239,2019,6,739,0,0
Line 239,2019,7,771,0,0
Line 239,2019,8,857,0,0
Line 239,2019,9,1106,0,0
Line 239,2019,10,1059,0,0
Line 239,2019,11,984,0,0
Line 239,2019,12,815,0,0
Line 239,2020,1,861,0,0
Line 239,2020,2,1059,0,0
Line 239,2020,3,643,0,0
Line 239,2020,4,234,0,0
Line 239,2020,5,300,0,0
Line 239,2020,6,355,0,0
Line 239,2020,7,382,0,0
Line 239,2020,8,398,0,0
Line 239,2020,9,417,0,0
Line 239,2020,10,424,0,0
Line 239,2020,11,418,0,0
Line 239,2020,12,346,0,0
Line 239,2021,1,318,0,0
Line 239,2021,2,370,0,0
Line 239,2021,3,394,0,0
Line 239,2021,4,451,0,0
Line 239,2021,5,460,0,0
Line 239,2021,6,502,0,0
Line 239,2021,7,0,0,0
Line 239,2021,8,0,0,0
Line 239,2021,9,0,0,0
Line 239,2021,10,0,0,0
Line 239,2021,11,0,0,0
Line 239,2021,12,0,0,0
Line 239,2022,1,0,0,0
Line 239,2022,2,0,0,0
Line 239,2022,3,0,0,0
Line 239,2022,4,0,0,0
Line 239,2022,5,0,0,0
Line 239,2022,6,0,0,0
Line 239,2022,7,0,0,0
Line 239,2022,8,0,0,0
Line 239,2022,9,0,0,0
Line 239,2022,10,0,0,0
Line 239,2022,11,0,0,0
Line 239,2022,12,0,0,0
Line 239,2023,1,0,0,0
Line 239,2023,2,0,0,0
Line 239,2023,3,0,0,0
Line 239,2023,4,0,0,0
Line 239,2023,5,0,0,0
Line 239,2023,6,0,0,0
Line 239,2023,7,0,0,0
Line 239,2023,8,0,0,0
Line 239,2023,9,0,0,0
Line 239,2023,10,0,0,0
Line 239,2023,11,0,0,0
Line 239,2023,12,0,0,0
Line 239,2024,1,0,0,0
Line 239,2024,2,0,0,0
Line 239,2024,3,0,0,0
Line 239,2024,4,0,0,0
Line 239,2024,5,0,0,0
Line 239,2024,6,0,0,0
Line 239,2024,7,0,0,0
Line 239,2024,8,0,0,0
Line 239,2024,9,0,0,0
Line 239,2024,10,0,0,0
Line 239,2024,11,0,0,0
Line 239,2024,12,0,0,0
Line 239,2025,1,0,0,0
Line 239,2025,2,0,0,0
Line 239,2025,3,0,0,0
Line 239,2025,4,0,0,0
Line 239,2025,5,0,0,0
Line 239,2025,6,0,0,0
Line 240,2018,7,0,0,0
Line 240,2018,8,0,0,0
Line 240,2018,9,0,0,0
Line 240,2018,10,0,0,0
Line 240,2018,11,0,0,0
Line 240,2018,12,0,0,0
Line 240,2019,1,0,0,0
Line 240,2019,2,0,0,0
Line 240,2019,3,0,0,0
Line 240,2019,4,0,0,0
Line 240,2019,5,0,0,0
Line 240,2019,6,0,0,0
Line 240,2019,7,0,0,0
Line 240,2019,8,0,0,0
Line 240,2019,9,0,0,0
Line 240,2019,10,0,0,0
Line 240,2019,11,0,0,0
Line 240,2019,12,0,0,0
Line 240,2020,1,0,0,0
Line 240,2020,2,0,0,0
Line 240,2020,3,0,0,0
Line 240,2020,4,0,0,0
Line 240,2020,5,0,0,0
Line 240,2020,6,0,0,0
Line 240,2020,7,0,0,0
Line 240,2020,8,0,0,0
Line 240,2020,9,0,0,0
Line 240,2020,10,0,0,0
Line 240,2020,11,0,0,0
Line 240,2020,12,0,0,0
Line 240,2021,1,0,0,0
Line 240,2021,2,0,0,0
Line 240,2021,3,0,0,0
Line 240,2021,4,0,0,0
Line 240,2021,5,0,0,0
Line 240,2021,6,0,0,0
Line 240,2021,7,7843,5663,4713
Line 240,2021,8,8380,6107,4928
Line 240,2021,9,9008,6272,5084
Line 240,2021,10,9018,6077,4966
Line 240,2021,11,8928,5907,4609
Line 240,2021,12,7705,0,4143
Line 240,2022,1,6797,4843,3908
Line 240,2022,2,7445,4992,3899
Line 240,2022,3,7848,5340,4121
Line 240,2022,4,8388,5624,4292
Line 240,2022,5,8560,5714,4739
Line 240,2022,6,8381,5886,4917
Line 240,2022,7,8281,5764,4763
Line 240,2022,8,8499,5921,4752
Line 240,2022,9,9551,5978,4970
Line 240,2022,10,9881,6272,5168
Line 240,2022,11,9333,6429,4568
Line 240,2022,12,8697,5663,4471
Line 240,2023,1,8460,5573,4900
Line 240,2023,2,9642,5810,5242
Line 240,2023,3,9359,6382,5300
Line 240,2023,4,10110,6777,5694
Line 240,2023,5,10109,6915,5735
Line 240,2023,6,9641,6928,5868
Line 240,2023,7,9203,6438,5564
Line 240,2023,8,9836,6821,5201
Line 240,2023,9,11088,6866,5892
Line 240,2023,10,11398,7063,5936
Line 240,2023,11,10633,6676,5423
Line 240,2023,12,9994,6585,5551
Line 240,2024,1,9963,6514,5651
Line 240,2024,2,10496,7049,5491
Line 240,2024,3,11281,6806,6049
Line 240,2024,4,11852,7444,6292
Line 240,2024,5,11572,7872,6675
Line 240,2024,6,10715,7553,6729
Line 240,2024,7,10726,7740,6455
Line 240,2024,8,11710,7854,6967
Line 240,2024,9,13218,8301,6935
Line 240,2024,10,13020,8185,7089
Line 240,2024,11,12349,8090,6607
Line 240,2024,12,11190,7666,6526
Line 240,2025,1,11201,7459,6466
Line 240,2025,2,12127,8064,7246
Line 240,2025,3,12214,8197,7236
Line 240,2025,4,12573,8478,6878
Line 240,2025,5,12303,8351,7405
Line 240,2025,6,10968,7687,7259
Line 240,2025,7,10665,7324,6605
Line 240,2025,8,11219,7559,7049
Line 240,2025,9,12523,7917,6773
Line 240,2025,10,12139,7944,6768
Line 240,2025,11,11569,7563,6641
Line 240,2025,12,11182,7415,5956
Line 240,2026,1,10910,7097,6050
Line 240,2026,2,11506,7944,6486
Line 240,2026,3,11903,7497,6731
Line 240,2026,4,11929,7358,6317
Line 240,2026,5,11914,7776,6699
Line 242,2018,7,0,0,0
Line 242,2018,8,0,0,0
Line 242,2018,9,0,0,0
Line 242,2018,10,0,0,0
Line 242,2018,11,0,0,0
Line 242,2018,12,0,0,0
Line 242,2019,1,0,0,0
Line 242,2019,2,0,0,0
Line 242,2019,3,0,0,0
Line 242,2019,4,0,0,0
Line 242,2019,5,0,0,0
Line 242,2019,6,0,0,0
Line 242,2019,7,0,0,0
Line 242,2019,8,0,0,0
Line 242,2019,9,0,0,0
Line 242,2019,10,0,0,0
Line 242,2019,11,0,0,0
Line 242,2019,12,0,0,0
Line 242,2020,1,0,0,0
Line 242,2020,2,0,0,0
Line 242,2020,3,0,0,0
Line 242,2020,4,0,0,0
Line 242,2020,5,0,0,0
Line 242,2020,6,0,0,0
Line 242,2020,7,0,0,0
Line 242,2020,8,0,0,0
Line 242,2020,9,0,0,0
Line 242,2020,10,0,0,0
Line 242,2020,11,0,0,0
Line 242,2020,12,0,0,0
Line 242,2021,1,0,0,0
Line 242,2021,2,0,0,0
Line 242,2021,3,0,0,0
Line 242,2021,4,0,0,0
Line 242,2021,5,0,0,0
Line 242,2021,6,0,0,0
Line 242,2021,7,0,0,0
Line 242,2021,8,0,0,0
Line 242,2021,9,687,233,227
Line 242,2021,10,1115,652,476
Line 242,2021,11,1074,663,557
Line 242,2021,12,936,0,443
Line 242,2022,1,916,513,352
Line 242,2022,2,1074,595,409
Line 242,2022,3,1182,640,476
Line 242,2022,4,1207,693,572
Line 242,2022,5,1334,736,595
Line 242,2022,6,1205,715,574
Line 242,2022,7,1102,710,545
Line 242,2022,8,1262,779,582
Line 242,2022,9,1434,764,634
Line 242,2022,10,1562,831,672
Line 242,2022,11,1399,729,641
Line 242,2022,12,1272,741,522
Line 242,2023,1,1186,702,622
Line 242,2023,2,1391,849,715
Line 242,2023,3,1303,858,636
Line 242,2023,4,1426,848,724
Line 242,2023,5,1546,900,691
Line 242,2023,6,1418,984,818
Line 242,2023,7,1330,854,687
Line 242,2023,8,1518,964,707
Line 242,2023,9,1749,931,794
Line 242,2023,10,1846,974,807
Line 242,2023,11,1678,933,821
Line 242,2023,12,1505,986,678
Line 242,2024,1,1554,823,760
Line 242,2024,2,1614,1000,750
Line 242,2024,3,1636,911,795
Line 242,2024,4,1755,1042,849
Line 242,2024,5,1874,1043,850
Line 242,2024,6,1740,1021,932
Line 242,2024,7,1473,1010,827
Line 242,2024,8,1755,1031,859
Line 242,2024,9,2006,1094,852
Line 242,2024,10,2108,1110,937
Line 242,2024,11,1958,1129,869
Line 242,2024,12,1719,1131,975
Line 242,2025,1,1723,1145,868
Line 242,2025,2,1776,1184,1000
Line 242,2025,3,1944,1217,994
Line 242,2025,4,1937,1147,1020
Line 242,2025,5,2026,1146,1012
Line 242,2025,6,1705,1087,1001
Line 242,2025,7,1580,939,810
Line 242,2025,8,1680,987,837
Line 242,2025,9,2049,1061,928
Line 242,2025,10,2045,1149,967
Line 242,2025,11,1789,1096,853
Line 242,2025,12,1815,1019,640
Line 242,2026,1,1674,917,852
Line 242,2026,2,1896,987,844
Line 242,2026,3,1925,991,848
Line 242,2026,4,1874,980,809
Line 242,2026,5,1981,1017,881
Line 243,2018,4,1749,797,null
Line 243,2018,5,1795,794,null
Line 243,2018,6,1585,741,null
Line 243,2018,7,1435,686,0
Line 243,2018,8,1662,738,0
Line 243,2018,9,1864,765,0
Line 243,2018,10,1836,764,0
Line 243,2018,11,1590,718,0
Line 243,2018,12,1384,721,0
Line 243,2019,1,1364,640,0
Line 243,2019,2,1607,612,0
Line 243,2019,3,1657,629,0
Line 243,2019,4,1655,702,0
Line 243,2019,5,1762,724,0
Line 243,2019,6,1482,711,0
Line 243,2019,7,1400,693,0
Line 243,2019,8,1509,697,0
Line 243,2019,9,1862,719,0
Line 243,2019,10,1816,719,0
Line 243,2019,11,1688,693,0
Line 243,2019,12,1432,673,0
Line 243,2020,1,1521,688,0
Line 243,2020,2,1733,693,0
Line 243,2020,3,995,482,0
Line 243,2020,4,341,244,0
Line 243,2020,5,410,0,0
Line 243,2020,6,550,0,0
Line 243,2020,7,559,0,0
Line 243,2020,8,578,0,0
Line 243,2020,9,610,0,0
Line 243,2020,10,648,0,0
Line 243,2020,11,639,0,0
Line 243,2020,12,569,0,0
Line 243,2021,1,538,0,0
Line 243,2021,2,613,0,0
Line 243,2021,3,624,0,0
Line 243,2021,4,695,0,0
Line 243,2021,5,710,0,0
Line 243,2021,6,757,0,0
Line 243,2021,7,799,410,0
Line 243,2021,8,944,488,0
Line 243,2021,9,355,259,0
Line 243,2021,10,0,0,0
Line 243,2021,11,0,0,0
Line 243,2021,12,0,0,0
Line 243,2022,1,0,0,0
Line 243,2022,2,0,0,0
Line 243,2022,3,0,0,0
Line 243,2022,4,0,0,0
Line 243,2022,5,0,0,0
Line 243,2022,6,0,0,0
Line 243,2022,7,0,0,0
Line 243,2022,8,0,0,0
Line 243,2022,9,0,0,0
Line 243,2022,10,0,0,0
Line 243,2022,11,0,0,0
Line 243,2022,12,0,0,0
Line 243,2023,1,0,0,0
Line 243,2023,2,0,0,0
Line 243,2023,3,0,0,0
Line 243,2023,4,0,0,0
Line 243,2023,5,0,0,0
Line 243,2023,6,0,0,0
Line 243,2023,7,0,0,0
Line 243,2023,8,0,0,0
Line 243,2023,9,0,0,0
Line 243,2023,10,0,0,0
Line 243,2023,11,0,0,0
Line 243,2023,12,0,0,0
Line 243,2024,1,0,0,0
Line 243,2024,2,0,0,0
Line 243,2024,3,0,0,0
Line 243,2024,4,0,0,0
Line 243,2024,5,0,0,0
Line 243,2024,6,0,0,0
Line 243,2024,7,0,0,0
Line 243,2024,8,0,0,0
Line 243,2024,9,0,0,0
Line 243,2024,10,0,0,0
Line 243,2024,11,0,0,0
Line 243,2024,12,0,0,0
Line 243,2025,1,0,0,0
Line 243,2025,2,0,0,0
Line 243,2025,3,0,0,0
Line 243,2025,4,0,0,0
Line 243,2025,5,0,0,0
Line 243,2025,6,0,0,0
Line 244,2018,7,0,0,0
Line 244,2018,8,0,0,0
Line 244,2018,9,0,0,0
Line 244,2018,10,0,0,0
Line 244,2018,11,0,0,0
Line 244,2018,12,0,0,0
Line 244,2019,1,0,0,0
Line 244,2019,2,0,0,0
Line 244,2019,3,0,0,0
Line 244,2019,4,0,0,0
Line 244,2019,5,0,0,0
Line 244,2019,6,0,0,0
Line 244,2019,7,0,0,0
Line 244,2019,8,0,0,0
Line 244,2019,9,0,0,0
Line 244,2019,10,0,0,0
Line 244,2019,11,0,0,0
Line 244,2019,12,0,0,0
Line 244,2020,1,0,0,0
Line 244,2020,2,0,0,0
Line 244,2020,3,0,0,0
Line 244,2020,4,0,0,0
Line 244,2020,5,0,0,0
Line 244,2020,6,0,0,0
Line 244,2020,7,0,0,0
Line 244,2020,8,0,0,0
Line 244,2020,9,0,0,0
Line 244,2020,10,0,0,0
Line 244,2020,11,0,0,0
Line 244,2020,12,0,0,0
Line 244,2021,1,0,0,0
Line 244,2021,2,0,0,0
Line 244,2021,3,0,0,0
Line 244,2021,4,0,0,0
Line 244,2021,5,0,0,0
Line 244,2021,6,0,0,0
Line 244,2021,7,762,410,349
Line 244,2021,8,1026,513,381
Line 244,2021,9,1322,514,368
Line 244,2021,10,1466,523,407
Line 244,2021,11,1357,563,425
Line 244,2021,12,1087,0,407
Line 244,2022,1,1041,472,345
Line 244,2022,2,1306,476,320
Line 244,2022,3,1374,428,339
Line 244,2022,4,1288,465,307
Line 244,2022,5,1464,449,380
Line 244,2022,6,1219,490,347
Line 244,2022,7,1060,434,330
Line 244,2022,8,1283,483,352
Line 244,2022,9,1517,456,358
Line 244,2022,10,1600,494,378
Line 244,2022,11,1424,495,363
Line 244,2022,12,1324,530,435
Line 244,2023,1,1428,643,484
Line 244,2023,2,1621,677,528
Line 244,2023,3,1570,683,473
Line 244,2023,4,1644,777,556
Line 244,2023,5,1890,838,561
Line 244,2023,6,1447,798,593
Line 244,2023,7,1284,712,593
Line 244,2023,8,1517,762,547
Line 244,2023,9,1760,712,615
Line 244,2023,10,1824,824,656
Line 244,2023,11,1614,765,644
Line 244,2023,12,1542,790,567
Line 244,2024,1,1677,749,577
Line 244,2024,2,1668,849,569
Line 244,2024,3,1673,740,598
Line 244,2024,4,1854,827,596
Line 244,2024,5,1964,829,666
Line 244,2024,6,1621,840,715
Line 244,2024,7,1434,771,625
Line 244,2024,8,1826,885,649
Line 244,2024,9,1990,898,708
Line 244,2024,10,2011,910,733
Line 244,2024,11,1840,827,722
Line 244,2024,12,1616,889,663
Line 244,2025,1,1779,910,640
Line 244,2025,2,1938,920,738
Line 244,2025,3,2023,934,750
Line 244,2025,4,1936,904,713
Line 244,2025,5,2195,913,753
Line 244,2025,6,1636,868,764
Line 244,2025,7,1534,821,691
Line 244,2025,8,1700,855,689
Line 244,2025,9,1951,843,696
Line 244,2025,10,1950,862,757
Line 244,2025,11,1737,771,677
Line 244,2025,12,1840,853,690
Line 244,2026,1,1750,759,574
Line 244,2026,2,1908,896,660
Line 244,2026,3,1989,844,654
Line 244,2026,4,1876,901,609
Line 244,2026,5,2038,906,727
Line 245,2018,4,2749,955,433
Line 245,2018,5,2807,898,418
Line 245,2018,6,2245,886,446
Line 245,2018,7,2033,857,306
Line 245,2018,8,2542,945,329
Line 245,2018,9,2810,876,294
Line 245,2018,10,2869,986,314
Line 245,2018,11,2461,877,329
Line 245,2018,12,2202,913,300
Line 245,2019,1,2253,806,281
Line 245,2019,2,2668,827,268
Line 245,2019,3,2736,871,330
Line 245,2019,4,2633,923,320
Line 245,2019,5,2861,904,308
Line 245,2019,6,2297,979,331
Line 245,2019,7,2073,934,306
Line 245,2019,8,2419,1081,321
Line 245,2019,9,2753,897,314
Line 245,2019,10,2770,1032,353
Line 245,2019,11,2650,993,313
Line 245,2019,12,2367,938,278
Line 245,2020,1,2532,950,294
Line 245,2020,2,2755,1038,325
Line 245,2020,3,1573,677,241
Line 245,2020,4,475,255,121
Line 245,2020,5,445,190,181
Line 245,2020,6,575,221,184
Line 245,2020,7,662,217,217
Line 245,2020,8,701,231,187
Line 245,2020,9,768,231,173
Line 245,2020,10,823,259,217
Line 245,2020,11,787,223,195
Line 245,2020,12,685,234,231
Line 245,2021,1,656,264,179
Line 245,2021,2,754,252,247
Line 245,2021,3,769,251,216
Line 245,2021,4,887,276,220
Line 245,2021,5,950,302,242
Line 245,2021,6,965,325,241
Line 245,2021,7,0,0,0
Line 245,2021,8,0,0,0
Line 245,2021,9,0,0,0
Line 245,2021,10,0,0,0
Line 245,2021,11,0,0,0
Line 245,2021,12,0,0,0
Line 245,2022,1,0,0,0
Line 245,2022,2,0,0,0
Line 245,2022,3,0,0,0
Line 245,2022,4,0,0,0
Line 245,2022,5,0,0,0
Line 245,2022,6,0,0,0
Line 245,2022,7,0,0,0
Line 245,2022,8,0,0,0
Line 245,2022,9,0,0,0
Line 245,2022,10,0,0,0
Line 245,2022,11,0,0,0
Line 245,2022,12,0,0,0
Line 245,2023,1,0,0,0
Line 245,2023,2,0,0,0
Line 245,2023,3,0,0,0
Line 245,2023,4,0,0,0
Line 245,2023,5,0,0,0
Line 245,2023,6,0,0,0
Line 245,2023,7,0,0,0
Line 245,2023,8,0,0,0
Line 245,2023,9,0,0,0
Line 245,2023,10,0,0,0
Line 245,2023,11,0,0,0
Line 245,2023,12,0,0,0
Line 245,2024,1,0,0,0
Line 245,2024,2,0,0,0
Line 245,2024,3,0,0,0
Line 245,2024,4,0,0,0
Line 245,2024,5,0,0,0
Line 245,2024,6,0,0,0
Line 245,2024,7,0,0,0
Line 245,2024,8,0,0,0
Line 245,2024,9,0,0,0
Line 245,2024,10,0,0,0
Line 245,2024,11,0,0,0
Line 245,2024,12,0,0,0
Line 245,2025,1,0,0,0
Line 245,2025,2,0,0,0
Line 245,2025,3,0,0,0
Line 245,2025,4,0,0,0
Line 245,2025,5,0,0,0
Line 245,2025,6,0,0,0
Line 246,2018,4,2528,1758,1320
Line 246,2018,5,2590,1735,1348
Line 246,2018,6,2490,1787,1419
Line 246,2018,7,2411,1764,1498
Line 246,2018,8,2534,1907,1467
Line 246,2018,9,2670,1781,1384
Line 246,2018,10,2683,1737,1422
Line 246,2018,11,2518,1708,1461
Line 246,2018,12,2299,1724,1221
Line 246,2019,1,2184,1505,1201
Line 246,2019,2,2467,1580,1222
Line 246,2019,3,2498,1691,1347
Line 246,2019,4,2452,1679,1247
Line 246,2019,5,2499,1812,1239
Line 246,2019,6,2364,1775,1424
Line 246,2019,7,2372,1717,1330
Line 246,2019,8,2473,1821,1422
Line 246,2019,9,2575,1782,1335
Line 246,2019,10,2590,1737,1352
Line 246,2019,11,2306,1572,1136
Line 246,2019,12,2112,1565,1070
Line 246,2020,1,2168,1590,1183
Line 246,2020,2,2333,1720,1138
Line 246,2020,3,1593,1223,967
Line 246,2020,4,1012,889,651
Line 246,2020,5,1110,888,804
Line 246,2020,6,1313,1022,871
Line 246,2020,7,1317,1082,1136
Line 246,2020,8,1339,1102,937
Line 246,2020,9,1374,1126,970
Line 246,2020,10,1362,1119,984
Line 246,2020,11,1310,1005,825
Line 246,2020,12,1194,939,750
Line 246,2021,1,1123,874,740
Line 246,2021,2,1233,971,868
Line 246,2021,3,1233,1082,892
Line 246,2021,4,1378,1165,901
Line 246,2021,5,1361,1148,939
Line 246,2021,6,1493,1217,1082
Line 246,2021,7,1599,1265,1084
Line 246,2021,8,1679,1280,1122
Line 246,2021,9,1916,1383,1279
Line 246,2021,10,2091,1625,1367
Line 246,2021,11,2147,1694,1472
Line 246,2021,12,1947,0,1375
Line 246,2022,1,1827,1364,1261
Line 246,2022,2,1893,1495,1123
Line 246,2022,3,1815,1197,1073
Line 246,2022,4,1798,1243,1017
Line 246,2022,5,1854,1246,1111
Line 246,2022,6,1853,1314,1100
Line 246,2022,7,1833,1262,1058
Line 246,2022,8,1863,1276,1067
Line 246,2022,9,1882,1254,1111
Line 246,2022,10,1986,1283,1128
Line 246,2022,11,1822,1233,1052
Line 246,2022,12,1977,1387,1215
Line 246,2023,1,2107,1555,1377
Line 246,2023,2,2297,1728,1600
Line 246,2023,3,2271,2073,1665
Line 246,2023,4,2488,1999,1799
Line 246,2023,5,2586,2084,1760
Line 246,2023,6,2635,2045,1918
Line 246,2023,7,2638,2161,1918
Line 246,2023,8,2747,2169,1750
Line 246,2023,9,2949,2158,1940
Line 246,2023,10,2968,2279,1925
Line 246,2023,11,2815,2133,1867
Line 246,2023,12,2692,2162,1659
Line 246,2024,1,2666,1927,1836
Line 246,2024,2,2594,2284,1836
Line 246,2024,3,2978,2071,1958
Line 246,2024,4,3001,2293,2023
Line 246,2024,5,3066,2416,2180
Line 246,2024,6,3042,2447,2157
Line 246,2024,7,2988,2428,2286
Line 246,2024,8,3196,2512,2383
Line 246,2024,9,3222,2527,2229
Line 246,2024,10,3328,2627,2402
Line 246,2024,11,3134,2301,2093
Line 246,2024,12,3069,2444,1952
Line 246,2025,1,3146,2456,2112
Line 246,2025,2,3132,2528,2388
Line 246,2025,3,3148,2545,2209
Line 246,2025,4,3102,2534,2386
Line 246,2025,5,3302,2471,2259
Line 246,2025,6,2961,2403,2441
Line 246,2025,7,2906,2273,2124
Line 246,2025,8,3097,2382,2328
Line 246,2025,9,3335,2530,2229
Line 246,2025,10,3211,2471,2206
Line 246,2025,11,2936,2160,1944
Line 246,2025,12,2818,2238,1812
Line 246,2026,1,2837,2119,1838
Line 246,2026,2,2994,2431,2094
Line 246,2026,3,3066,2326,2168
Line 246,2026,4,3050,2377,2101
Line 246,2026,5,3110,2506,2225
Line 251,2018,4,8618,7610,5623
Line 251,2018,5,8744,7545,5487
Line 251,2018,6,8560,7314,5669
Line 251,2018,7,7976,7286,5502
Line 251,2018,8,8498,7777,5656
Line 251,2018,9,8934,7817,5599
Line 251,2018,10,8874,7390,5719
Line 251,2018,11,8249,7870,5665
Line 251,2018,12,7545,7651,5117
Line 251,2019,1,7413,6945,4936
Line 251,2019,2,7927,6576,4928
Line 251,2019,3,8221,6994,5477
Line 251,2019,4,8330,7289,5391
Line 251,2019,5,8347,7511,5280
Line 251,2019,6,8097,7500,5902
Line 251,2019,7,7992,7218,5680
Line 251,2019,8,8082,7696,5502
Line 251,2019,9,8743,7851,5467
Line 251,2019,10,8566,7784,5499
Line 251,2019,11,7897,7565,4956
Line 251,2019,12,7444,6946,4698
Line 251,2020,1,7671,7428,4897
Line 251,2020,2,8067,7208,5171
Line 251,2020,3,5463,4651,3795
Line 251,2020,4,2894,2944,1983
Line 251,2020,5,3705,3852,2866
Line 251,2020,6,4703,4556,3409
Line 251,2020,7,5082,5015,4385
Line 251,2020,8,5314,5066,3752
Line 251,2020,9,5584,5150,3849
Line 251,2020,10,5739,5572,4245
Line 251,2020,11,5629,5371,3922
Line 251,2020,12,6186,5009,3434
Line 251,2021,1,6741,4751,3182
Line 251,2021,2,7516,5299,3726
Line 251,2021,3,7972,5558,3905
Line 251,2021,4,8714,6127,4177
Line 251,2021,5,8867,5839,4292
Line 251,2021,6,9337,5950,4322
Line 251,2021,7,11587,8181,6208
Line 251,2021,8,12794,8255,6291
Line 251,2021,9,13246,8329,6304
Line 251,2021,10,13399,8445,6206
Line 251,2021,11,13173,8678,6277
Line 251,2021,12,11121,0,5757
Line 251,2022,1,10294,6798,5168
Line 251,2022,2,11305,6615,5205
Line 251,2022,3,11954,7314,5737
Line 251,2022,4,12265,7752,5835
Line 251,2022,5,12802,7502,5934
Line 251,2022,6,12371,7664,6113
Line 251,2022,7,11926,7854,6024
Line 251,2022,8,12717,7654,6109
Line 251,2022,9,13549,7924,5971
Line 251,2022,10,14101,7852,6426
Line 251,2022,11,12790,7771,6042
Line 251,2022,12,12068,7109,5481
Line 251,2023,1,11849,7015,5765
Line 251,2023,2,12826,7821,6533
Line 251,2023,3,12318,8164,6342
Line 251,2023,4,13190,8180,6463
Line 251,2023,5,13467,8169,6556
Line 251,2023,6,12801,8681,6926
Line 251,2023,7,12024,7738,6120
Line 251,2023,8,13265,7853,5491
Line 251,2023,9,14473,8029,6625
Line 251,2023,10,14808,8476,6626
Line 251,2023,11,13944,8337,6437
Line 251,2023,12,13380,7878,5697
Line 251,2024,1,13393,7389,5883
Line 251,2024,2,13169,8708,5985
Line 251,2024,3,14297,7232,6709
Line 251,2024,4,14583,8547,6407
Line 251,2024,5,14749,8184,6843
Line 251,2024,6,14145,8483,6837
Line 251,2024,7,13245,8284,6702
Line 251,2024,8,14033,8077,6485
Line 251,2024,9,15337,8608,6661
Line 251,2024,10,15733,9247,6964
Line 251,2024,11,14821,8510,6676
Line 251,2024,12,14027,8157,6255
Line 251,2025,1,14697,8295,5947
Line 251,2025,2,14178,8808,6777
Line 251,2025,3,14781,8399,6814
Line 251,2025,4,14663,8808,6929
Line 251,2025,5,15429,8580,7018
Line 251,2025,6,12841,7446,6570
Line 251,2025,7,11707,6747,5555
Line 251,2025,8,13005,7461,6091
Line 251,2025,9,14364,7949,6496
Line 251,2025,10,14198,7947,6467
Line 251,2025,11,12865,7076,5817
Line 251,2025,12,12769,7217,5587
Line 251,2026,1,12790,7156,5359
Line 251,2026,2,13178,7765,6091
Line 251,2026,3,13768,7666,6388
Line 251,2026,4,13925,7669,6267
Line 251,2026,5,14223,8003,6473
Line 252,2018,4,2071,810,712
Line 252,2018,5,2105,764,703
Line 252,2018,6,1858,819,649
Line 252,2018,7,1621,716,656
Line 252,2018,8,1918,860,702
Line 252,2018,9,2079,805,688
Line 252,2018,10,2184,778,654
Line 252,2018,11,1998,755,652
Line 252,2018,12,1798,794,633
Line 252,2019,1,1869,639,645
Line 252,2019,2,2063,660,592
Line 252,2019,3,2192,672,691
Line 252,2019,4,2118,828,713
Line 252,2019,5,2243,842,666
Line 252,2019,6,2047,827,694
Line 252,2019,7,1767,868,786
Line 252,2019,8,1952,871,700
Line 252,2019,9,2383,908,777
Line 252,2019,10,2396,932,749
Line 252,2019,11,2122,843,584
Line 252,2019,12,1916,790,577
Line 252,2020,1,2046,823,622
Line 252,2020,2,2264,849,655
Line 252,2020,3,1399,564,575
Line 252,2020,4,573,428,245
Line 252,2020,5,541,498,395
Line 252,2020,6,685,596,420
Line 252,2020,7,684,639,558
Line 252,2020,8,719,637,514
Line 252,2020,9,714,659,577
Line 252,2020,10,756,765,592
Line 252,2020,11,764,650,516
Line 252,2020,12,668,649,478
Line 252,2021,1,643,556,487
Line 252,2021,2,703,626,515
Line 252,2021,3,678,710,569
Line 252,2021,4,778,725,526
Line 252,2021,5,788,705,556
Line 252,2021,6,831,727,600
Line 252,2021,7,0,0,0
Line 252,2021,8,0,0,0
Line 252,2021,9,0,0,0
Line 252,2021,10,0,0,0
Line 252,2021,11,0,0,0
Line 252,2021,12,0,0,0
Line 252,2022,1,0,0,0
Line 252,2022,2,0,0,0
Line 252,2022,3,0,0,0
Line 252,2022,4,0,0,0
Line 252,2022,5,0,0,0
Line 252,2022,6,0,0,0
Line 252,2022,7,0,0,0
Line 252,2022,8,0,0,0
Line 252,2022,9,0,0,0
Line 252,2022,10,0,0,0
Line 252,2022,11,0,0,0
Line 252,2022,12,0,0,0
Line 252,2023,1,0,0,0
Line 252,2023,2,0,0,0
Line 252,2023,3,0,0,0
Line 252,2023,4,0,0,0
Line 252,2023,5,0,0,0
Line 252,2023,6,0,0,0
Line 252,2023,7,0,0,0
Line 252,2023,8,0,0,0
Line 252,2023,9,0,0,0
Line 252,2023,10,0,0,0
Line 252,2023,11,0,0,0
Line 252,2023,12,0,0,0
Line 252,2024,1,0,0,0
Line 252,2024,2,0,0,0
Line 252,2024,3,0,0,0
Line 252,2024,4,0,0,0
Line 252,2024,5,0,0,0
Line 252,2024,6,0,0,0
Line 252,2024,7,0,0,0
Line 252,2024,8,0,0,0
Line 252,2024,9,0,0,0
Line 252,2024,10,0,0,0
Line 252,2024,11,0,0,0
Line 252,2024,12,0,0,0
Line 252,2025,1,0,0,0
Line 252,2025,2,0,0,0
Line 252,2025,3,0,0,0
Line 252,2025,4,0,0,0
Line 252,2025,5,0,0,0
Line 252,2025,6,0,0,0
Line 254,2018,4,778,427,null
Line 254,2018,5,777,415,null
Line 254,2018,6,745,372,null
Line 254,2018,7,686,351,0
Line 254,2018,8,757,416,0
Line 254,2018,9,786,395,0
Line 254,2018,10,784,409,0
Line 254,2018,11,740,413,0
Line 254,2018,12,648,372,0
Line 254,2019,1,683,349,0
Line 254,2019,2,712,336,0
Line 254,2019,3,730,368,0
Line 254,2019,4,759,379,0
Line 254,2019,5,776,397,0
Line 254,2019,6,776,409,0
Line 254,2019,7,714,374,0
Line 254,2019,8,780,411,0
Line 254,2019,9,823,420,0
Line 254,2019,10,837,398,0
Line 254,2019,11,747,389,0
Line 254,2019,12,686,440,0
Line 254,2020,1,723,388,0
Line 254,2020,2,752,406,0
Line 254,2020,3,571,257,0
Line 254,2020,4,357,235,0
Line 254,2020,5,451,0,0
Line 254,2020,6,462,0,0
Line 254,2020,7,477,0,0
Line 254,2020,8,519,0,0
Line 254,2020,9,557,0,0
Line 254,2020,10,583,0,0
Line 254,2020,11,572,0,0
Line 254,2020,12,534,0,0
Line 254,2021,1,0,0,0
Line 254,2021,2,0,0,0
Line 254,2021,3,0,0,0
Line 254,2021,4,0,0,0
Line 254,2021,5,0,0,0
Line 254,2021,6,0,0,0
Line 254,2021,7,0,0,0
Line 254,2021,8,0,0,0
Line 254,2021,9,0,0,0
Line 254,2021,10,0,0,0
Line 254,2021,11,0,0,0
Line 254,2021,12,0,0,0
Line 254,2022,1,0,0,0
Line 254,2022,2,0,0,0
Line 254,2022,3,0,0,0
Line 254,2022,4,0,0,0
Line 254,2022,5,0,0,0
Line 254,2022,6,0,0,0
Line 254,2022,7,0,0,0
Line 254,2022,8,0,0,0
Line 254,2022,9,0,0,0
Line 254,2022,10,0,0,0
Line 254,2022,11,0,0,0
Line 254,2022,12,0,0,0
Line 254,2023,1,0,0,0
Line 254,2023,2,0,0,0
Line 254,2023,3,0,0,0
Line 254,2023,4,0,0,0
Line 254,2023,5,0,0,0
Line 254,2023,6,0,0,0
Line 254,2023,7,0,0,0
Line 254,2023,8,0,0,0
Line 254,2023,9,0,0,0
Line 254,2023,10,0,0,0
Line 254,2023,11,0,0,0
Line 254,2023,12,0,0,0
Line 254,2024,1,0,0,0
Line 254,2024,2,0,0,0
Line 254,2024,3,0,0,0
Line 254,2024,4,0,0,0
Line 254,2024,5,0,0,0
Line 254,2024,6,0,0,0
Line 254,2024,7,0,0,0
Line 254,2024,8,0,0,0
Line 254,2024,9,0,0,0
Line 254,2024,10,0,0,0
Line 254,2024,11,0,0,0
Line 254,2024,12,0,0,0
Line 254,2025,1,0,0,0
Line 254,2025,2,0,0,0
Line 254,2025,3,0,0,0
Line 254,2025,4,0,0,0
Line 254,2025,5,0,0,0
Line 254,2025,6,0,0,0
Line 256,2018,4,1564,859,623
Line 256,2018,5,1489,765,615
Line 256,2018,6,1337,784,620
Line 256,2018,7,1239,685,544
Line 256,2018,8,1472,752,562
Line 256,2018,9,1738,800,548
Line 256,2018,10,1733,747,605
Line 256,2018,11,1519,803,584
Line 256,2018,12,1223,750,542
Line 256,2019,1,1222,673,528
Line 256,2019,2,1456,679,493
Line 256,2019,3,1504,734,561
Line 256,2019,4,1458,756,579
Line 256,2019,5,1445,781,563
Line 256,2019,6,1289,787,664
Line 256,2019,7,1329,705,573
Line 256,2019,8,1461,727,589
Line 256,2019,9,1751,792,585
Line 256,2019,10,1784,887,642
Line 256,2019,11,1544,822,580
Line 256,2019,12,1295,803,555
Line 256,2020,1,1360,693,513
Line 256,2020,2,1581,800,620
Line 256,2020,3,1027,564,492
Line 256,2020,4,481,377,323
Line 256,2020,5,412,384,342
Line 256,2020,6,441,392,398
Line 256,2020,7,441,455,442
Line 256,2020,8,466,434,394
Line 256,2020,9,497,500,412
Line 256,2020,10,502,511,453
Line 256,2020,11,522,528,414
Line 256,2020,12,523,497,373
Line 256,2021,1,514,450,390
Line 256,2021,2,558,511,409
Line 256,2021,3,576,526,414
Line 256,2021,4,631,556,479
Line 256,2021,5,637,553,433
Line 256,2021,6,638,745,510
Line 256,2021,7,649,626,542
Line 256,2021,8,890,714,593
Line 256,2021,9,1017,661,573
Line 256,2021,10,966,680,579
Line 256,2021,11,934,659,561
Line 256,2021,12,744,0,478
Line 256,2022,1,550,533,393
Line 256,2022,2,630,527,368
Line 256,2022,3,684,552,465
Line 256,2022,4,679,526,421
Line 256,2022,5,684,543,470
Line 256,2022,6,682,570,475
Line 256,2022,7,678,588,543
Line 256,2022,8,767,577,512
Line 256,2022,9,881,676,545
Line 256,2022,10,964,639,609
Line 256,2022,11,856,686,546
Line 256,2022,12,784,587,428
Line 256,2023,1,764,571,497
Line 256,2023,2,842,595,508
Line 256,2023,3,739,627,498
Line 256,2023,4,818,662,540
Line 256,2023,5,824,670,547
Line 256,2023,6,705,667,551
Line 256,2023,7,459,430,442
Line 256,2023,8,469,453,327
Line 256,2023,9,484,421,376
Line 256,2023,10,516,537,382
Line 256,2023,11,475,449,363
Line 256,2023,12,497,372,308
Line 256,2024,1,496,433,330
Line 256,2024,2,511,491,356
Line 256,2024,3,592,392,386
Line 256,2024,4,568,479,387
Line 256,2024,5,586,501,407
Line 256,2024,6,532,374,425
Line 256,2024,7,467,524,489
Line 256,2024,8,517,549,445
Line 256,2024,9,561,579,481
Line 256,2024,10,567,458,389
Line 256,2024,11,529,526,486
Line 256,2024,12,289,237,106
Line 256,2025,1,0,0,0
Line 256,2025,2,0,0,0
Line 256,2025,3,0,0,0
Line 256,2025,4,0,0,0
Line 256,2025,5,0,0,0
Line 256,2025,6,0,0,0
Line 258,2018,4,2600,null,null
Line 258,2018,5,2499,null,null
Line 258,2018,6,2383,null,null
Line 258,2018,7,2296,0,0
Line 258,2018,8,2504,0,0
Line 258,2018,9,2926,0,0
Line 258,2018,10,2918,0,0
Line 258,2018,11,2667,0,0
Line 258,2018,12,2208,0,0
Line 258,2019,1,2193,0,0
Line 258,2019,2,2545,0,0
Line 258,2019,3,2585,0,0
Line 258,2019,4,2591,0,0
Line 258,2019,5,2549,0,0
Line 258,2019,6,2417,0,0
Line 258,2019,7,2387,0,0
Line 258,2019,8,2627,0,0
Line 258,2019,9,3045,0,0
Line 258,2019,10,3067,0,0
Line 258,2019,11,2677,0,0
Line 258,2019,12,2321,0,0
Line 258,2020,1,2331,0,0
Line 258,2020,2,2612,0,0
Line 258,2020,3,1613,0,0
Line 258,2020,4,682,0,0
Line 258,2020,5,708,0,0
Line 258,2020,6,853,0,0
Line 258,2020,7,879,0,0
Line 258,2020,8,924,0,0
Line 258,2020,9,953,0,0
Line 258,2020,10,962,0,0
Line 258,2020,11,941,0,0
Line 258,2020,12,742,0,0
Line 258,2021,1,641,0,0
Line 258,2021,2,711,0,0
Line 258,2021,3,749,0,0
Line 258,2021,4,878,0,0
Line 258,2021,5,875,0,0
Line 258,2021,6,995,0,0
Line 258,2021,7,1048,0,0
Line 258,2021,8,1160,0,0
Line 258,2021,9,1453,213,221
Line 258,2021,10,1560,548,451
Line 258,2021,11,1590,591,471
Line 258,2021,12,1373,0,498
Line 258,2022,1,1235,471,452
Line 258,2022,2,1408,553,485
Line 258,2022,3,1305,561,498
Line 258,2022,4,1308,588,490
Line 258,2022,5,1301,527,482
Line 258,2022,6,1243,596,513
Line 258,2022,7,1232,606,534
Line 258,2022,8,1409,709,597
Line 258,2022,9,1612,688,591
Line 258,2022,10,1709,718,569
Line 258,2022,11,1487,663,570
Line 258,2022,12,1444,626,514
Line 258,2023,1,1482,580,557
Line 258,2023,2,1800,640,660
Line 258,2023,3,1622,743,563
Line 258,2023,4,1728,748,631
Line 258,2023,5,1693,695,614
Line 258,2023,6,1603,737,633
Line 258,2023,7,1590,716,629
Line 258,2023,8,1831,809,549
Line 258,2023,9,2177,795,745
Line 258,2023,10,2193,904,759
Line 258,2023,11,2099,868,795
Line 258,2023,12,1945,985,801
Line 258,2024,1,1963,974,770
Line 258,2024,2,2003,1042,786
Line 258,2024,3,2158,741,721
Line 258,2024,4,2129,959,717
Line 258,2024,5,2102,913,799
Line 258,2024,6,1895,891,815
Line 258,2024,7,1875,986,861
Line 258,2024,8,2115,1031,900
Line 258,2024,9,2427,1027,879
Line 258,2024,10,2453,1079,890
Line 258,2024,11,2222,1041,898
Line 258,2024,12,2067,917,815
Line 258,2025,1,2101,967,769
Line 258,2025,2,2247,1208,895
Line 258,2025,3,2204,1181,843
Line 258,2025,4,2292,1102,914
Line 258,2025,5,2245,1051,968
Line 258,2025,6,1812,977,970
Line 258,2025,7,1914,872,794
Line 258,2025,8,2158,968,810
Line 258,2025,9,2389,981,855
Line 258,2025,10,2384,977,866
Line 258,2025,11,2162,1093,840
Line 258,2025,12,2047,958,735
Line 258,2026,1,1947,943,873
Line 258,2026,2,2047,997,780
Line 258,2026,3,2097,975,1014
Line 258,2026,4,2180,927,712
Line 258,2026,5,2150,1055,849
Line 260,2018,4,10332,8211,6759
Line 260,2018,5,10243,8118,6381
Line 260,2018,6,9899,7973,6377
Line 260,2018,7,9284,7703,6216
Line 260,2018,8,9744,8064,6183
Line 260,2018,9,10616,8416,6473
Line 260,2018,10,10642,7920,6530
Line 260,2018,11,9825,8204,6592
Line 260,2018,12,8931,8088,6038
Line 260,2019,1,8623,7554,5950
Line 260,2019,2,9519,6665,5204
Line 260,2019,3,9744,7671,6308
Line 260,2019,4,9854,8168,6262
Line 260,2019,5,9916,8140,6160
Line 260,2019,6,9709,8194,6383
Line 260,2019,7,9151,7886,6167
Line 260,2019,8,9252,8101,6257
Line 260,2019,9,10212,7959,6561
Line 260,2019,10,10183,8265,6639
Line 260,2019,11,9344,8083,5808
Line 260,2019,12,8489,7634,5652
Line 260,2020,1,8804,7955,5705
Line 260,2020,2,9324,7665,5654
Line 260,2020,3,5828,4731,4140
Line 260,2020,4,2683,2923,2166
Line 260,2020,5,3312,3935,3107
Line 260,2020,6,4131,4377,3788
Line 260,2020,7,4495,4793,4736
Line 260,2020,8,4677,4887,3974
Line 260,2020,9,4853,4919,3802
Line 260,2020,10,5107,5358,4290
Line 260,2020,11,5066,4810,4068
Line 260,2020,12,5737,4976,3745
Line 260,2021,1,6114,4366,3634
Line 260,2021,2,6901,5351,3970
Line 260,2021,3,7388,5778,4660
Line 260,2021,4,8166,6445,4767
Line 260,2021,5,8511,6333,4886
Line 260,2021,6,8951,7046,5372
Line 260,2021,7,9210,6861,5547
Line 260,2021,8,9805,6925,5756
Line 260,2021,9,10419,6852,5833
Line 260,2021,10,10707,7055,5841
Line 260,2021,11,10762,6992,5820
Line 260,2021,12,8772,0,4780
Line 260,2022,1,7254,4680,3958
Line 260,2022,2,7779,4911,3755
Line 260,2022,3,8429,5384,4295
Line 260,2022,4,8709,5686,4484
Line 260,2022,5,8980,5750,4428
Line 260,2022,6,8594,5610,4466
Line 260,2022,7,8122,5436,4296
Line 260,2022,8,8589,5353,4331
Line 260,2022,9,9334,5446,4179
Line 260,2022,10,9703,5662,4496
Line 260,2022,11,8755,5641,4262
Line 260,2022,12,8531,4688,3708
Line 260,2023,1,8346,5058,4253
Line 260,2023,2,9190,5168,4614
Line 260,2023,3,8805,5913,4307
Line 260,2023,4,9531,6236,4488
Line 260,2023,5,9869,6216,4815
Line 260,2023,6,9463,6477,5190
Line 260,2023,7,9098,6140,4915
Line 260,2023,8,9669,6296,4375
Line 260,2023,9,10833,6197,5050
Line 260,2023,10,11149,6817,5397
Line 260,2023,11,10593,6566,5322
Line 260,2023,12,9976,6519,4850
Line 260,2024,1,9717,6164,4751
Line 260,2024,2,9829,6819,5159
Line 260,2024,3,10837,5617,5211
Line 260,2024,4,10957,6466,5250
Line 260,2024,5,11010,6722,5550
Line 260,2024,6,10463,6873,5485
Line 260,2024,7,10037,6891,5494
Line 260,2024,8,10515,6832,5632
Line 260,2024,9,11588,6575,5546
Line 260,2024,10,11621,6975,5607
Line 260,2024,11,11018,6865,5663
Line 260,2024,12,10264,6331,5057
Line 260,2025,1,10897,6783,4977
Line 260,2025,2,10776,6923,5594
Line 260,2025,3,10907,6939,5615
Line 260,2025,4,11179,6809,5755
Line 260,2025,5,11425,6984,5867
Line 260,2025,6,9672,5675,5776
Line 260,2025,7,9082,5664,4960
Line 260,2025,8,9846,6367,5068
Line 260,2025,9,11108,6530,5405
Line 260,2025,10,11263,6535,5487
Line 260,2025,11,10615,6033,5234
Line 260,2025,12,10062,6481,4638
Line 260,2026,1,9825,6184,4757
Line 260,2026,2,10377,6434,5330
Line 260,2026,3,11175,6610,5423
Line 260,2026,4,11250,6648,5360
Line 260,2026,5,11361,6888,5418
Line 265,2018,4,1396,792,591
Line 265,2018,5,1448,776,586
Line 265,2018,6,1321,683,634
Line 265,2018,7,1256,713,570
Line 265,2018,8,1308,757,614
Line 265,2018,9,1485,770,628
Line 265,2018,10,1418,687,624
Line 265,2018,11,1285,749,612
Line 265,2018,12,1194,761,588
Line 265,2019,1,1179,667,577
Line 265,2019,2,1345,695,504
Line 265,2019,3,1400,723,604
Line 265,2019,4,1387,781,625
Line 265,2019,5,1422,757,569
Line 265,2019,6,1317,766,611
Line 265,2019,7,1211,746,606
Line 265,2019,8,1346,754,652
Line 265,2019,9,1519,753,636
Line 265,2019,10,1523,795,678
Line 265,2019,11,1384,763,580
Line 265,2019,12,1233,731,565
Line 265,2020,1,1267,730,533
Line 265,2020,2,1380,734,563
Line 265,2020,3,892,487,477
Line 265,2020,4,347,241,182
Line 265,2020,5,403,363,298
Line 265,2020,6,495,421,395
Line 265,2020,7,535,507,510
Line 265,2020,8,542,457,407
Line 265,2020,9,556,505,415
Line 265,2020,10,563,483,496
Line 265,2020,11,571,475,400
Line 265,2020,12,527,460,376
Line 265,2021,1,494,438,367
Line 265,2021,2,566,516,355
Line 265,2021,3,594,522,424
Line 265,2021,4,669,546,440
Line 265,2021,5,682,531,441
Line 265,2021,6,702,559,485
Line 265,2021,7,703,616,473
Line 265,2021,8,842,619,518
Line 265,2021,9,934,588,515
Line 265,2021,10,939,612,520
Line 265,2021,11,917,658,487
Line 265,2021,12,788,0,518
Line 265,2022,1,693,511,457
Line 265,2022,2,750,525,415
Line 265,2022,3,833,529,478
Line 265,2022,4,859,516,479
Line 265,2022,5,880,519,407
Line 265,2022,6,873,510,463
Line 265,2022,7,824,486,425
Line 265,2022,8,845,461,472
Line 265,2022,9,967,557,492
Line 265,2022,10,1034,532,501
Line 265,2022,11,912,566,449
Line 265,2022,12,860,455,389
Line 265,2023,1,795,498,412
Line 265,2023,2,821,540,505
Line 265,2023,3,823,538,434
Line 265,2023,4,882,563,449
Line 265,2023,5,939,576,444
Line 265,2023,6,880,561,458
Line 265,2023,7,825,511,471
Line 265,2023,8,895,519,438
Line 265,2023,9,1000,635,489
Line 265,2023,10,1095,560,568
Line 265,2023,11,997,562,467
Line 265,2023,12,926,542,460
Line 265,2024,1,924,507,552
Line 265,2024,2,914,577,479
Line 265,2024,3,1045,441,478
Line 265,2024,4,1038,587,521
Line 265,2024,5,1087,559,508
Line 265,2024,6,1014,620,561
Line 265,2024,7,1018,595,523
Line 265,2024,8,1187,618,594
Line 265,2024,9,1331,732,584
Line 265,2024,10,1375,627,571
Line 265,2024,11,1331,690,576
Line 265,2024,12,1265,636,541
Line 265,2025,1,1269,654,552
Line 265,2025,2,1201,592,622
Line 265,2025,3,1282,687,564
Line 265,2025,4,1304,640,613
Line 265,2025,5,1417,632,560
Line 265,2025,6,1077,533,535
Line 265,2025,7,1012,501,438
Line 265,2025,8,1114,555,515
Line 265,2025,9,1352,630,516
Line 265,2025,10,1324,632,541
Line 265,2025,11,1224,504,471
Line 265,2025,12,1117,446,417
Line 265,2026,1,1126,572,387
Line 265,2026,2,1129,620,469
Line 265,2026,3,1251,323,500
Line 265,2026,4,1181,601,476
Line 265,2026,5,1307,601,449
Line 266,2018,4,4781,3346,2538
Line 266,2018,5,4819,3156,2545
Line 266,2018,6,4643,3217,2575
Line 266,2018,7,4357,2994,2420
Line 266,2018,8,4602,3229,2535
Line 266,2018,9,4887,3357,2620
Line 266,2018,10,4956,3163,2584
Line 266,2018,11,4719,3276,2545
Line 266,2018,12,4502,3283,2365
Line 266,2019,1,4293,2985,2347
Line 266,2019,2,4622,2866,2208
Line 266,2019,3,4722,3020,2485
Line 266,2019,4,4897,3261,2436
Line 266,2019,5,4969,3306,2429
Line 266,2019,6,4701,3152,2497
Line 266,2019,7,4573,2952,2389
Line 266,2019,8,4726,3274,2561
Line 266,2019,9,5120,3238,2574
Line 266,2019,10,5166,3322,2567
Line 266,2019,11,4776,3206,2269
Line 266,2019,12,4443,3160,2207
Line 266,2020,1,4652,3173,2346
Line 266,2020,2,4797,3107,2317
Line 266,2020,3,3168,2078,1769
Line 266,2020,4,1588,1276,988
Line 266,2020,5,1516,1299,1135
Line 266,2020,6,1887,1584,1358
Line 266,2020,7,2165,1779,1724
Line 266,2020,8,2265,1732,1481
Line 266,2020,9,2376,1823,1505
Line 266,2020,10,2462,1877,1663
Line 266,2020,11,2501,1767,1526
Line 266,2020,12,2260,1743,1331
Line 266,2021,1,2096,1520,1348
Line 266,2021,2,2293,1766,1456
Line 266,2021,3,2347,1879,1558
Line 266,2021,4,2555,1919,1575
Line 266,2021,5,2694,2078,1677
Line 266,2021,6,2752,2383,1759
Line 266,2021,7,3597,2631,2171
Line 266,2021,8,3969,2962,2628
Line 266,2021,9,4356,3154,2663
Line 266,2021,10,4464,3114,2721
Line 266,2021,11,4565,3192,2582
Line 266,2021,12,4172,0,2454
Line 266,2022,1,3984,2756,2498
Line 266,2022,2,4043,2917,2210
Line 266,2022,3,4005,2970,2309
Line 266,2022,4,4366,3168,2515
Line 266,2022,5,4408,3025,2442
Line 266,2022,6,4411,3193,2665
Line 266,2022,7,4134,3108,2416
Line 266,2022,8,4334,3210,2617
Line 266,2022,9,4733,3116,2682
Line 266,2022,10,4960,3195,2782
Line 266,2022,11,4653,3286,2568
Line 266,2022,12,4504,2943,2444
Line 266,2023,1,4284,2990,2638
Line 266,2023,2,4577,3090,2959
Line 266,2023,3,4443,3356,2725
Line 266,2023,4,4860,3467,2833
Line 266,2023,5,5000,3541,2898
Line 266,2023,6,4874,3558,3038
Line 266,2023,7,4690,3538,2947
Line 266,2023,8,4902,3595,2740
Line 266,2023,9,5280,3605,3128
Line 266,2023,10,5501,3815,3201
Line 266,2023,11,5306,3709,3069
Line 266,2023,12,5161,3708,2739
Line 266,2024,1,5052,3587,3037
Line 266,2024,2,4836,3738,3104
Line 266,2024,3,5381,3327,3086
Line 266,2024,4,5434,3753,3212
Line 266,2024,5,5704,4038,3467
Line 266,2024,6,5477,4009,3614
Line 266,2024,7,5042,3894,3314
Line 266,2024,8,5364,4097,3543
Line 266,2024,9,5414,3909,3387
Line 266,2024,10,5573,4101,3511
Line 266,2024,11,5385,3907,3210
Line 266,2024,12,5323,3822,3287
Line 266,2025,1,5392,3965,3284
Line 266,2025,2,5371,3986,3525
Line 266,2025,3,5435,4125,3535
Line 266,2025,4,5738,4195,3685
Line 266,2025,5,5885,4204,3513
Line 266,2025,6,5327,3827,3446
Line 266,2025,7,5101,3655,3258
Line 266,2025,8,5092,3730,3227
Line 266,2025,9,5685,3973,3493
Line 266,2025,10,5468,3875,3401
Line 266,2025,11,5162,3519,3147
Line 266,2025,12,5140,3976,3007
Line 266,2026,1,5270,3699,2977
Line 266,2026,2,5275,3926,3416
Line 266,2026,3,5474,3914,3456
Line 266,2026,4,5855,4070,3295
Line 266,2026,5,5936,4200,3731
Line 267,2018,4,2998,1284,1020
Line 267,2018,5,3014,1261,1048
Line 267,2018,6,2681,1256,1050
Line 267,2018,7,2467,1136,972
Line 267,2018,8,2637,1170,1003
Line 267,2018,9,3319,1320,1057
Line 267,2018,10,3332,1283,1043
Line 267,2018,11,2989,1294,1048
Line 267,2018,12,2549,1302,943
Line 267,2019,1,2568,1121,999
Line 267,2019,2,2757,1098,881
Line 267,2019,3,2878,1166,963
Line 267,2019,4,2859,1264,957
Line 267,2019,5,2844,1279,904
Line 267,2019,6,2602,1252,1026
Line 267,2019,7,2524,1158,959
Line 267,2019,8,2628,1264,1054
Line 267,2019,9,3237,1296,1011
Line 267,2019,10,3213,1372,1016
Line 267,2019,11,2924,1236,934
Line 267,2019,12,2507,1222,913
Line 267,2020,1,2615,1235,941
Line 267,2020,2,2873,1273,996
Line 267,2020,3,1711,785,716
Line 267,2020,4,640,445,289
Line 267,2020,5,576,550,465
Line 267,2020,6,735,625,552
Line 267,2020,7,760,655,781
Line 267,2020,8,769,718,616
Line 267,2020,9,796,699,587
Line 267,2020,10,841,714,660
Line 267,2020,11,843,762,605
Line 267,2020,12,743,646,536
Line 267,2021,1,705,621,553
Line 267,2021,2,767,641,605
Line 267,2021,3,823,740,610
Line 267,2021,4,929,752,637
Line 267,2021,5,970,752,641
Line 267,2021,6,1014,901,707
Line 267,2021,7,702,408,297
Line 267,2021,8,873,460,349
Line 267,2021,9,1101,430,376
Line 267,2021,10,1079,465,383
Line 267,2021,11,1073,495,351
Line 267,2021,12,897,0,403
Line 267,2022,1,854,559,499
Line 267,2022,2,940,511,377
Line 267,2022,3,857,461,393
Line 267,2022,4,876,456,359
Line 267,2022,5,842,469,334
Line 267,2022,6,773,494,373
Line 267,2022,7,791,464,369
Line 267,2022,8,841,489,370
Line 267,2022,9,1071,531,364
Line 267,2022,10,1060,514,402
Line 267,2022,11,870,472,407
Line 267,2022,12,839,452,309
Line 267,2023,1,975,494,392
Line 267,2023,2,1067,475,415
Line 267,2023,3,1017,498,400
Line 267,2023,4,1129,549,423
Line 267,2023,5,1104,535,425
Line 267,2023,6,1029,554,380
Line 267,2023,7,995,491,399
Line 267,2023,8,1125,532,402
Line 267,2023,9,1463,538,440
Line 267,2023,10,1515,651,470
Line 267,2023,11,1308,569,423
Line 267,2023,12,1152,538,383
Line 267,2024,1,1129,515,459
Line 267,2024,2,1208,601,513
Line 267,2024,3,1430,524,434
Line 267,2024,4,1302,623,443
Line 267,2024,5,1356,584,421
Line 267,2024,6,1154,588,414
Line 267,2024,7,1364,791,615
Line 267,2024,8,1519,816,617
Line 267,2024,9,2038,871,621
Line 267,2024,10,2064,847,662
Line 267,2024,11,1791,847,666
Line 267,2024,12,1744,694,631
Line 267,2025,1,1548,725,570
Line 267,2025,2,1779,826,666
Line 267,2025,3,1993,807,724
Line 267,2025,4,1891,925,739
Line 267,2025,5,2018,803,772
Line 267,2025,6,1638,806,679
Line 267,2025,7,1584,718,666
Line 267,2025,8,1775,761,580
Line 267,2025,9,2265,815,698
Line 267,2025,10,2201,828,659
Line 267,2025,11,2028,647,587
Line 267,2025,12,1764,640,574
Line 267,2026,1,1765,545,603
Line 267,2026,2,1886,770,641
Line 267,2026,3,2129,758,666
Line 267,2026,4,2057,632,538
Line 267,2026,5,2116,578,714
Line 268,2018,4,1823,1075,909
Line 268,2018,5,1800,1066,928
Line 268,2018,6,1933,1089,953
Line 268,2018,7,1819,1076,859
Line 268,2018,8,1745,1064,846
Line 268,2018,9,1810,1082,916
Line 268,2018,10,1768,1012,808
Line 268,2018,11,1739,1043,839
Line 268,2018,12,1652,1001,770
Line 268,2019,1,1556,927,806
Line 268,2019,2,1613,850,660
Line 268,2019,3,1570,941,786
Line 268,2019,4,1720,993,746
Line 268,2019,5,1703,1063,794
Line 268,2019,6,1884,1049,793
Line 268,2019,7,1786,1012,770
Line 268,2019,8,1709,1029,834
Line 268,2019,9,1786,1025,844
Line 268,2019,10,1806,1043,840
Line 268,2019,11,1744,1046,748
Line 268,2019,12,1657,1022,750
Line 268,2020,1,1593,997,787
Line 268,2020,2,1650,976,716
Line 268,2020,3,967,691,608
Line 268,2020,4,363,370,270
Line 268,2020,5,407,420,346
Line 268,2020,6,531,503,443
Line 268,2020,7,578,523,598
Line 268,2020,8,591,544,457
Line 268,2020,9,614,570,451
Line 268,2020,10,648,600,548
Line 268,2020,11,665,608,497
Line 268,2020,12,615,565,460
Line 268,2021,1,570,518,455
Line 268,2021,2,649,629,458
Line 268,2021,3,670,656,550
Line 268,2021,4,755,692,530
Line 268,2021,5,809,715,543
Line 268,2021,6,868,796,672
Line 268,2021,7,539,410,335
Line 268,2021,8,535,390,358
Line 268,2021,9,619,437,341
Line 268,2021,10,604,446,363
Line 268,2021,11,613,440,351
Line 268,2021,12,528,0,352
Line 268,2022,1,455,349,285
Line 268,2022,2,459,334,250
Line 268,2022,3,439,356,314
Line 268,2022,4,464,376,325
Line 268,2022,5,487,356,313
Line 268,2022,6,498,411,353
Line 268,2022,7,476,392,320
Line 268,2022,8,472,392,342
Line 268,2022,9,514,399,330
Line 268,2022,10,538,413,354
Line 268,2022,11,521,460,398
Line 268,2022,12,543,376,288
Line 268,2023,1,519,388,298
Line 268,2023,2,529,414,343
Line 268,2023,3,551,403,327
Line 268,2023,4,627,429,359
Line 268,2023,5,592,451,335
Line 268,2023,6,612,470,366
Line 268,2023,7,589,410,326
Line 268,2023,8,592,448,359
Line 268,2023,9,653,458,368
Line 268,2023,10,649,454,377
Line 268,2023,11,653,534,361
Line 268,2023,12,658,459,351
Line 268,2024,1,619,475,354
Line 268,2024,2,561,486,387
Line 268,2024,3,698,436,374
Line 268,2024,4,706,466,385
Line 268,2024,5,693,556,477
Line 268,2024,6,694,506,450
Line 268,2024,7,678,457,363
Line 268,2024,8,684,474,383
Line 268,2024,9,750,536,381
Line 268,2024,10,786,503,409
Line 268,2024,11,757,489,447
Line 268,2024,12,779,502,424
Line 268,2025,1,730,529,317
Line 268,2025,2,743,428,397
Line 268,2025,3,758,509,427
Line 268,2025,4,780,563,433
Line 268,2025,5,791,496,454
Line 268,2025,6,725,472,396
Line 268,2025,7,673,444,345
Line 268,2025,8,678,431,256
Line 268,2025,9,733,418,366
Line 268,2025,10,743,478,351
Line 268,2025,11,716,370,326
Line 268,2025,12,692,356,283
Line 268,2026,1,664,382,275
Line 268,2026,2,693,455,334
Line 268,2026,3,738,307,391
Line 268,2026,4,738,352,265
Line 268,2026,5,733,308,369
Line 287,2018,7,0,0,0
Line 287,2018,8,0,0,0
Line 287,2018,9,0,0,0
Line 287,2018,10,0,0,0
Line 287,2018,11,0,0,0
Line 287,2018,12,0,0,0
Line 287,2019,1,0,0,0
Line 287,2019,2,0,0,0
Line 287,2019,3,0,0,0
Line 287,2019,4,0,0,0
Line 287,2019,5,0,0,0
Line 287,2019,6,0,0,0
Line 287,2019,7,0,0,0
Line 287,2019,8,0,0,0
Line 287,2019,9,0,0,0
Line 287,2019,10,0,0,0
Line 287,2019,11,0,0,0
Line 287,2019,12,0,0,0
Line 287,2020,1,0,0,0
Line 287,2020,2,0,0,0
Line 287,2020,3,0,0,0
Line 287,2020,4,0,0,0
Line 287,2020,5,0,0,0
Line 287,2020,6,0,0,0
Line 287,2020,7,0,0,0
Line 287,2020,8,0,0,0
Line 287,2020,9,0,0,0
Line 287,2020,10,0,0,0
Line 287,2020,11,0,0,0
Line 287,2020,12,0,0,0
Line 287,2021,1,0,0,0
Line 287,2021,2,0,0,0
Line 287,2021,3,0,0,0
Line 287,2021,4,0,0,0
Line 287,2021,5,0,0,0
Line 287,2021,6,0,0,0
Line 287,2021,7,630,205,183
Line 287,2021,8,710,238,187
Line 287,2021,9,786,234,204
Line 287,2021,10,809,266,216
Line 287,2021,11,793,244,188
Line 287,2021,12,733,0,210
Line 287,2022,1,633,210,202
Line 287,2022,2,616,240,165
Line 287,2022,3,544,234,210
Line 287,2022,4,539,247,193
Line 287,2022,5,599,243,200
Line 287,2022,6,592,244,232
Line 287,2022,7,582,239,206
Line 287,2022,8,578,235,199
Line 287,2022,9,611,236,185
Line 287,2022,10,703,244,198
Line 287,2022,11,635,213,195
Line 287,2022,12,661,219,195
Line 287,2023,1,690,213,192
Line 287,2023,2,764,265,208
Line 287,2023,3,759,261,201
Line 287,2023,4,830,266,233
Line 287,2023,5,846,286,259
Line 287,2023,6,769,285,258
Line 287,2023,7,815,275,206
Line 287,2023,8,838,281,223
Line 287,2023,9,920,298,241
Line 287,2023,10,910,282,260
Line 287,2023,11,887,294,220
Line 287,2023,12,920,278,211
Line 287,2024,1,877,278,221
Line 287,2024,2,895,307,204
Line 287,2024,3,993,277,223
Line 287,2024,4,959,327,245
Line 287,2024,5,1003,311,257
Line 287,2024,6,948,327,254
Line 287,2024,7,883,293,232
Line 287,2024,8,944,264,220
Line 287,2024,9,950,293,258
Line 287,2024,10,959,320,251
Line 287,2024,11,971,293,240
Line 287,2024,12,997,317,231
Line 287,2025,1,985,318,219
Line 287,2025,2,949,320,263
Line 287,2025,3,964,310,240
Line 287,2025,4,994,313,258
Line 287,2025,5,1008,333,254
Line 287,2025,6,918,276,278
Line 287,2025,7,879,234,199
Line 287,2025,8,969,223,209
Line 287,2025,9,1015,250,190
Line 287,2025,10,1012,266,216
Line 287,2025,11,992,251,193
Line 287,2025,12,935,186,147
Line 287,2026,1,956,86,180
Line 287,2026,2,924,120,169
Line 287,2026,3,967,219,179
Line 287,2026,4,1001,256,202
Line 287,2026,5,990,245,212
Line 294,2018,7,0,0,0
Line 294,2018,8,0,0,0
Line 294,2018,9,0,0,0
Line 294,2018,10,0,0,0
Line 294,2018,11,0,0,0
Line 294,2018,12,0,0,0
Line 294,2019,1,0,0,0
Line 294,2019,2,0,0,0
Line 294,2019,3,0,0,0
Line 294,2019,4,0,0,0
Line 294,2019,5,0,0,0
Line 294,2019,6,0,0,0
Line 294,2019,7,0,0,0
Line 294,2019,8,0,0,0
Line 294,2019,9,0,0,0
Line 294,2019,10,0,0,0
Line 294,2019,11,0,0,0
Line 294,2019,12,0,0,0
Line 294,2020,1,0,0,0
Line 294,2020,2,0,0,0
Line 294,2020,3,0,0,0
Line 294,2020,4,0,0,0
Line 294,2020,5,0,0,0
Line 294,2020,6,0,0,0
Line 294,2020,7,0,0,0
Line 294,2020,8,0,0,0
Line 294,2020,9,0,0,0
Line 294,2020,10,0,0,0
Line 294,2020,11,0,0,0
Line 294,2020,12,0,0,0
Line 294,2021,1,0,0,0
Line 294,2021,2,0,0,0
Line 294,2021,3,0,0,0
Line 294,2021,4,0,0,0
Line 294,2021,5,0,0,0
Line 294,2021,6,0,0,0
Line 294,2021,7,1389,1184,955
Line 294,2021,8,1384,1139,961
Line 294,2021,9,1425,1096,1003
Line 294,2021,10,1364,1162,930
Line 294,2021,11,1380,1138,909
Line 294,2021,12,1159,0,875
Line 294,2022,1,1101,960,806
Line 294,2022,2,1216,965,741
Line 294,2022,3,1252,1103,881
Line 294,2022,4,1287,1131,830
Line 294,2022,5,1274,1084,873
Line 294,2022,6,1236,1140,839
Line 294,2022,7,1225,1074,888
Line 294,2022,8,1226,1103,863
Line 294,2022,9,1276,1125,945
Line 294,2022,10,1315,1069,927
Line 294,2022,11,1210,982,869
Line 294,2022,12,1160,916,765
Line 294,2023,1,1085,915,738
Line 294,2023,2,1141,909,877
Line 294,2023,3,1108,997,840
Line 294,2023,4,1197,1101,872
Line 294,2023,5,1256,1071,884
Line 294,2023,6,1210,1111,925
Line 294,2023,7,1133,1013,895
Line 294,2023,8,1199,1108,867
Line 294,2023,9,1286,1027,938
Line 294,2023,10,1306,1105,915
Line 294,2023,11,1271,1076,913
Line 294,2023,12,1269,1121,816
Line 294,2024,1,1249,1093,898
Line 294,2024,2,1226,1155,800
Line 294,2024,3,1360,1048,953
Line 294,2024,4,1408,1193,989
Line 294,2024,5,1429,1220,939
Line 294,2024,6,1378,1195,918
Line 294,2024,7,1366,1140,1009
Line 294,2024,8,1438,1201,983
Line 294,2024,9,1490,1201,1030
Line 294,2024,10,1463,1259,1017
Line 294,2024,11,1367,1190,900
Line 294,2024,12,1311,1099,898
Line 294,2025,1,1337,1131,810
Line 294,2025,2,1311,1125,1002
Line 294,2025,3,1356,1229,914
Line 294,2025,4,1424,1240,1033
Line 294,2025,5,1448,1140,966
Line 294,2025,6,1318,1056,897
Line 294,2025,7,1206,970,843
Line 294,2025,8,1249,978,841
Line 294,2025,9,1332,1026,868
Line 294,2025,10,1304,1056,865
Line 294,2025,11,1207,956,789
Line 294,2025,12,1212,1021,735
Line 294,2026,1,1188,960,733
Line 294,2026,2,1214,1029,844
Line 294,2026,3,1258,1095,910
Line 294,2026,4,1297,1117,802
Line 294,2026,5,1306,1097,962
Line 296,2018,7,0,0,0
Line 296,2018,8,0,0,0
Line 296,2018,9,0,0,0
Line 296,2018,10,0,0,0
Line 296,2018,11,0,0,0
Line 296,2018,12,0,0,0
Line 296,2019,1,0,0,0
Line 296,2019,2,0,0,0
Line 296,2019,3,0,0,0
Line 296,2019,4,0,0,0
Line 296,2019,5,0,0,0
Line 296,2019,6,0,0,0
Line 296,2019,7,0,0,0
Line 296,2019,8,0,0,0
Line 296,2019,9,0,0,0
Line 296,2019,10,0,0,0
Line 296,2019,11,0,0,0
Line 296,2019,12,0,0,0
Line 296,2020,1,0,0,0
Line 296,2020,2,0,0,0
Line 296,2020,3,0,0,0
Line 296,2020,4,0,0,0
Line 296,2020,5,0,0,0
Line 296,2020,6,0,0,0
Line 296,2020,7,0,0,0
Line 296,2020,8,0,0,0
Line 296,2020,9,0,0,0
Line 296,2020,10,0,0,0
Line 296,2020,11,0,0,0
Line 296,2020,12,0,0,0
Line 296,2021,1,0,0,0
Line 296,2021,2,0,0,0
Line 296,2021,3,0,0,0
Line 296,2021,4,0,0,0
Line 296,2021,5,0,0,0
Line 296,2021,6,0,0,0
Line 296,2021,7,0,0,0
Line 296,2021,8,0,0,0
Line 296,2021,9,0,0,0
Line 296,2021,10,0,0,0
Line 296,2021,11,0,0,0
Line 296,2021,12,0,0,0
Line 296,2022,1,0,0,0
Line 296,2022,2,0,0,0
Line 296,2022,3,0,0,0
Line 296,2022,4,0,0,0
Line 296,2022,5,0,0,0
Line 296,2022,6,0,0,0
Line 296,2022,7,0,0,0
Line 296,2022,8,0,0,0
Line 296,2022,9,0,0,0
Line 296,2022,10,0,0,0
Line 296,2022,11,0,0,0
Line 296,2022,12,0,0,0
Line 296,2023,1,0,0,0
Line 296,2023,2,0,0,0
Line 296,2023,3,0,0,0
Line 296,2023,4,0,0,0
Line 296,2023,5,0,0,0
Line 296,2023,6,0,0,0
Line 296,2023,7,0,0,0
Line 296,2023,8,0,0,0
Line 296,2023,9,0,0,0
Line 296,2023,10,0,0,0
Line 296,2023,11,0,0,0
Line 296,2023,12,0,0,0
Line 296,2024,1,0,0,0
Line 296,2024,2,0,0,0
Line 296,2024,3,0,0,0
Line 296,2024,4,0,0,0
Line 296,2024,5,0,0,0
Line 296,2024,6,0,0,0
Line 296,2024,7,0,0,0
Line 296,2024,8,0,0,0
Line 296,2024,9,0,0,0
Line 296,2024,10,0,0,0
Line 296,2024,11,0,0,0
Line 296,2024,12,264,228,260
Line 296,2025,1,552,361,296
Line 296,2025,2,571,466,409
Line 296,2025,3,618,487,363
Line 296,2025,4,665,456,449
Line 296,2025,5,654,487,465
Line 296,2025,6,616,511,321
Line 296,2025,7,605,454,371
Line 296,2025,8,641,490,412
Line 296,2025,9,654,526,439
Line 296,2025,10,693,522,483
Line 296,2025,11,637,469,402
Line 296,2025,12,647,454,308
Line 296,2026,1,634,477,396
Line 296,2026,2,685,556,465
Line 296,2026,3,741,583,365
Line 296,2026,4,689,454,292
Line 296,2026,5,701,539,489
Line 344,2018,4,1503,992,655
Line 344,2018,5,1498,979,711
Line 344,2018,6,1461,1052,741
Line 344,2018,7,1442,1027,759
Line 344,2018,8,1467,1054,781
Line 344,2018,9,1511,1073,747
Line 344,2018,10,1477,1014,754
Line 344,2018,11,1460,1073,754
Line 344,2018,12,1347,1025,707
Line 344,2019,1,1301,958,680
Line 344,2019,2,1373,870,621
Line 344,2019,3,1384,967,692
Line 344,2019,4,1390,1025,705
Line 344,2019,5,1428,1016,698
Line 344,2019,6,1380,1015,691
Line 344,2019,7,1381,1018,702
Line 344,2019,8,1397,1037,735
Line 344,2019,9,1476,980,705
Line 344,2019,10,1453,957,697
Line 344,2019,11,1350,997,671
Line 344,2019,12,1304,955,623
Line 344,2020,1,1356,934,711
Line 344,2020,2,1396,1035,637
Line 344,2020,3,921,601,464
Line 344,2020,4,441,372,270
Line 344,2020,5,437,390,346
Line 344,2020,6,597,496,436
Line 344,2020,7,633,459,573
Line 344,2020,8,640,509,457
Line 344,2020,9,679,509,462
Line 344,2020,10,663,538,457
Line 344,2020,11,637,454,457
Line 344,2020,12,575,467,430
Line 344,2021,1,537,410,403
Line 344,2021,2,610,474,473
Line 344,2021,3,667,525,462
Line 344,2021,4,733,553,499
Line 344,2021,5,772,587,533
Line 344,2021,6,834,584,590
Line 344,2021,7,927,686,594
Line 344,2021,8,926,748,627
Line 344,2021,9,1076,749,692
Line 344,2021,10,1161,785,717
Line 344,2021,11,1217,774,633
Line 344,2021,12,1145,0,556
Line 344,2022,1,1067,704,563
Line 344,2022,2,1081,765,552
Line 344,2022,3,1005,797,598
Line 344,2022,4,1070,816,607
Line 344,2022,5,1084,890,629
Line 344,2022,6,1113,865,637
Line 344,2022,7,1105,833,633
Line 344,2022,8,1187,823,706
Line 344,2022,9,1204,870,685
Line 344,2022,10,1277,900,755
Line 344,2022,11,1242,887,718
Line 344,2022,12,1263,773,662
Line 344,2023,1,1252,764,669
Line 344,2023,2,1350,849,733
Line 344,2023,3,1317,838,732
Line 344,2023,4,1390,1018,776
Line 344,2023,5,1411,985,738
Line 344,2023,6,1444,970,740
Line 344,2023,7,1483,886,707
Line 344,2023,8,1462,979,662
Line 344,2023,9,1580,945,795
Line 344,2023,10,1585,991,711
Line 344,2023,11,1505,928,682
Line 344,2023,12,1416,999,644
Line 344,2024,1,1380,928,687
Line 344,2024,2,1331,999,666
Line 344,2024,3,1527,834,673
Line 344,2024,4,1437,1006,771
Line 344,2024,5,1435,952,812
Line 344,2024,6,1422,951,773
Line 344,2024,7,1381,954,787
Line 344,2024,8,1381,1033,914
Line 344,2024,9,1473,1050,902
Line 344,2024,10,1466,1033,861
Line 344,2024,11,1390,987,803
Line 344,2024,12,1433,1038,845
Line 344,2025,1,1406,1012,798
Line 344,2025,2,1425,1065,830
Line 344,2025,3,1376,1001,798
Line 344,2025,4,1454,964,825
Line 344,2025,5,1518,991,871
Line 344,2025,6,1377,933,857
Line 344,2025,7,1327,779,770
Line 344,2025,8,1338,912,761
Line 344,2025,9,1389,922,780
Line 344,2025,10,1371,912,829
Line 344,2025,11,1311,837,745
Line 344,2025,12,1257,811,688
Line 344,2026,1,1234,780,754
Line 344,2026,2,1257,854,710
Line 344,2026,3,1284,837,715
Line 344,2026,4,1310,833,701
Line 344,2026,5,1358,869,828
Line 442,2018,4,192,null,null
Line 442,2018,5,195,null,null
Line 442,2018,6,188,null,null
Line 442,2018,7,177,0,0
Line 442,2018,8,196,0,0
Line 442,2018,9,192,0,0
Line 442,2018,10,203,0,0
Line 442,2018,11,184,0,0
Line 442,2018,12,156,0,0
Line 442,2019,1,162,0,0
Line 442,2019,2,175,0,0
Line 442,2019,3,172,0,0
Line 442,2019,4,172,0,0
Line 442,2019,5,173,0,0
Line 442,2019,6,180,0,0
Line 442,2019,7,159,0,0
Line 442,2019,8,155,0,0
Line 442,2019,9,170,0,0
Line 442,2019,10,183,0,0
Line 442,2019,11,165,0,0
Line 442,2019,12,147,0,0
Line 442,2020,1,139,0,0
Line 442,2020,2,145,0,0
Line 442,2020,3,104,0,0
Line 442,2020,4,63,0,0
Line 442,2020,5,0,0,0
Line 442,2020,6,0,0,0
Line 442,2020,7,0,0,0
Line 442,2020,8,0,0,0
Line 442,2020,9,0,0,0
Line 442,2020,10,0,0,0
Line 442,2020,11,0,0,0
Line 442,2020,12,0,0,0
Line 442,2021,1,0,0,0
Line 442,2021,2,0,0,0
Line 442,2021,3,0,0,0
Line 442,2021,4,0,0,0
Line 442,2021,5,0,0,0
Line 442,2021,6,0,0,0
Line 442,2021,7,0,0,0
Line 442,2021,8,0,0,0
Line 442,2021,9,0,0,0
Line 442,2021,10,0,0,0
Line 442,2021,11,0,0,0
Line 442,2021,12,0,0,0
Line 442,2022,1,0,0,0
Line 442,2022,2,0,0,0
Line 442,2022,3,0,0,0
Line 442,2022,4,0,0,0
Line 442,2022,5,0,0,0
Line 442,2022,6,0,0,0
Line 442,2022,7,0,0,0
Line 442,2022,8,0,0,0
Line 442,2022,9,0,0,0
Line 442,2022,10,0,0,0
Line 442,2022,11,0,0,0
Line 442,2022,12,0,0,0
Line 442,2023,1,0,0,0
Line 442,2023,2,0,0,0
Line 442,2023,3,0,0,0
Line 442,2023,4,0,0,0
Line 442,2023,5,0,0,0
Line 442,2023,6,0,0,0
Line 442,2023,7,0,0,0
Line 442,2023,8,0,0,0
Line 442,2023,9,0,0,0
Line 442,2023,10,0,0,0
Line 442,2023,11,0,0,0
Line 442,2023,12,0,0,0
Line 442,2024,1,0,0,0
Line 442,2024,2,0,0,0
Line 442,2024,3,0,0,0
Line 442,2024,4,0,0,0
Line 442,2024,5,0,0,0
Line 442,2024,6,0,0,0
Line 442,2024,7,0,0,0
Line 442,2024,8,0,0,0
Line 442,2024,9,0,0,0
Line 442,2024,10,0,0,0
Line 442,2024,11,0,0,0
Line 442,2024,12,0,0,0
Line 442,2025,1,0,0,0
Line 442,2025,2,0,0,0
Line 442,2025,3,0,0,0
Line 442,2025,4,0,0,0
Line 442,2025,5,0,0,0
Line 442,2025,6,0,0,0
Line 460,2018,4,4596,3392,2802
Line 460,2018,5,4690,3435,2852
Line 460,2018,6,4683,3546,2904
Line 460,2018,7,4558,3472,2876
Line 460,2018,8,4663,3716,2947
Line 460,2018,9,4726,3582,3067
Line 460,2018,10,4739,3480,2983
Line 460,2018,11,4601,3486,2897
Line 460,2018,12,4250,3353,2609
Line 460,2019,1,4306,3227,2575
Line 460,2019,2,4571,3265,2428
Line 460,2019,3,4754,3282,2706
Line 460,2019,4,4936,3624,2890
Line 460,2019,5,4893,3581,2771
Line 460,2019,6,5050,3787,2875
Line 460,2019,7,5016,3814,3041
Line 460,2019,8,5149,3988,3027
Line 460,2019,9,5315,3813,3216
Line 460,2019,10,5332,3974,3303
Line 460,2019,11,4846,3639,2801
Line 460,2019,12,4406,3341,2652
Line 460,2020,1,4575,3357,2604
Line 460,2020,2,4764,3439,2648
Line 460,2020,3,3257,2204,2067
Line 460,2020,4,1704,1389,1054
Line 460,2020,5,1868,1630,1389
Line 460,2020,6,2210,1902,1616
Line 460,2020,7,2423,2056,1967
Line 460,2020,8,2476,2008,1686
Line 460,2020,9,2638,2126,1810
Line 460,2020,10,2741,2274,1936
Line 460,2020,11,2732,2127,1772
Line 460,2020,12,2435,1952,1605
Line 460,2021,1,2398,1909,1612
Line 460,2021,2,2544,2057,1823
Line 460,2021,3,2545,2197,1822
Line 460,2021,4,2786,2294,1942
Line 460,2021,5,2983,2495,2018
Line 460,2021,6,3165,2606,2144
Line 460,2021,7,3218,2662,2268
Line 460,2021,8,3331,2798,2377
Line 460,2021,9,3522,2940,2483
Line 460,2021,10,3544,2891,2485
Line 460,2021,11,3596,3083,2537
Line 460,2021,12,3245,0,2436
Line 460,2022,1,3092,2577,2206
Line 460,2022,2,3174,2500,2154
Line 460,2022,3,3160,2369,1926
Line 460,2022,4,3235,2306,2066
Line 460,2022,5,3293,2253,2053
Line 460,2022,6,3201,2323,1969
Line 460,2022,7,3178,2338,1999
Line 460,2022,8,3362,2475,2031
Line 460,2022,9,3460,2418,2133
Line 460,2022,10,3502,2460,2117
Line 460,2022,11,3295,2385,1993
Line 460,2022,12,3212,2307,1922
Line 460,2023,1,3205,2307,2108
Line 460,2023,2,3319,2585,2315
Line 460,2023,3,3297,2772,2434
Line 460,2023,4,3651,2875,2568
Line 460,2023,5,3552,2871,2495
Line 460,2023,6,3591,2928,2556
Line 460,2023,7,3538,2933,2486
Line 460,2023,8,3804,3060,2238
Line 460,2023,9,4009,3093,2672
Line 460,2023,10,3987,3058,2675
Line 460,2023,11,3778,3018,2404
Line 460,2023,12,3753,2948,2317
Line 460,2024,1,3770,2744,2428
Line 460,2024,2,3758,3033,2531
Line 460,2024,3,4055,2740,2656
Line 460,2024,4,4062,3052,2774
Line 460,2024,5,4106,3049,2793
Line 460,2024,6,4072,3194,2849
Line 460,2024,7,4089,3354,2841
Line 460,2024,8,4504,3474,3166
Line 460,2024,9,4609,3358,2944
Line 460,2024,10,4512,3421,2934
Line 460,2024,11,4299,3321,2870
Line 460,2024,12,4019,3298,2776
Line 460,2025,1,4146,3325,2720
Line 460,2025,2,4165,3349,2875
Line 460,2025,3,4226,3543,2938
Line 460,2025,4,4254,3327,3011
Line 460,2025,5,4328,3421,2974
Line 460,2025,6,3961,3046,2848
Line 460,2025,7,3858,2973,2621
Line 460,2025,8,4322,3267,2846
Line 460,2025,9,4456,3297,2835
Line 460,2025,10,4409,3348,2890
Line 460,2025,11,4235,3133,2829
Line 460,2025,12,4168,3445,2710
Line 460,2026,1,4092,3118,2599
Line 460,2026,2,4204,3410,2848
Line 460,2026,3,4361,3373,2951
Line 460,2026,4,4323,3325,2907
Line 460,2026,5,4330,3338,2923
Line 487,2018,4,3737,1116,888
Line 487,2018,5,3543,1062,907
Line 487,2018,6,3283,1075,897
Line 487,2018,7,3199,971,832
Line 487,2018,8,3470,1012,921
Line 487,2018,9,3987,1074,916
Line 487,2018,10,3883,1053,876
Line 487,2018,11,3437,1044,897
Line 487,2018,12,3096,1070,826
Line 487,2019,1,3224,970,846
Line 487,2019,2,3475,965,802
Line 487,2019,3,3543,1013,873
Line 487,2019,4,3542,1114,869
Line 487,2019,5,3419,1150,858
Line 487,2019,6,3152,1100,910
Line 487,2019,7,3120,981,887
Line 487,2019,8,3403,1030,928
Line 487,2019,9,3875,1084,884
Line 487,2019,10,3747,1103,898
Line 487,2019,11,3434,1066,816
Line 487,2019,12,3080,1079,796
Line 487,2020,1,3226,1021,833
Line 487,2020,2,3436,1032,830
Line 487,2020,3,1963,665,605
Line 487,2020,4,546,356,274
Line 487,2020,5,625,483,402
Line 487,2020,6,744,486,466
Line 487,2020,7,777,588,565
Line 487,2020,8,839,591,512
Line 487,2020,9,879,603,510
Line 487,2020,10,897,624,554
Line 487,2020,11,857,550,468
Line 487,2020,12,709,484,403
Line 487,2021,1,644,483,401
Line 487,2021,2,699,534,425
Line 487,2021,3,741,550,504
Line 487,2021,4,808,538,498
Line 487,2021,5,892,617,478
Line 487,2021,6,925,634,534
Line 487,2021,7,708,331,287
Line 487,2021,8,816,363,304
Line 487,2021,9,930,374,312
Line 487,2021,10,951,384,340
Line 487,2021,11,925,410,338
Line 487,2021,12,798,0,325
Line 487,2022,1,772,356,310
Line 487,2022,2,917,326,265
Line 487,2022,3,1012,315,271
Line 487,2022,4,1004,319,263
Line 487,2022,5,1034,299,269
Line 487,2022,6,947,305,294
Line 487,2022,7,948,309,278
Line 487,2022,8,1067,318,314
Line 487,2022,9,1238,340,256
Line 487,2022,10,1271,346,299
Line 487,2022,11,1140,353,266
Line 487,2022,12,977,313,283
Line 487,2023,1,1026,367,309
Line 487,2023,2,1168,491,352
Line 487,2023,3,1090,421,325
Line 487,2023,4,1199,448,356
Line 487,2023,5,1149,432,339
Line 487,2023,6,1059,419,351
Line 487,2023,7,1019,455,349
Line 487,2023,8,1201,415,353
Line 487,2023,9,1364,508,410
Line 487,2023,10,1395,544,408
Line 487,2023,11,1304,490,388
Line 487,2023,12,1168,441,400
Line 487,2024,1,1201,500,429
Line 487,2024,2,1309,582,461
Line 487,2024,3,1439,457,431
Line 487,2024,4,1420,543,443
Line 487,2024,5,1391,568,447
Line 487,2024,6,1220,527,492
Line 487,2024,7,1228,516,455
Line 487,2024,8,1335,476,448
Line 487,2024,9,1554,500,437
Line 487,2024,10,1530,489,458
Line 487,2024,11,1410,491,439
Line 487,2024,12,1284,441,424
Line 487,2025,1,1290,502,419
Line 487,2025,2,1378,545,447
Line 487,2025,3,1424,566,441
Line 487,2025,4,1435,595,478
Line 487,2025,5,1504,591,442
Line 487,2025,6,1191,535,429
Line 487,2025,7,1196,481,454
Line 487,2025,8,1310,469,404
Line 487,2025,9,1560,495,446
Line 487,2025,10,1510,517,447
Line 487,2025,11,1336,481,421
Line 487,2025,12,1299,538,413
Line 487,2026,1,1364,520,365
Line 487,2026,2,1395,505,404
Line 487,2026,3,1512,522,350
Line 487,2026,4,1502,582,441
Line 487,2026,5,1444,561,444
Line 501,2018,4,1395,438,367
Line 501,2018,5,1404,521,378
Line 501,2018,6,1424,483,389
Line 501,2018,7,1469,521,407
Line 501,2018,8,1506,522,405
Line 501,2018,9,1548,534,407
Line 501,2018,10,1530,534,427
Line 501,2018,11,1475,547,389
Line 501,2018,12,1327,492,369
Line 501,2019,1,1372,469,409
Line 501,2019,2,1385,473,394
Line 501,2019,3,1415,459,385
Line 501,2019,4,1437,542,415
Line 501,2019,5,1503,566,403
Line 501,2019,6,1486,571,434
Line 501,2019,7,1450,499,452
Line 501,2019,8,1521,516,452
Line 501,2019,9,1625,543,425
Line 501,2019,10,1640,536,487
Line 501,2019,11,1529,545,417
Line 501,2019,12,1335,452,427
Line 501,2020,1,1451,532,445
Line 501,2020,2,1465,511,389
Line 501,2020,3,1096,478,352
Line 501,2020,4,418,219,193
Line 501,2020,5,313,239,223
Line 501,2020,6,347,294,254
Line 501,2020,7,378,259,311
Line 501,2020,8,392,295,258
Line 501,2020,9,396,305,281
Line 501,2020,10,411,350,284
Line 501,2020,11,407,290,269
Line 501,2020,12,355,252,254
Line 501,2021,1,359,279,231
Line 501,2021,2,378,260,287
Line 501,2021,3,380,295,259
Line 501,2021,4,441,340,275
Line 501,2021,5,458,371,293
Line 501,2021,6,469,369,380
Line 501,2021,7,884,625,404
Line 501,2021,8,909,580,530
Line 501,2021,9,1022,631,514
Line 501,2021,10,1012,691,562
Line 501,2021,11,1003,676,556
Line 501,2021,12,966,0,473
Line 501,2022,1,836,414,438
Line 501,2022,2,904,592,428
Line 501,2022,3,973,643,517
Line 501,2022,4,993,651,518
Line 501,2022,5,1004,651,545
Line 501,2022,6,1048,575,523
Line 501,2022,7,851,604,516
Line 501,2022,8,895,675,541
Line 501,2022,9,933,616,479
Line 501,2022,10,974,660,531
Line 501,2022,11,938,621,558
Line 501,2022,12,903,532,494
Line 501,2023,1,914,515,488
Line 501,2023,2,943,555,551
Line 501,2023,3,984,642,524
Line 501,2023,4,1012,684,546
Line 501,2023,5,1049,618,586
Line 501,2023,6,1044,685,530
Line 501,2023,7,1043,625,604
Line 501,2023,8,1117,784,584
Line 501,2023,9,1165,709,598
Line 501,2023,10,1264,736,649
Line 501,2023,11,1143,703,634
Line 501,2023,12,1107,688,595
Line 501,2024,1,1152,779,702
Line 501,2024,2,1117,753,550
Line 501,2024,3,1310,706,712
Line 501,2024,4,1229,777,730
Line 501,2024,5,1328,787,725
Line 501,2024,6,1375,756,695
Line 501,2024,7,1171,681,592
Line 501,2024,8,1298,786,657
Line 501,2024,9,1361,762,682
Line 501,2024,10,1369,838,676
Line 501,2024,11,1332,737,643
Line 501,2024,12,1262,768,653
Line 501,2025,1,1174,600,579
Line 501,2025,2,1295,851,674
Line 501,2025,3,1360,737,673
Line 501,2025,4,1411,787,695
Line 501,2025,5,1456,842,706
Line 501,2025,6,1423,825,778
Line 501,2025,7,1333,659,639
Line 501,2025,8,1336,746,652
Line 501,2025,9,1413,818,700
Line 501,2025,10,1489,794,710
Line 501,2025,11,1368,760,679
Line 501,2025,12,1294,815,582
Line 501,2026,1,1330,716,634
Line 501,2026,2,1343,783,671
Line 501,2026,3,1441,805,690
Line 501,2026,4,1435,803,665
Line 501,2026,5,1487,859,709
Line 534,2018,4,1538,1179,831
Line 534,2018,5,1540,1162,881
Line 534,2018,6,1614,1130,808
Line 534,2018,7,1690,1438,1016
Line 534,2018,8,1718,1307,977
Line 534,2018,9,1610,1203,908
Line 534,2018,10,1560,1093,763
Line 534,2018,11,1279,942,648
Line 534,2018,12,1292,956,636
Line 534,2019,1,1303,990,644
Line 534,2019,2,1340,838,582
Line 534,2019,3,1439,987,688
Line 534,2019,4,1534,1095,761
Line 534,2019,5,1546,1088,751
Line 534,2019,6,1580,1179,789
Line 534,2019,7,1697,1216,811
Line 534,2019,8,1758,1236,880
Line 534,2019,9,1752,1206,883
Line 534,2019,10,1618,1217,824
Line 534,2019,11,1478,1117,731
Line 534,2019,12,1380,1031,570
Line 534,2020,1,1473,1062,666
Line 534,2020,2,1502,1103,628
Line 534,2020,3,1015,735,545
Line 534,2020,4,580,533,333
Line 534,2020,5,566,518,439
Line 534,2020,6,667,540,450
Line 534,2020,7,823,720,701
Line 534,2020,8,878,696,614
Line 534,2020,9,904,755,719
Line 534,2020,10,875,749,583
Line 534,2020,11,790,597,472
Line 534,2020,12,686,561,411
Line 534,2021,1,696,550,434
Line 534,2021,2,734,619,544
Line 534,2021,3,798,642,497
Line 534,2021,4,818,674,552
Line 534,2021,5,877,640,591
Line 534,2021,6,918,721,609
Line 534,2021,7,1022,897,744
Line 534,2021,8,1046,910,668
Line 534,2021,9,1031,894,696
Line 534,2021,10,962,872,631
Line 534,2021,11,918,815,653
Line 534,2021,12,827,0,514
Line 534,2022,1,870,704,603
Line 534,2022,2,949,856,593
Line 534,2022,3,964,761,610
Line 534,2022,4,997,830,601
Line 534,2022,5,978,807,669
Line 534,2022,6,1034,840,711
Line 534,2022,7,1062,836,709
Line 534,2022,8,1109,840,803
Line 534,2022,9,1150,906,831
Line 534,2022,10,1083,795,722
Line 534,2022,11,0,0,0
Line 534,2022,12,0,0,0
Line 534,2023,1,0,0,0
Line 534,2023,2,0,0,0
Line 534,2023,3,0,0,0
Line 534,2023,4,0,0,0
Line 534,2023,5,0,0,0
Line 534,2023,6,0,0,0
Line 534,2023,7,0,0,0
Line 534,2023,8,0,0,0
Line 534,2023,9,0,0,0
Line 534,2023,10,0,0,0
Line 534,2023,11,0,0,0
Line 534,2023,12,0,0,0
Line 534,2024,1,0,0,0
Line 534,2024,2,0,0,0
Line 534,2024,3,0,0,0
Line 534,2024,4,0,0,0
Line 534,2024,5,0,0,0
Line 534,2024,6,0,0,0
Line 534,2024,7,0,0,0
Line 534,2024,8,0,0,0
Line 534,2024,9,0,0,0
Line 534,2024,10,0,0,0
Line 534,2024,11,0,0,0
Line 534,2024,12,0,0,0
Line 534,2025,1,0,0,0
Line 534,2025,2,0,0,0
Line 534,2025,3,0,0,0
Line 534,2025,4,0,0,0
Line 534,2025,5,0,0,0
Line 534,2025,6,0,0,0
Line 550,2018,4,1450,523,447
Line 550,2018,5,1465,504,423
Line 550,2018,6,1411,508,418
Line 550,2018,7,1356,488,429
Line 550,2018,8,1388,535,426
Line 550,2018,9,1512,553,426
Line 550,2018,10,1486,464,413
Line 550,2018,11,1356,501,425
Line 550,2018,12,1201,553,413
Line 550,2019,1,1216,463,385
Line 550,2019,2,1347,468,370
Line 550,2019,3,1402,448,443
Line 550,2019,4,1386,477,423
Line 550,2019,5,1427,511,397
Line 550,2019,6,1371,477,445
Line 550,2019,7,1357,481,412
Line 550,2019,8,1423,507,435
Line 550,2019,9,1517,481,436
Line 550,2019,10,1491,504,388
Line 550,2019,11,1347,456,394
Line 550,2019,12,1151,505,409
Line 550,2020,1,1191,487,393
Line 550,2020,2,1273,460,409
Line 550,2020,3,797,330,310
Line 550,2020,4,383,270,232
Line 550,2020,5,368,293,269
Line 550,2020,6,404,347,299
Line 550,2020,7,404,364,378
Line 550,2020,8,388,343,316
Line 550,2020,9,410,365,323
Line 550,2020,10,392,316,298
Line 550,2020,11,386,333,271
Line 550,2020,12,370,297,276
Line 550,2021,1,336,273,241
Line 550,2021,2,369,364,297
Line 550,2021,3,413,354,320
Line 550,2021,4,448,363,305
Line 550,2021,5,477,357,324
Line 550,2021,6,496,449,341
Line 550,2021,7,426,410,360
Line 550,2021,8,435,393,364
Line 550,2021,9,534,422,339
Line 550,2021,10,636,409,358
Line 550,2021,11,610,416,375
Line 550,2021,12,568,0,339
Line 550,2022,1,565,321,304
Line 550,2022,2,571,376,286
Line 550,2022,3,599,318,335
Line 550,2022,4,643,377,327
Line 550,2022,5,667,359,351
Line 550,2022,6,711,374,323
Line 550,2022,7,639,407,314
Line 550,2022,8,669,362,389
Line 550,2022,9,677,415,359
Line 550,2022,10,719,386,376
Line 550,2022,11,654,427,364
Line 550,2022,12,351,148,70
Line 550,2023,1,256,0,0
Line 550,2023,2,270,0,0
Line 550,2023,3,266,0,0
Line 550,2023,4,288,0,0
Line 550,2023,5,290,0,0
Line 550,2023,6,281,0,0
Line 550,2023,7,268,0,0
Line 550,2023,8,295,0,0
Line 550,2023,9,339,0,0
Line 550,2023,10,322,0,0
Line 550,2023,11,307,0,0
Line 550,2023,12,285,0,0
Line 550,2024,1,330,0,0
Line 550,2024,2,369,0,0
Line 550,2024,3,375,0,0
Line 550,2024,4,392,0,0
Line 550,2024,5,390,0,0
Line 550,2024,6,392,0,0
Line 550,2024,7,363,0,0
Line 550,2024,8,408,0,0
Line 550,2024,9,455,0,0
Line 550,2024,10,479,0,0
Line 550,2024,11,468,0,0
Line 550,2024,12,430,0,0
Line 550,2025,1,418,0,0
Line 550,2025,2,444,0,0
Line 550,2025,3,441,0,0
Line 550,2025,4,445,0,0
Line 550,2025,5,455,0,0
Line 550,2025,6,429,0,0
Line 550,2025,7,384,0,0
Line 550,2025,8,409,0,0
Line 550,2025,9,470,0,0
Line 550,2025,10,455,0,0
Line 550,2025,11,423,0,0
Line 550,2025,12,407,0,0
Line 550,2026,1,398,0,0
Line 550,2026,2,438,0,0
Line 550,2026,3,460,0,0
Line 550,2026,4,439,0,0
Line 550,2026,5,447,0,0
Line 577,2018,4,796,null,null
Line 577,2018,5,739,null,null
Line 577,2018,6,623,null,null
Line 577,2018,7,610,0,0
Line 577,2018,8,742,0,0
Line 577,2018,9,989,0,0
Line 577,2018,10,966,0,0
Line 577,2018,11,838,0,0
Line 577,2018,12,661,0,0
Line 577,2019,1,669,0,0
Line 577,2019,2,965,0,0
Line 577,2019,3,945,0,0
Line 577,2019,4,917,0,0
Line 577,2019,5,813,0,0
Line 577,2019,6,688,0,0
Line 577,2019,7,665,0,0
Line 577,2019,8,828,0,0
Line 577,2019,9,1175,0,0
Line 577,2019,10,1175,0,0
Line 577,2019,11,969,0,0
Line 577,2019,12,687,0,0
Line 577,2020,1,745,0,0
Line 577,2020,2,973,0,0
Line 577,2020,3,638,0,0
Line 577,2020,4,246,0,0
Line 577,2020,5,231,0,0
Line 577,2020,6,246,0,0
Line 577,2020,7,259,0,0
Line 577,2020,8,273,0,0
Line 577,2020,9,272,0,0
Line 577,2020,10,271,0,0
Line 577,2020,11,267,0,0
Line 577,2020,12,279,0,0
Line 577,2021,1,263,0,0
Line 577,2021,2,278,0,0
Line 577,2021,3,283,0,0
Line 577,2021,4,298,0,0
Line 577,2021,5,299,0,0
Line 577,2021,6,305,0,0
Line 577,2021,7,355,0,0
Line 577,2021,8,379,0,0
Line 577,2021,9,439,0,0
Line 577,2021,10,438,0,0
Line 577,2021,11,454,0,0
Line 577,2021,12,405,0,0
Line 577,2022,1,354,0,0
Line 577,2022,2,581,0,0
Line 577,2022,3,616,0,0
Line 577,2022,4,614,0,0
Line 577,2022,5,521,0,0
Line 577,2022,6,444,0,0
Line 577,2022,7,432,0,0
Line 577,2022,8,594,0,0
Line 577,2022,9,801,0,0
Line 577,2022,10,795,0,0
Line 577,2022,11,678,0,0
Line 577,2022,12,544,0,0
Line 577,2023,1,610,0,0
Line 577,2023,2,870,0,0
Line 577,2023,3,753,0,0
Line 577,2023,4,788,0,0
Line 577,2023,5,607,0,0
Line 577,2023,6,531,0,0
Line 577,2023,7,559,0,0
Line 577,2023,8,852,0,0
Line 577,2023,9,1160,0,0
Line 577,2023,10,1132,0,0
Line 577,2023,11,968,0,0
Line 577,2023,12,705,0,0
Line 577,2024,1,689,0,0
Line 577,2024,2,948,0,0
Line 577,2024,3,950,0,0
Line 577,2024,4,984,0,0
Line 577,2024,5,804,0,0
Line 577,2024,6,588,0,0
Line 577,2024,7,553,0,0
Line 577,2024,8,813,0,0
Line 577,2024,9,1323,0,0
Line 577,2024,10,1281,0,0
Line 577,2024,11,1027,0,0
Line 577,2024,12,874,0,0
Line 577,2025,1,768,0,0
Line 577,2025,2,1112,0,0
Line 577,2025,3,1097,0,0
Line 577,2025,4,1071,0,0
Line 577,2025,5,779,0,0
Line 577,2025,6,541,0,0
Line 577,2025,7,523,0,0
Line 577,2025,8,670,0,0
Line 577,2025,9,1173,0,0
Line 577,2025,10,1172,0,0
Line 577,2025,11,997,0,0
Line 577,2025,12,800,0,0
Line 577,2026,1,799,0,0
Line 577,2026,2,1132,0,0
Line 577,2026,3,1111,0,0
Line 577,2026,4,1090,0,0
Line 577,2026,5,773,0,0
Line 601,2018,7,1076,835,789
Line 601,2018,8,1034,784,790
Line 601,2018,9,1042,743,692
Line 601,2018,10,1017,738,638
Line 601,2018,11,1001,664,624
Line 601,2018,12,958,722,647
Line 601,2019,1,976,669,611
Line 601,2019,2,935,642,535
Line 601,2019,3,958,704,620
Line 601,2019,4,1017,743,612
Line 601,2019,5,991,794,700
Line 601,2019,6,989,754,765
Line 601,2019,7,971,794,895
Line 601,2019,8,957,718,782
Line 601,2019,9,952,730,611
Line 601,2019,10,981,706,616
Line 601,2019,11,988,741,674
Line 601,2019,12,995,691,652
Line 601,2020,1,922,723,569
Line 601,2020,2,937,737,609
Line 601,2020,3,848,529,458
Line 601,2020,4,396,342,350
Line 601,2020,5,506,472,392
Line 601,2020,6,541,350,586
Line 601,2020,7,396,350,379
Line 601,2020,8,378,376,283
Line 601,2020,9,400,269,342
Line 601,2020,10,403,307,369
Line 601,2020,11,375,311,421
Line 601,2020,12,301,312,338
Line 601,2021,1,297,243,254
Line 601,2021,2,281,266,296
Line 601,2021,3,327,257,343
Line 601,2021,4,331,367,331
Line 601,2021,5,366,291,319
Line 601,2021,6,395,405,291
Line 601,2021,7,401,303,372
Line 601,2021,8,395,321,317
Line 601,2021,9,400,409,255
Line 601,2021,10,366,309,300
Line 601,2021,11,338,293,293
Line 601,2021,12,306,0,249
Line 601,2022,1,277,252,294
Line 601,2022,2,353,240,217
Line 601,2022,3,344,308,203
Line 601,2022,4,377,255,296
Line 601,2022,5,362,287,250
Line 601,2022,6,372,274,240
Line 601,2022,7,355,325,259
Line 601,2022,8,354,333,313
Line 601,2022,9,380,342,253
Line 601,2022,10,388,286,316
Line 601,2022,11,356,265,247
Line 601,2022,12,295,193,271
Line 601,2023,1,334,305,226
Line 601,2023,2,334,268,214
Line 601,2023,3,307,216,279
Line 601,2023,4,382,231,284
Line 601,2023,5,375,326,270
Line 601,2023,6,430,280,352
Line 601,2023,7,366,244,328
Line 601,2023,8,403,301,337
Line 601,2023,9,361,244,243
Line 601,2023,10,437,255,362
Line 601,2023,11,403,285,173
Line 601,2023,12,372,311,207
Line 601,2024,1,418,315,161
Line 601,2024,2,397,362,241
Line 601,2024,3,418,366,200
Line 601,2024,4,396,332,331
Line 601,2024,5,392,339,237
Line 601,2024,6,387,242,265
Line 601,2024,7,333,212,291
Line 601,2024,8,337,210,236
Line 601,2024,9,376,203,307
Line 601,2024,10,349,237,228
Line 601,2024,11,379,235,186
Line 601,2024,12,314,264,215
Line 601,2025,1,388,267,197
Line 601,2025,2,365,318,315
Line 601,2025,3,361,246,209
Line 601,2025,4,362,369,169
Line 601,2025,5,365,198,206
Line 601,2025,6,302,263,315
Line 601,2025,7,252,142,156
Line 601,2025,8,270,147,146
Line 601,2025,9,279,138,105
Line 601,2025,10,295,148,121
Line 601,2025,11,283,172,118
Line 601,2025,12,261,88,60
Line 601,2026,1,266,66,115
Line 601,2026,2,261,63,109
Line 601,2026,3,280,101,123
Line 601,2026,4,256,124,108
Line 601,2026,5,252,126,124
Line 602,2018,4,1733,582,337
Line 602,2018,5,1734,521,336
Line 602,2018,6,1720,539,352
Line 602,2018,7,1233,590,381
Line 602,2018,8,1775,612,370
Line 602,2018,9,1896,609,404
Line 602,2018,10,2056,616,437
Line 602,2018,11,1875,553,424
Line 602,2018,12,1564,578,367
Line 602,2019,1,1662,607,367
Line 602,2019,2,2077,562,360
Line 602,2019,3,1983,509,384
Line 602,2019,4,1869,591,416
Line 602,2019,5,2014,637,364
Line 602,2019,6,1619,630,409
Line 602,2019,7,1193,610,420
Line 602,2019,8,1942,606,451
Line 602,2019,9,2255,649,412
Line 602,2019,10,2017,627,414
Line 602,2019,11,1961,623,370
Line 602,2019,12,1767,563,337
Line 602,2020,1,1872,582,339
Line 602,2020,2,2135,613,379
Line 602,2020,3,1071,411,286
Line 602,2020,4,293,211,182
Line 602,2020,5,286,216,228
Line 602,2020,6,347,262,224
Line 602,2020,7,384,356,349
Line 602,2020,8,394,318,269
Line 602,2020,9,417,333,300
Line 602,2020,10,409,364,285
Line 602,2020,11,402,328,279
Line 602,2020,12,371,296,249
Line 602,2021,1,327,294,221
Line 602,2021,2,366,355,227
Line 602,2021,3,419,347,266
Line 602,2021,4,470,356,249
Line 602,2021,5,508,400,323
Line 602,2021,6,541,452,337
Line 602,2021,7,582,487,371
Line 602,2021,8,651,484,350
Line 602,2021,9,1047,517,436
Line 602,2021,10,1263,646,440
Line 602,2021,11,1098,631,472
Line 602,2021,12,891,0,309
Line 602,2022,1,918,550,393
Line 602,2022,2,1204,633,421
Line 602,2022,3,1242,458,323
Line 602,2022,4,1195,528,411
Line 602,2022,5,1345,552,474
Line 602,2022,6,960,470,330
Line 602,2022,7,682,474,364
Line 602,2022,8,1022,502,400
Line 602,2022,9,1252,567,408
Line 602,2022,10,1099,610,396
Line 602,2022,11,1100,489,418
Line 602,2022,12,953,380,313
Line 602,2023,1,1057,478,372
Line 602,2023,2,1224,527,446
Line 602,2023,3,1173,568,416
Line 602,2023,4,1134,727,633
Line 602,2023,5,1296,618,519
Line 602,2023,6,982,534,424
Line 602,2023,7,718,481,427
Line 602,2023,8,1056,575,415
Line 602,2023,9,1213,629,437
Line 602,2023,10,1317,771,623
Line 602,2023,11,1086,664,495
Line 602,2023,12,1046,491,382
Line 602,2024,1,1041,666,490
Line 602,2024,2,1120,730,475
Line 602,2024,3,1125,596,497
Line 602,2024,4,1252,755,584
Line 602,2024,5,1257,707,622
Line 602,2024,6,902,567,524
Line 602,2024,7,698,496,458
Line 602,2024,8,999,517,430
Line 602,2024,9,1228,549,521
Line 602,2024,10,1200,763,626
Line 602,2024,11,1052,650,579
Line 602,2024,12,891,499,378
Line 602,2025,1,432,219,213
Line 602,2025,2,600,330,264
Line 602,2025,3,465,274,232
Line 602,2025,4,537,288,174
Line 602,2025,5,570,251,245
Line 602,2025,6,452,211,228
Line 602,2025,7,372,132,101
Line 602,2025,8,382,143,98
Line 602,2025,9,462,198,230
Line 602,2025,10,457,274,224
Line 602,2025,11,444,238,201
Line 602,2025,12,419,215,174
Line 602,2026,1,574,380,316
Line 602,2026,2,671,419,376
Line 602,2026,3,672,383,371
Line 602,2026,4,679,473,369
Line 602,2026,5,715,455,430
Line 603,2018,4,7112,5826,4710
Line 603,2018,5,7316,5797,4798
Line 603,2018,6,7099,5609,4907
Line 603,2018,7,6640,5700,4891
Line 603,2018,8,7090,5963,5105
Line 603,2018,9,7543,5924,4821
Line 603,2018,10,7463,5872,4711
Line 603,2018,11,7051,5790,4955
Line 603,2018,12,6620,5789,4360
Line 603,2019,1,6408,4955,4155
Line 603,2019,2,6734,4977,4071
Line 603,2019,3,6975,5436,4551
Line 603,2019,4,7153,5693,4500
Line 603,2019,5,7252,5820,4718
Line 603,2019,6,7270,5799,4841
Line 603,2019,7,6840,5665,4570
Line 603,2019,8,7139,6240,5160
Line 603,2019,9,7670,5791,4977
Line 603,2019,10,7581,6167,5153
Line 603,2019,11,7289,5889,4441
Line 603,2019,12,6838,5672,4422
Line 603,2020,1,6924,5699,4478
Line 603,2020,2,7261,5755,4583
Line 603,2020,3,5046,3954,3760
Line 603,2020,4,3039,2853,2157
Line 603,2020,5,3133,3287,2706
Line 603,2020,6,3912,3984,3328
Line 603,2020,7,4183,3990,4349
Line 603,2020,8,4199,3865,3413
Line 603,2020,9,4484,4031,3537
Line 603,2020,10,4529,4748,3900
Line 603,2020,11,4507,4330,3675
Line 603,2020,12,4582,4100,3405
Line 603,2021,1,4529,3995,3548
Line 603,2021,2,4924,4290,4052
Line 603,2021,3,4905,4578,4109
Line 603,2021,4,5093,4540,3901
Line 603,2021,5,5346,5017,4295
Line 603,2021,6,5642,5172,4441
Line 603,2021,7,6491,6111,5107
Line 603,2021,8,7238,6900,6373
Line 603,2021,9,8031,6947,5393
Line 603,2021,10,7693,7556,6329
Line 603,2021,11,7616,7395,5274
Line 603,2021,12,7391,0,4283
Line 603,2022,1,6666,5497,4954
Line 603,2022,2,7073,5507,4510
Line 603,2022,3,7279,6110,4816
Line 603,2022,4,7610,6692,5501
Line 603,2022,5,7501,6635,5184
Line 603,2022,6,7894,7057,6192
Line 603,2022,7,6239,6102,5514
Line 603,2022,8,6459,6298,5546
Line 603,2022,9,6704,6249,4995
Line 603,2022,10,7009,5885,5178
Line 603,2022,11,6096,5349,4864
Line 603,2022,12,6723,5086,4189
Line 603,2023,1,6304,5827,4123
Line 603,2023,2,6697,5536,4577
Line 603,2023,3,6733,6074,4748
Line 603,2023,4,7214,6304,4742
Line 603,2023,5,7217,6047,4778
Line 603,2023,6,7431,6626,5140
Line 603,2023,7,6869,6114,4891
Line 603,2023,8,7155,6033,4633
Line 603,2023,9,7951,6305,4967
Line 603,2023,10,7818,5746,4850
Line 603,2023,11,7556,5940,4373
Line 603,2023,12,7669,5842,4572
Line 603,2024,1,7410,5843,4455
Line 603,2024,2,7591,6629,4705
Line 603,2024,3,7946,5902,5185
Line 603,2024,4,8258,5985,4614
Line 603,2024,5,8294,6375,5326
Line 603,2024,6,9291,7444,5114
Line 603,2024,7,7105,6035,4772
Line 603,2024,8,7639,6493,5358
Line 603,2024,9,8067,6369,4942
Line 603,2024,10,8134,6459,5043
Line 603,2024,11,7953,6049,4795
Line 603,2024,12,7622,5889,4247
Line 603,2025,1,7547,5525,4329
Line 603,2025,2,7459,6190,4799
Line 603,2025,3,7466,5999,4806
Line 603,2025,4,7730,6209,5042
Line 603,2025,5,7824,6353,4973
Line 603,2025,6,6967,5293,4442
Line 605,2018,4,2317,778,710
Line 605,2018,5,2302,750,699
Line 605,2018,6,1991,801,682
Line 605,2018,7,1809,759,691
Line 605,2018,8,2098,833,666
Line 605,2018,9,2351,856,701
Line 605,2018,10,2388,772,732
Line 605,2018,11,2152,842,744
Line 605,2018,12,1889,834,664
Line 605,2019,1,1907,653,659
Line 605,2019,2,2144,686,617
Line 605,2019,3,2228,754,759
Line 605,2019,4,2150,809,738
Line 605,2019,5,2272,789,678
Line 605,2019,6,1950,810,704
Line 605,2019,7,1874,792,715
Line 605,2019,8,2011,815,681
Line 605,2019,9,2399,841,720
Line 605,2019,10,2418,936,754
Line 605,2019,11,2165,791,692
Line 605,2019,12,2028,802,657
Line 605,2020,1,2069,831,680
Line 605,2020,2,2350,853,687
Line 605,2020,3,1682,652,652
Line 605,2020,4,718,469,396
Line 605,2020,5,684,566,455
Line 605,2020,6,744,579,475
Line 605,2020,7,696,546,599
Line 605,2020,8,730,633,499
Line 605,2020,9,794,641,510
Line 605,2020,10,801,641,613
Line 605,2020,11,789,561,503
Line 605,2020,12,734,617,495
Line 605,2021,1,680,589,483
Line 605,2021,2,749,686,555
Line 605,2021,3,751,700,550
Line 605,2021,4,839,702,602
Line 605,2021,5,855,709,553
Line 605,2021,6,886,728,582
Line 605,2021,7,1503,925,767
Line 605,2021,8,1900,1017,794
Line 605,2021,9,2287,1022,852
Line 605,2021,10,2299,1166,936
Line 605,2021,11,2256,1149,914
Line 605,2021,12,2003,0,866
Line 605,2022,1,1898,1024,856
Line 605,2022,2,2017,976,777
Line 605,2022,3,2139,1073,814
Line 605,2022,4,2044,1053,821
Line 605,2022,5,2240,916,836
Line 605,2022,6,1882,996,882
Line 605,2022,7,1557,765,538
Line 605,2022,8,1748,701,531
Line 605,2022,9,1938,706,546
Line 605,2022,10,2028,750,541
Line 605,2022,11,1804,664,530
Line 605,2022,12,1675,799,715
Line 605,2023,1,1819,996,758
Line 605,2023,2,2033,1006,815
Line 605,2023,3,1853,938,857
Line 605,2023,4,1958,1187,862
Line 605,2023,5,2137,1040,923
Line 605,2023,6,2023,1115,884
Line 605,2023,7,1863,1058,968
Line 605,2023,8,2072,1090,795
Line 605,2023,9,2378,1221,957
Line 605,2023,10,2430,1274,983
Line 605,2023,11,2324,1112,1035
Line 605,2023,12,2116,1236,974
Line 605,2024,1,2114,1077,894
Line 605,2024,2,2091,1424,923
Line 605,2024,3,2452,1195,1023
Line 605,2024,4,2481,1184,1023
Line 605,2024,5,2573,1285,1118
Line 605,2024,6,2215,1348,1076
Line 605,2024,7,2009,1290,1032
Line 605,2024,8,2321,1341,1008
Line 605,2024,9,2489,1348,1108
Line 605,2024,10,2520,1368,941
Line 605,2024,11,2423,1377,1008
Line 605,2024,12,2270,1327,1079
Line 605,2025,1,2301,1256,923
Line 605,2025,2,2474,1439,1087
Line 605,2025,3,2553,1383,1033
Line 605,2025,4,2479,1292,1122
Line 605,2025,5,2636,1336,1165
Line 605,2025,6,2148,1183,993
Line 605,2025,7,1811,1000,875
Line 605,2025,8,2090,1085,1007
Line 605,2025,9,2442,1232,1065
Line 605,2025,10,2403,1204,1040
Line 605,2025,11,2152,1086,1004
Line 605,2025,12,2236,1248,1045
Line 605,2026,1,2141,1174,960
Line 605,2026,2,2330,1353,1034
Line 605,2026,3,2439,1274,1096
Line 605,2026,4,2179,1252,1005
Line 605,2026,5,2453,1372,1118
Line 607,2018,4,60,null,null
Line 607,2018,5,60,null,null
Line 607,2018,6,60,null,null
Line 607,2018,7,53,0,0
Line 607,2018,8,62,0,0
Line 607,2018,9,64,0,0
Line 607,2018,10,65,0,0
Line 607,2018,11,53,0,0
Line 607,2018,12,53,0,0
Line 607,2019,1,62,0,0
Line 607,2019,2,57,0,0
Line 607,2019,3,51,0,0
Line 607,2019,4,52,0,0
Line 607,2019,5,71,0,0
Line 607,2019,6,54,0,0
Line 607,2019,7,44,0,0
Line 607,2019,8,52,0,0
Line 607,2019,9,65,0,0
Line 607,2019,10,62,0,0
Line 607,2019,11,48,0,0
Line 607,2019,12,47,0,0
Line 607,2020,1,45,0,0
Line 607,2020,2,54,0,0
Line 607,2020,3,35,0,0
Line 607,2020,4,29,0,0
Line 607,2020,5,21,0,0
Line 607,2020,6,33,0,0
Line 607,2020,7,24,0,0
Line 607,2020,8,24,0,0
Line 607,2020,9,32,0,0
Line 607,2020,10,30,0,0
Line 607,2020,11,39,0,0
Line 607,2020,12,31,0,0
Line 607,2021,1,0,0,0
Line 607,2021,2,0,0,0
Line 607,2021,3,0,0,0
Line 607,2021,4,0,0,0
Line 607,2021,5,0,0,0
Line 607,2021,6,0,0,0
Line 607,2021,7,0,0,0
Line 607,2021,8,0,0,0
Line 607,2021,9,0,0,0
Line 607,2021,10,0,0,0
Line 607,2021,11,0,0,0
Line 607,2021,12,0,0,0
Line 607,2022,1,0,0,0
Line 607,2022,2,0,0,0
Line 607,2022,3,0,0,0
Line 607,2022,4,0,0,0
Line 607,2022,5,0,0,0
Line 607,2022,6,0,0,0
Line 607,2022,7,0,0,0
Line 607,2022,8,0,0,0
Line 607,2022,9,0,0,0
Line 607,2022,10,0,0,0
Line 607,2022,11,0,0,0
Line 607,2022,12,0,0,0
Line 607,2023,1,0,0,0
Line 607,2023,2,0,0,0
Line 607,2023,3,0,0,0
Line 607,2023,4,0,0,0
Line 607,2023,5,0,0,0
Line 607,2023,6,0,0,0
Line 607,2023,7,0,0,0
Line 607,2023,8,0,0,0
Line 607,2023,9,0,0,0
Line 607,2023,10,0,0,0
Line 607,2023,11,0,0,0
Line 607,2023,12,0,0,0
Line 607,2024,1,0,0,0
Line 607,2024,2,0,0,0
Line 607,2024,3,0,0,0
Line 607,2024,4,0,0,0
Line 607,2024,5,0,0,0
Line 607,2024,6,0,0,0
Line 607,2024,7,0,0,0
Line 607,2024,8,0,0,0
Line 607,2024,9,0,0,0
Line 607,2024,10,0,0,0
Line 607,2024,11,0,0,0
Line 607,2024,12,0,0,0
Line 607,2025,1,0,0,0
Line 607,2025,2,0,0,0
Line 607,2025,3,0,0,0
Line 607,2025,4,0,0,0
Line 607,2025,5,0,0,0
Line 607,2025,6,0,0,0
Line 611,2018,4,1525,1057,871
Line 611,2018,5,1550,995,826
Line 611,2018,6,1540,931,834
Line 611,2018,7,1489,901,856
Line 611,2018,8,1563,981,912
Line 611,2018,9,1639,984,893
Line 611,2018,10,1683,928,956
Line 611,2018,11,1548,957,897
Line 611,2018,12,1427,990,855
Line 611,2019,1,1413,856,706
Line 611,2019,2,1479,790,713
Line 611,2019,3,1491,846,851
Line 611,2019,4,1502,912,820
Line 611,2019,5,1548,960,807
Line 611,2019,6,1471,887,849
Line 611,2019,7,1424,866,824
Line 611,2019,8,1510,924,867
Line 611,2019,9,1575,938,840
Line 611,2019,10,1589,951,837
Line 611,2019,11,1591,945,787
Line 611,2019,12,1453,962,769
Line 611,2020,1,1487,916,783
Line 611,2020,2,1588,958,833
Line 611,2020,3,1127,649,690
Line 611,2020,4,642,499,340
Line 611,2020,5,752,596,495
Line 611,2020,6,968,742,633
Line 611,2020,7,998,769,782
Line 611,2020,8,1020,840,690
Line 611,2020,9,1101,822,700
Line 611,2020,10,1073,903,846
Line 611,2020,11,1086,826,690
Line 611,2020,12,1031,793,643
Line 611,2021,1,1068,767,668
Line 611,2021,2,1172,884,752
Line 611,2021,3,1133,922,796
Line 611,2021,4,1225,1014,846
Line 611,2021,5,1284,1098,888
Line 611,2021,6,1382,1111,984
Line 611,2021,7,1379,1123,864
Line 611,2021,8,1466,1179,952
Line 611,2021,9,1543,1171,948
Line 611,2021,10,1491,1195,1073
Line 611,2021,11,1466,1077,979
Line 611,2021,12,1291,0,931
Line 611,2022,1,1294,978,922
Line 611,2022,2,1409,1041,933
Line 611,2022,3,1359,944,857
Line 611,2022,4,1426,1002,900
Line 611,2022,5,1475,1104,907
Line 611,2022,6,1452,1065,997
Line 611,2022,7,1394,1040,864
Line 611,2022,8,1497,1049,961
Line 611,2022,9,1534,998,745
Line 611,2022,10,1535,1054,1030
Line 611,2022,11,1341,1012,817
Line 611,2022,12,1315,944,802
Line 611,2023,1,1330,904,798
Line 611,2023,2,1372,913,900
Line 611,2023,3,1327,1044,925
Line 611,2023,4,1435,1135,923
Line 611,2023,5,1465,1022,930
Line 611,2023,6,1460,1027,895
Line 611,2023,7,1386,984,811
Line 611,2023,8,1451,988,855
Line 611,2023,9,1512,953,906
Line 611,2023,10,1499,943,960
Line 611,2023,11,1387,950,884
Line 611,2023,12,1344,907,720
Line 611,2024,1,1261,938,758
Line 611,2024,2,1264,955,787
Line 611,2024,3,1329,901,900
Line 611,2024,4,1422,1004,863
Line 611,2024,5,1482,1134,923
Line 611,2024,6,1451,1072,967
Line 611,2024,7,1339,976,861
Line 611,2024,8,1458,1082,998
Line 611,2024,9,1462,987,877
Line 611,2024,10,1473,1059,968
Line 611,2024,11,1393,979,790
Line 611,2024,12,1313,971,830
Line 611,2025,1,1306,976,782
Line 611,2025,2,1273,1043,841
Line 611,2025,3,1313,1027,905
Line 611,2025,4,1325,956,904
Line 611,2025,5,1403,920,865
Line 611,2025,6,1111,748,826
Line 611,2025,7,1053,773,668
Line 611,2025,8,1210,929,776
Line 611,2025,9,1280,912,777
Line 611,2025,10,1260,944,831
Line 611,2025,11,1163,786,740
Line 611,2025,12,1129,924,716
Line 611,2026,1,1117,792,689
Line 611,2026,2,1214,885,793
Line 611,2026,3,1277,929,834
Line 611,2026,4,1299,921,784
Line 611,2026,5,1337,968,819
Line 612,2018,4,1187,917,955
Line 612,2018,5,1206,925,812
Line 612,2018,6,1155,910,837
Line 612,2018,7,1128,875,826
Line 612,2018,8,1188,953,903
Line 612,2018,9,1258,985,865
Line 612,2018,10,1290,932,921
Line 612,2018,11,1180,904,857
Line 612,2018,12,1050,892,774
Line 612,2019,1,1026,816,744
Line 612,2019,2,1088,731,688
Line 612,2019,3,1153,780,847
Line 612,2019,4,1175,894,815
Line 612,2019,5,1181,914,740
Line 612,2019,6,1157,918,872
Line 612,2019,7,1101,871,755
Line 612,2019,8,1136,922,820
Line 612,2019,9,1196,996,831
Line 612,2019,10,1215,945,857
Line 612,2019,11,1136,876,753
Line 612,2019,12,1002,834,677
Line 612,2020,1,1071,832,707
Line 612,2020,2,1143,845,758
Line 612,2020,3,780,535,600
Line 612,2020,4,444,423,330
Line 612,2020,5,520,495,378
Line 612,2020,6,684,516,522
Line 612,2020,7,735,641,719
Line 612,2020,8,775,750,571
Line 612,2020,9,776,710,603
Line 612,2020,10,784,759,700
Line 612,2020,11,774,661,560
Line 612,2020,12,753,633,532
Line 612,2021,1,0,0,0
Line 612,2021,2,0,0,0
Line 612,2021,3,0,0,0
Line 612,2021,4,0,0,0
Line 612,2021,5,0,0,0
Line 612,2021,6,0,0,0
Line 612,2021,7,0,0,0
Line 612,2021,8,0,0,0
Line 612,2021,9,0,0,0
Line 612,2021,10,0,0,0
Line 612,2021,11,0,0,0
Line 612,2021,12,0,0,0
Line 612,2022,1,0,0,0
Line 612,2022,2,0,0,0
Line 612,2022,3,0,0,0
Line 612,2022,4,0,0,0
Line 612,2022,5,0,0,0
Line 612,2022,6,0,0,0
Line 612,2022,7,0,0,0
Line 612,2022,8,0,0,0
Line 612,2022,9,0,0,0
Line 612,2022,10,0,0,0
Line 612,2022,11,0,0,0
Line 612,2022,12,0,0,0
Line 612,2023,1,0,0,0
Line 612,2023,2,0,0,0
Line 612,2023,3,0,0,0
Line 612,2023,4,0,0,0
Line 612,2023,5,0,0,0
Line 612,2023,6,0,0,0
Line 612,2023,7,0,0,0
Line 612,2023,8,0,0,0
Line 612,2023,9,0,0,0
Line 612,2023,10,0,0,0
Line 612,2023,11,0,0,0
Line 612,2023,12,0,0,0
Line 612,2024,1,0,0,0
Line 612,2024,2,0,0,0
Line 612,2024,3,0,0,0
Line 612,2024,4,0,0,0
Line 612,2024,5,0,0,0
Line 612,2024,6,0,0,0
Line 612,2024,7,0,0,0
Line 612,2024,8,0,0,0
Line 612,2024,9,0,0,0
Line 612,2024,10,0,0,0
Line 612,2024,11,0,0,0
Line 612,2024,12,0,0,0
Line 612,2025,1,0,0,0
Line 612,2025,2,0,0,0
Line 612,2025,3,0,0,0
Line 612,2025,4,0,0,0
Line 612,2025,5,0,0,0
Line 612,2025,6,0,0,0
Line 617,2018,7,0,0,0
Line 617,2018,8,0,0,0
Line 617,2018,9,0,0,0
Line 617,2018,10,0,0,0
Line 617,2018,11,0,0,0
Line 617,2018,12,0,0,0
Line 617,2019,1,0,0,0
Line 617,2019,2,0,0,0
Line 617,2019,3,0,0,0
Line 617,2019,4,0,0,0
Line 617,2019,5,0,0,0
Line 617,2019,6,0,0,0
Line 617,2019,7,0,0,0
Line 617,2019,8,0,0,0
Line 617,2019,9,0,0,0
Line 617,2019,10,0,0,0
Line 617,2019,11,0,0,0
Line 617,2019,12,0,0,0
Line 617,2020,1,0,0,0
Line 617,2020,2,0,0,0
Line 617,2020,3,0,0,0
Line 617,2020,4,0,0,0
Line 617,2020,5,0,0,0
Line 617,2020,6,0,0,0
Line 617,2020,7,0,0,0
Line 617,2020,8,0,0,0
Line 617,2020,9,0,0,0
Line 617,2020,10,0,0,0
Line 617,2020,11,0,0,0
Line 617,2020,12,0,0,0
Line 617,2021,1,0,0,0
Line 617,2021,2,0,0,0
Line 617,2021,3,0,0,0
Line 617,2021,4,0,0,0
Line 617,2021,5,0,0,0
Line 617,2021,6,0,0,0
Line 617,2021,7,572,263,257
Line 617,2021,8,603,317,284
Line 617,2021,9,667,298,270
Line 617,2021,10,645,327,293
Line 617,2021,11,618,337,294
Line 617,2021,12,535,0,287
Line 617,2022,1,480,244,219
Line 617,2022,2,526,324,182
Line 617,2022,3,449,282,236
Line 617,2022,4,445,274,194
Line 617,2022,5,476,261,276
Line 617,2022,6,445,301,253
Line 617,2022,7,459,298,231
Line 617,2022,8,456,321,266
Line 617,2022,9,485,279,267
Line 617,2022,10,500,259,264
Line 617,2022,11,446,261,232
Line 617,2022,12,463,257,233
Line 617,2023,1,500,282,240
Line 617,2023,2,550,283,242
Line 617,2023,3,535,290,269
Line 617,2023,4,574,323,272
Line 617,2023,5,565,298,261
Line 617,2023,6,549,319,291
Line 617,2023,7,570,303,294
Line 617,2023,8,602,326,254
Line 617,2023,9,623,310,305
Line 617,2023,10,654,326,282
Line 617,2023,11,630,333,275
Line 617,2023,12,608,302,235
Line 617,2024,1,550,275,255
Line 617,2024,2,579,316,249
Line 617,2024,3,611,299,280
Line 617,2024,4,635,308,283
Line 617,2024,5,678,339,314
Line 617,2024,6,676,328,335
Line 617,2024,7,634,326,284
Line 617,2024,8,669,350,347
Line 617,2024,9,710,329,338
Line 617,2024,10,683,331,352
Line 617,2024,11,641,335,298
Line 617,2024,12,603,271,268
Line 617,2025,1,610,260,239
Line 617,2025,2,621,349,296
Line 617,2025,3,619,317,321
Line 617,2025,4,650,322,296
Line 617,2025,5,687,321,326
Line 617,2025,6,636,346,332
Line 617,2025,7,605,307,280
Line 617,2025,8,662,314,318
Line 617,2025,9,673,306,288
Line 617,2025,10,706,376,360
Line 617,2025,11,660,287,291
Line 617,2025,12,615,300,174
Line 617,2026,1,589,321,266
Line 617,2026,2,641,347,285
Line 617,2026,3,688,306,306
Line 617,2026,4,674,303,300
Line 617,2026,5,711,345,300
Line 625,2018,4,345,null,null
Line 625,2018,5,366,null,null
Line 625,2018,6,377,null,null
Line 625,2018,7,374,0,0
Line 625,2018,8,365,0,0
Line 625,2018,9,343,0,0
Line 625,2018,10,373,0,0
Line 625,2018,11,319,0,0
Line 625,2018,12,320,0,0
Line 625,2019,1,314,0,0
Line 625,2019,2,324,0,0
Line 625,2019,3,297,0,0
Line 625,2019,4,321,0,0
Line 625,2019,5,334,0,0
Line 625,2019,6,321,0,0
Line 625,2019,7,330,0,0
Line 625,2019,8,289,0,0
Line 625,2019,9,301,0,0
Line 625,2019,10,302,0,0
Line 625,2019,11,289,0,0
Line 625,2019,12,254,0,0
Line 625,2020,1,272,0,0
Line 625,2020,2,255,0,0
Line 625,2020,3,220,0,0
Line 625,2020,4,84,0,0
Line 625,2020,5,61,0,0
Line 625,2020,6,66,0,0
Line 625,2020,7,51,0,0
Line 625,2020,8,63,0,0
Line 625,2020,9,57,0,0
Line 625,2020,10,70,0,0
Line 625,2020,11,61,0,0
Line 625,2020,12,62,0,0
Line 625,2021,1,0,0,0
Line 625,2021,2,0,0,0
Line 625,2021,3,0,0,0
Line 625,2021,4,0,0,0
Line 625,2021,5,0,0,0
Line 625,2021,6,0,0,0
Line 625,2021,7,0,0,0
Line 625,2021,8,0,0,0
Line 625,2021,9,0,0,0
Line 625,2021,10,0,0,0
Line 625,2021,11,0,0,0
Line 625,2021,12,0,0,0
Line 625,2022,1,0,0,0
Line 625,2022,2,0,0,0
Line 625,2022,3,0,0,0
Line 625,2022,4,0,0,0
Line 625,2022,5,0,0,0
Line 625,2022,6,0,0,0
Line 625,2022,7,0,0,0
Line 625,2022,8,0,0,0
Line 625,2022,9,0,0,0
Line 625,2022,10,0,0,0
Line 625,2022,11,0,0,0
Line 625,2022,12,0,0,0
Line 625,2023,1,0,0,0
Line 625,2023,2,0,0,0
Line 625,2023,3,0,0,0
Line 625,2023,4,0,0,0
Line 625,2023,5,0,0,0
Line 625,2023,6,0,0,0
Line 625,2023,7,0,0,0
Line 625,2023,8,0,0,0
Line 625,2023,9,0,0,0
Line 625,2023,10,0,0,0
Line 625,2023,11,0,0,0
Line 625,2023,12,0,0,0
Line 625,2024,1,0,0,0
Line 625,2024,2,0,0,0
Line 625,2024,3,0,0,0
Line 625,2024,4,0,0,0
Line 625,2024,5,0,0,0
Line 625,2024,6,0,0,0
Line 625,2024,7,0,0,0
Line 625,2024,8,0,0,0
Line 625,2024,9,0,0,0
Line 625,2024,10,0,0,0
Line 625,2024,11,0,0,0
Line 625,2024,12,0,0,0
Line 625,2025,1,0,0,0
Line 625,2025,2,0,0,0
Line 625,2025,3,0,0,0
Line 625,2025,4,0,0,0
Line 625,2025,5,0,0,0
Line 625,2025,6,0,0,0
Line 660,2018,7,0,0,0
Line 660,2018,8,0,0,0
Line 660,2018,9,0,0,0
Line 660,2018,10,0,0,0
Line 660,2018,11,0,0,0
Line 660,2018,12,0,0,0
Line 660,2019,1,0,0,0
Line 660,2019,2,0,0,0
Line 660,2019,3,0,0,0
Line 660,2019,4,0,0,0
Line 660,2019,5,0,0,0
Line 660,2019,6,0,0,0
Line 660,2019,7,0,0,0
Line 660,2019,8,0,0,0
Line 660,2019,9,0,0,0
Line 660,2019,10,0,0,0
Line 660,2019,11,0,0,0
Line 660,2019,12,0,0,0
Line 660,2020,1,0,0,0
Line 660,2020,2,0,0,0
Line 660,2020,3,0,0,0
Line 660,2020,4,0,0,0
Line 660,2020,5,0,0,0
Line 660,2020,6,0,0,0
Line 660,2020,7,0,0,0
Line 660,2020,8,0,0,0
Line 660,2020,9,0,0,0
Line 660,2020,10,0,0,0
Line 660,2020,11,0,0,0
Line 660,2020,12,0,0,0
Line 660,2021,1,0,0,0
Line 660,2021,2,0,0,0
Line 660,2021,3,0,0,0
Line 660,2021,4,0,0,0
Line 660,2021,5,0,0,0
Line 660,2021,6,0,0,0
Line 660,2021,7,0,0,0
Line 660,2021,8,0,0,0
Line 660,2021,9,0,0,0
Line 660,2021,10,0,0,0
Line 660,2021,11,0,0,0
Line 660,2021,12,334,0,478
Line 660,2022,1,673,779,678
Line 660,2022,2,679,732,681
Line 660,2022,3,682,761,737
Line 660,2022,4,694,800,684
Line 660,2022,5,721,733,715
Line 660,2022,6,700,766,758
Line 660,2022,7,804,892,743
Line 660,2022,8,751,849,704
Line 660,2022,9,815,813,792
Line 660,2022,10,872,817,766
Line 660,2022,11,758,836,719
Line 660,2022,12,751,783,581
Line 660,2023,1,703,739,673
Line 660,2023,2,701,723,670
Line 660,2023,3,677,728,702
Line 660,2023,4,750,852,705
Line 660,2023,5,736,842,727
Line 660,2023,6,722,824,583
Line 660,2023,7,719,839,700
Line 660,2023,8,754,799,612
Line 660,2023,9,787,811,800
Line 660,2023,10,783,794,741
Line 660,2023,11,765,763,773
Line 660,2023,12,754,750,663
Line 660,2024,1,718,824,755
Line 660,2024,2,687,783,654
Line 660,2024,3,761,691,737
Line 660,2024,4,733,751,698
Line 660,2024,5,812,882,846
Line 660,2024,6,854,879,757
Line 660,2024,7,803,822,836
Line 660,2024,8,809,852,842
Line 660,2024,9,798,839,820
Line 660,2024,10,818,943,792
Line 660,2024,11,772,797,688
Line 660,2024,12,823,701,714
Line 660,2025,1,583,767,625
Line 660,2025,2,507,643,576
Line 660,2025,3,515,606,556
Line 660,2025,4,533,661,596
Line 660,2025,5,559,690,557
Line 660,2025,6,524,680,589
Line 660,2025,7,492,588,509
Line 660,2025,8,506,574,528
Line 660,2025,9,517,572,530
Line 660,2025,10,529,598,510
Line 660,2025,11,489,588,505
Line 660,2025,12,978,1232,1105
Line 660,2026,1,534,537,459
Line 660,2026,2,528,476,503
Line 660,2026,3,560,553,501
Line 660,2026,4,593,589,480
Line 660,2026,5,600,655,560
Line 662,2018,7,0,0,0
Line 662,2018,8,0,0,0
Line 662,2018,9,0,0,0
Line 662,2018,10,0,0,0
Line 662,2018,11,0,0,0
Line 662,2018,12,0,0,0
Line 662,2019,1,0,0,0
Line 662,2019,2,0,0,0
Line 662,2019,3,0,0,0
Line 662,2019,4,0,0,0
Line 662,2019,5,0,0,0
Line 662,2019,6,0,0,0
Line 662,2019,7,0,0,0
Line 662,2019,8,0,0,0
Line 662,2019,9,0,0,0
Line 662,2019,10,0,0,0
Line 662,2019,11,0,0,0
Line 662,2019,12,0,0,0
Line 662,2020,1,0,0,0
Line 662,2020,2,0,0,0
Line 662,2020,3,0,0,0
Line 662,2020,4,0,0,0
Line 662,2020,5,0,0,0
Line 662,2020,6,0,0,0
Line 662,2020,7,0,0,0
Line 662,2020,8,0,0,0
Line 662,2020,9,0,0,0
Line 662,2020,10,0,0,0
Line 662,2020,11,0,0,0
Line 662,2020,12,0,0,0
Line 662,2021,1,0,0,0
Line 662,2021,2,0,0,0
Line 662,2021,3,0,0,0
Line 662,2021,4,0,0,0
Line 662,2021,5,0,0,0
Line 662,2021,6,0,0,0
Line 662,2021,7,1228,1181,975
Line 662,2021,8,1559,1270,1082
Line 662,2021,9,1757,1288,1160
Line 662,2021,10,1747,1331,1211
Line 662,2021,11,1692,1294,1113
Line 662,2021,12,1513,0,1060
Line 662,2022,1,1402,1096,995
Line 662,2022,2,1330,1110,829
Line 662,2022,3,1071,898,745
Line 662,2022,4,1063,916,758
Line 662,2022,5,1108,942,789
Line 662,2022,6,1020,935,855
Line 662,2022,7,1080,961,803
Line 662,2022,8,1175,964,772
Line 662,2022,9,1232,944,813
Line 662,2022,10,1287,893,800
Line 662,2022,11,1153,975,764
Line 662,2022,12,1283,955,781
Line 662,2023,1,1407,1032,865
Line 662,2023,2,1527,1136,993
Line 662,2023,3,1523,1323,1070
Line 662,2023,4,1643,1313,1040
Line 662,2023,5,1733,1339,1119
Line 662,2023,6,1551,1383,1225
Line 662,2023,7,1588,1323,1118
Line 662,2023,8,1773,1405,984
Line 662,2023,9,2055,1326,1213
Line 662,2023,10,2045,1466,1228
Line 662,2023,11,1864,1477,1279
Line 662,2023,12,1847,1417,1105
Line 662,2024,1,1853,1332,1123
Line 662,2024,2,1889,1574,1210
Line 662,2024,3,2120,1341,1280
Line 662,2024,4,2109,1481,1278
Line 662,2024,5,2170,1561,1328
Line 662,2024,6,1906,1609,1353
Line 662,2024,7,1803,1515,1287
Line 662,2024,8,2002,1589,1309
Line 662,2024,9,2196,1604,1363
Line 662,2024,10,2233,1512,1377
Line 662,2024,11,2051,1609,1300
Line 662,2024,12,2090,1595,1170
Line 662,2025,1,1265,1014,923
Line 662,2025,2,1447,1122,1028
Line 662,2025,3,1469,1210,1001
Line 662,2025,4,1487,1194,1008
Line 662,2025,5,1571,1210,1005
Line 662,2025,6,1308,1096,984
Line 662,2025,7,1194,935,911
Line 662,2025,8,1323,1028,945
Line 662,2025,9,1476,989,942
Line 662,2025,10,1487,1040,922
Line 662,2025,11,1305,913,871
Line 662,2025,12,1495,1219,955
Line 662,2026,1,1490,1058,905
Line 662,2026,2,1546,1156,1004
Line 662,2026,3,1740,1189,1131
Line 662,2026,4,1691,1257,1040
Line 662,2026,5,1813,1298,1166
Line 665,2018,4,736,240,191
Line 665,2018,5,681,208,190
Line 665,2018,6,547,176,160
Line 665,2018,7,483,204,169
Line 665,2018,8,664,198,178
Line 665,2018,9,817,229,168
Line 665,2018,10,800,223,195
Line 665,2018,11,707,219,179
Line 665,2018,12,534,214,177
Line 665,2019,1,526,193,138
Line 665,2019,2,652,173,158
Line 665,2019,3,682,197,159
Line 665,2019,4,619,194,160
Line 665,2019,5,626,198,133
Line 665,2019,6,528,184,162
Line 665,2019,7,504,181,138
Line 665,2019,8,638,212,145
Line 665,2019,9,849,221,138
Line 665,2019,10,819,229,146
Line 665,2019,11,699,199,122
Line 665,2019,12,594,207,129
Line 665,2020,1,572,189,147
Line 665,2020,2,759,204,140
Line 665,2020,3,480,164,143
Line 665,2020,4,142,97,58
Line 665,2020,5,118,140,134
Line 665,2020,6,137,126,124
Line 665,2020,7,137,156,184
Line 665,2020,8,144,168,133
Line 665,2020,9,150,141,142
Line 665,2020,10,140,143,140
Line 665,2020,11,144,152,127
Line 665,2020,12,144,145,110
Line 665,2021,1,133,149,137
Line 665,2021,2,140,158,152
Line 665,2021,3,163,164,157
Line 665,2021,4,170,143,144
Line 665,2021,5,175,174,150
Line 665,2021,6,171,194,138
Line 665,2021,7,202,187,181
Line 665,2021,8,308,198,176
Line 665,2021,9,405,195,171
Line 665,2021,10,400,198,154
Line 665,2021,11,374,224,164
Line 665,2021,12,305,0,164
Line 665,2022,1,235,186,165
Line 665,2022,2,324,168,135
Line 665,2022,3,328,205,188
Line 665,2022,4,327,189,181
Line 665,2022,5,303,201,157
Line 665,2022,6,248,208,164
Line 665,2022,7,212,174,140
Line 665,2022,8,299,169,171
Line 665,2022,9,361,171,153
Line 665,2022,10,356,191,176
Line 665,2022,11,305,157,183
Line 665,2022,12,259,114,154
Line 665,2023,1,230,100,128
Line 665,2023,2,307,186,148
Line 665,2023,3,229,101,123
Line 665,2023,4,262,124,151
Line 665,2023,5,282,145,160
Line 665,2023,6,214,162,135
Line 665,2023,7,343,263,326
Line 665,2023,8,404,300,280
Line 665,2023,9,556,326,295
Line 665,2023,10,580,348,279
Line 665,2023,11,515,352,265
Line 665,2023,12,464,252,271
Line 665,2024,1,422,257,261
Line 665,2024,2,502,371,285
Line 665,2024,3,546,289,287
Line 665,2024,4,586,371,265
Line 665,2024,5,554,346,305
Line 665,2024,6,474,378,315
Line 665,2024,7,447,342,304
Line 665,2024,8,557,383,277
Line 665,2024,9,682,387,317
Line 665,2024,10,682,410,317
Line 665,2024,11,610,375,317
Line 665,2024,12,568,313,198
Line 665,2025,1,682,329,256
Line 665,2025,2,731,418,335
Line 665,2025,3,734,400,345
Line 665,2025,4,715,383,335
Line 665,2025,5,760,417,358
Line 665,2025,6,597,362,339
Line 665,2025,7,577,311,271
Line 665,2025,8,710,338,315
Line 665,2025,9,929,364,297
Line 665,2025,10,930,406,275
Line 665,2025,11,787,345,323
Line 665,2025,12,742,274,278
Line 665,2026,1,698,335,293
Line 665,2026,2,781,359,263
Line 665,2026,3,827,359,294
Line 665,2026,4,822,354,310
Line 665,2026,5,799,385,304
Line 685,2018,4,518,null,null
Line 685,2018,5,556,null,null
Line 685,2018,6,472,null,null
Line 685,2018,7,420,0,0
Line 685,2018,8,431,0,0
Line 685,2018,9,583,0,0
Line 685,2018,10,578,0,0
Line 685,2018,11,511,0,0
Line 685,2018,12,391,0,0
Line 685,2019,1,394,0,0
Line 685,2019,2,453,0,0
Line 685,2019,3,545,0,0
Line 685,2019,4,505,0,0
Line 685,2019,5,547,0,0
Line 685,2019,6,451,0,0
Line 685,2019,7,392,0,0
Line 685,2019,8,374,0,0
Line 685,2019,9,593,0,0
Line 685,2019,10,612,0,0
Line 685,2019,11,542,0,0
Line 685,2019,12,454,0,0
Line 685,2020,1,431,0,0
Line 685,2020,2,509,0,0
Line 685,2020,3,389,0,0
Line 685,2020,4,168,0,0
Line 685,2020,5,131,0,0
Line 685,2020,6,141,0,0
Line 685,2020,7,126,0,0
Line 685,2020,8,135,0,0
Line 685,2020,9,134,0,0
Line 685,2020,10,152,0,0
Line 685,2020,11,139,0,0
Line 685,2020,12,141,0,0
Line 685,2021,1,121,0,0
Line 685,2021,2,128,0,0
Line 685,2021,3,122,0,0
Line 685,2021,4,141,0,0
Line 685,2021,5,147,0,0
Line 685,2021,6,163,0,0
Line 685,2021,7,0,0,0
Line 685,2021,8,0,0,0
Line 685,2021,9,0,0,0
Line 685,2021,10,0,0,0
Line 685,2021,11,0,0,0
Line 685,2021,12,0,0,0
Line 685,2022,1,0,0,0
Line 685,2022,2,0,0,0
Line 685,2022,3,0,0,0
Line 685,2022,4,0,0,0
Line 685,2022,5,0,0,0
Line 685,2022,6,0,0,0
Line 685,2022,7,0,0,0
Line 685,2022,8,0,0,0
Line 685,2022,9,0,0,0
Line 685,2022,10,0,0,0
Line 685,2022,11,0,0,0
Line 685,2022,12,0,0,0
Line 685,2023,1,0,0,0
Line 685,2023,2,0,0,0
Line 685,2023,3,0,0,0
Line 685,2023,4,0,0,0
Line 685,2023,5,0,0,0
Line 685,2023,6,0,0,0
Line 685,2023,7,0,0,0
Line 685,2023,8,0,0,0
Line 685,2023,9,0,0,0
Line 685,2023,10,0,0,0
Line 685,2023,11,0,0,0
Line 685,2023,12,0,0,0
Line 685,2024,1,0,0,0
Line 685,2024,2,0,0,0
Line 685,2024,3,0,0,0
Line 685,2024,4,0,0,0
Line 685,2024,5,0,0,0
Line 685,2024,6,0,0,0
Line 685,2024,7,0,0,0
Line 685,2024,8,0,0,0
Line 685,2024,9,0,0,0
Line 685,2024,10,0,0,0
Line 685,2024,11,0,0,0
Line 685,2024,12,0,0,0
Line 685,2025,1,0,0,0
Line 685,2025,2,0,0,0
Line 685,2025,3,0,0,0
Line 685,2025,4,0,0,0
Line 685,2025,5,0,0,0
Line 685,2025,6,0,0,0
Line 687,2018,4,1324,667,578
Line 687,2018,5,1304,614,565
Line 687,2018,6,1182,654,606
Line 687,2018,7,1169,664,565
Line 687,2018,8,1217,626,564
Line 687,2018,9,1323,679,533
Line 687,2018,10,1319,655,528
Line 687,2018,11,1250,656,588
Line 687,2018,12,1094,624,512
Line 687,2019,1,1078,554,499
Line 687,2019,2,1152,538,435
Line 687,2019,3,1214,602,526
Line 687,2019,4,1244,597,507
Line 687,2019,5,1203,610,481
Line 687,2019,6,1145,627,500
Line 687,2019,7,1090,571,586
Line 687,2019,8,1157,635,549
Line 687,2019,9,1290,642,546
Line 687,2019,10,1306,678,577
Line 687,2019,11,1197,659,522
Line 687,2019,12,1067,611,481
Line 687,2020,1,1067,603,494
Line 687,2020,2,1192,620,466
Line 687,2020,3,853,413,394
Line 687,2020,4,380,269,157
Line 687,2020,5,318,300,235
Line 687,2020,6,363,307,323
Line 687,2020,7,437,350,383
Line 687,2020,8,417,353,300
Line 687,2020,9,409,352,373
Line 687,2020,10,394,502,322
Line 687,2020,11,428,371,289
Line 687,2020,12,442,371,327
Line 687,2021,1,347,371,238
Line 687,2021,2,390,375,296
Line 687,2021,3,417,284,293
Line 687,2021,4,456,360,351
Line 687,2021,5,496,420,354
Line 687,2021,6,573,504,357
Line 687,2021,7,0,0,0
Line 687,2021,8,0,0,0
Line 687,2021,9,0,0,0
Line 687,2021,10,0,0,0
Line 687,2021,11,0,0,0
Line 687,2021,12,0,0,0
Line 687,2022,1,0,0,0
Line 687,2022,2,0,0,0
Line 687,2022,3,0,0,0
Line 687,2022,4,0,0,0
Line 687,2022,5,0,0,0
Line 687,2022,6,0,0,0
Line 687,2022,7,0,0,0
Line 687,2022,8,0,0,0
Line 687,2022,9,0,0,0
Line 687,2022,10,0,0,0
Line 687,2022,11,0,0,0
Line 687,2022,12,0,0,0
Line 687,2023,1,0,0,0
Line 687,2023,2,0,0,0
Line 687,2023,3,0,0,0
Line 687,2023,4,0,0,0
Line 687,2023,5,0,0,0
Line 687,2023,6,0,0,0
Line 687,2023,7,0,0,0
Line 687,2023,8,0,0,0
Line 687,2023,9,0,0,0
Line 687,2023,10,0,0,0
Line 687,2023,11,0,0,0
Line 687,2023,12,0,0,0
Line 687,2024,1,0,0,0
Line 687,2024,2,0,0,0
Line 687,2024,3,0,0,0
Line 687,2024,4,0,0,0
Line 687,2024,5,0,0,0
Line 687,2024,6,0,0,0
Line 687,2024,7,0,0,0
Line 687,2024,8,0,0,0
Line 687,2024,9,0,0,0
Line 687,2024,10,0,0,0
Line 687,2024,11,0,0,0
Line 687,2024,12,0,0,0
Line 687,2025,1,0,0,0
Line 687,2025,2,0,0,0
Line 687,2025,3,0,0,0
Line 687,2025,4,0,0,0
Line 687,2025,5,0,0,0
Line 687,2025,6,0,0,0
Line 690,2018,7,0,0,0
Line 690,2018,8,0,0,0
Line 690,2018,9,0,0,0
Line 690,2018,10,0,0,0
Line 690,2018,11,0,0,0
Line 690,2018,12,0,0,0
Line 690,2019,1,0,0,0
Line 690,2019,2,0,0,0
Line 690,2019,3,0,0,0
Line 690,2019,4,0,0,0
Line 690,2019,5,0,0,0
Line 690,2019,6,0,0,0
Line 690,2019,7,0,0,0
Line 690,2019,8,0,0,0
Line 690,2019,9,0,0,0
Line 690,2019,10,0,0,0
Line 690,2019,11,0,0,0
Line 690,2019,12,0,0,0
Line 690,2020,1,0,0,0
Line 690,2020,2,0,0,0
Line 690,2020,3,0,0,0
Line 690,2020,4,0,0,0
Line 690,2020,5,0,0,0
Line 690,2020,6,0,0,0
Line 690,2020,7,0,0,0
Line 690,2020,8,0,0,0
Line 690,2020,9,0,0,0
Line 690,2020,10,0,0,0
Line 690,2020,11,0,0,0
Line 690,2020,12,0,0,0
Line 690,2021,1,0,0,0
Line 690,2021,2,0,0,0
Line 690,2021,3,0,0,0
Line 690,2021,4,0,0,0
Line 690,2021,5,0,0,0
Line 690,2021,6,0,0,0
Line 690,2021,7,1271,775,681
Line 690,2021,8,1383,865,705
Line 690,2021,9,1553,937,792
Line 690,2021,10,1547,992,784
Line 690,2021,11,1570,1054,798
Line 690,2021,12,1355,0,857
Line 690,2022,1,1272,830,717
Line 690,2022,2,1277,795,609
Line 690,2022,3,1229,743,613
Line 690,2022,4,1236,753,575
Line 690,2022,5,1277,718,598
Line 690,2022,6,1253,826,646
Line 690,2022,7,1212,779,625
Line 690,2022,8,1254,755,619
Line 690,2022,9,1335,772,658
Line 690,2022,10,1247,705,589
Line 690,2022,11,771,403,317
Line 690,2022,12,702,361,321
Line 690,2023,1,730,383,354
Line 690,2023,2,794,447,403
Line 690,2023,3,780,423,409
Line 690,2023,4,879,507,433
Line 690,2023,5,941,535,444
Line 690,2023,6,880,601,444
Line 690,2023,7,863,564,458
Line 690,2023,8,946,566,412
Line 690,2023,9,1021,581,472
Line 690,2023,10,1046,636,413
Line 690,2023,11,956,528,446
Line 690,2023,12,899,506,405
Line 690,2024,1,962,480,409
Line 690,2024,2,933,585,311
Line 690,2024,3,1045,544,523
Line 690,2024,4,1119,634,459
Line 690,2024,5,1159,623,471
Line 690,2024,6,1104,676,543
Line 690,2024,7,993,659,512
Line 690,2024,8,1105,696,555
Line 690,2024,9,1248,715,540
Line 690,2024,10,1243,636,547
Line 690,2024,11,1116,661,515
Line 690,2024,12,1066,588,456
Line 690,2025,1,1040,651,431
Line 690,2025,2,1075,622,555
Line 690,2025,3,1130,602,535
Line 690,2025,4,1170,625,503
Line 690,2025,5,1266,664,566
Line 690,2025,6,1073,704,515
Line 690,2025,7,972,527,522
Line 690,2025,8,1058,636,513
Line 690,2025,9,1136,621,479
Line 690,2025,10,1148,589,398
Line 690,2025,11,1038,568,459
Line 690,2025,12,1029,511,444
Line 690,2026,1,1013,529,402
Line 690,2026,2,1088,591,470
Line 690,2026,3,1147,583,456
Line 690,2026,4,1138,628,422
Line 690,2026,5,1186,712,518
Line 704,2018,4,10580,7366,6473
Line 704,2018,5,10583,7226,6445
Line 704,2018,6,10653,7228,6996
Line 704,2018,7,10242,7123,6481
Line 704,2018,8,10672,7157,6964
Line 704,2018,9,10814,7611,6697
Line 704,2018,10,10612,7173,6567
Line 704,2018,11,9855,6780,6002
Line 704,2018,12,9193,6767,5716
Line 704,2019,1,9366,6235,5881
Line 704,2019,2,9869,6127,5399
Line 704,2019,3,10190,6680,6136
Line 704,2019,4,10266,6909,6396
Line 704,2019,5,10566,7164,6178
Line 704,2019,6,10324,6939,6993
Line 704,2019,7,10412,7430,7101
Line 704,2019,8,10927,8030,7200
Line 704,2019,9,11154,7566,6943
Line 704,2019,10,11029,7659,7335
Line 704,2019,11,10198,7079,6102
Line 704,2019,12,9706,6825,5340
Line 704,2020,1,10025,6625,5835
Line 704,2020,2,10727,7027,6235
Line 704,2020,3,6889,4275,4299
Line 704,2020,4,3080,2596,2117
Line 704,2020,5,3138,2977,2634
Line 704,2020,6,3884,3777,3188
Line 704,2020,7,4010,3900,3994
Line 704,2020,8,4238,3931,3626
Line 704,2020,9,4423,4237,3560
Line 704,2020,10,4269,4274,3727
Line 704,2020,11,4173,3721,3163
Line 704,2020,12,3604,3413,3011
Line 704,2021,1,2989,2818,3109
Line 704,2021,2,3882,3641,3530
Line 704,2021,3,4408,4232,3486
Line 704,2021,4,4786,4198,3654
Line 704,2021,5,5029,4648,3910
Line 704,2021,6,5290,4829,4450
Line 704,2021,7,5239,4752,4311
Line 704,2021,8,5543,4719,4312
Line 704,2021,9,1852,2285,1619
Line 704,2021,10,0,0,0
Line 704,2021,11,0,0,0
Line 704,2021,12,0,0,0
Line 704,2022,1,0,0,0
Line 704,2022,2,0,0,0
Line 704,2022,3,0,0,0
Line 704,2022,4,0,0,0
Line 704,2022,5,0,0,0
Line 704,2022,6,0,0,0
Line 704,2022,7,0,0,0
Line 704,2022,8,0,0,0
Line 704,2022,9,0,0,0
Line 704,2022,10,0,0,0
Line 704,2022,11,0,0,0
Line 704,2022,12,0,0,0
Line 704,2023,1,0,0,0
Line 704,2023,2,0,0,0
Line 704,2023,3,0,0,0
Line 704,2023,4,0,0,0
Line 704,2023,5,0,0,0
Line 704,2023,6,0,0,0
Line 704,2023,7,0,0,0
Line 704,2023,8,0,0,0
Line 704,2023,9,0,0,0
Line 704,2023,10,0,0,0
Line 704,2023,11,0,0,0
Line 704,2023,12,0,0,0
Line 704,2024,1,0,0,0
Line 704,2024,2,0,0,0
Line 704,2024,3,0,0,0
Line 704,2024,4,0,0,0
Line 704,2024,5,0,0,0
Line 704,2024,6,0,0,0
Line 704,2024,7,0,0,0
Line 704,2024,8,0,0,0
Line 704,2024,9,0,0,0
Line 704,2024,10,0,0,0
Line 704,2024,11,0,0,0
Line 704,2024,12,0,0,0
Line 704,2025,1,0,0,0
Line 704,2025,2,0,0,0
Line 704,2025,3,0,0,0
Line 704,2025,4,0,0,0
Line 704,2025,5,0,0,0
Line 704,2025,6,0,0,0
Line 705,2018,4,5669,null,null
Line 705,2018,5,5795,null,null
Line 705,2018,6,5419,null,null
Line 705,2018,7,4933,0,0
Line 705,2018,8,5125,0,0
Line 705,2018,9,5639,0,0
Line 705,2018,10,5737,0,0
Line 705,2018,11,5464,0,0
Line 705,2018,12,5024,0,0
Line 705,2019,1,4998,0,0
Line 705,2019,2,5331,0,0
Line 705,2019,3,5397,0,0
Line 705,2019,4,5420,0,0
Line 705,2019,5,5686,0,0
Line 705,2019,6,5305,0,0
Line 705,2019,7,5209,0,0
Line 705,2019,8,5509,0,0
Line 705,2019,9,5928,0,0
Line 705,2019,10,5866,0,0
Line 705,2019,11,5569,0,0
Line 705,2019,12,5253,0,0
Line 705,2020,1,5404,0,0
Line 705,2020,2,5743,0,0
Line 705,2020,3,3651,0,0
Line 705,2020,4,1983,0,0
Line 705,2020,5,2698,0,0
Line 705,2020,6,2844,0,0
Line 705,2020,7,2027,0,0
Line 705,2020,8,2015,0,0
Line 705,2020,9,2123,0,0
Line 705,2020,10,2162,0,0
Line 705,2020,11,2138,0,0
Line 705,2020,12,1977,0,0
Line 705,2021,1,0,0,0
Line 705,2021,2,0,0,0
Line 705,2021,3,0,0,0
Line 705,2021,4,0,0,0
Line 705,2021,5,0,0,0
Line 705,2021,6,0,0,0
Line 705,2021,7,0,0,0
Line 705,2021,8,0,0,0
Line 705,2021,9,0,0,0
Line 705,2021,10,0,0,0
Line 705,2021,11,0,0,0
Line 705,2021,12,0,0,0
Line 705,2022,1,0,0,0
Line 705,2022,2,0,0,0
Line 705,2022,3,0,0,0
Line 705,2022,4,0,0,0
Line 705,2022,5,0,0,0
Line 705,2022,6,0,0,0
Line 705,2022,7,0,0,0
Line 705,2022,8,0,0,0
Line 705,2022,9,0,0,0
Line 705,2022,10,0,0,0
Line 705,2022,11,0,0,0
Line 705,2022,12,0,0,0
Line 705,2023,1,0,0,0
Line 705,2023,2,0,0,0
Line 705,2023,3,0,0,0
Line 705,2023,4,0,0,0
Line 705,2023,5,0,0,0
Line 705,2023,6,0,0,0
Line 705,2023,7,0,0,0
Line 705,2023,8,0,0,0
Line 705,2023,9,0,0,0
Line 705,2023,10,0,0,0
Line 705,2023,11,0,0,0
Line 705,2023,12,0,0,0
Line 705,2024,1,0,0,0
Line 705,2024,2,0,0,0
Line 705,2024,3,0,0,0
Line 705,2024,4,0,0,0
Line 705,2024,5,0,0,0
Line 705,2024,6,0,0,0
Line 705,2024,7,0,0,0
Line 705,2024,8,0,0,0
Line 705,2024,9,0,0,0
Line 705,2024,10,0,0,0
Line 705,2024,11,0,0,0
Line 705,2024,12,0,0,0
Line 705,2025,1,0,0,0
Line 705,2025,2,0,0,0
Line 705,2025,3,0,0,0
Line 705,2025,4,0,0,0
Line 705,2025,5,0,0,0
Line 705,2025,6,0,0,0
Line 710,2018,4,7248,4073,null
Line 710,2018,5,7544,3955,null
Line 710,2018,6,6825,3886,null
Line 710,2018,7,5922,3331,0
Line 710,2018,8,6338,3748,0
Line 710,2018,9,7088,3754,0
Line 710,2018,10,7001,3543,0
Line 710,2018,11,6559,3856,0
Line 710,2018,12,6074,3976,0
Line 710,2019,1,5835,3326,0
Line 710,2019,2,6387,3365,0
Line 710,2019,3,6707,3586,0
Line 710,2019,4,6480,3671,0
Line 710,2019,5,6736,3684,0
Line 710,2019,6,6568,3906,0
Line 710,2019,7,6131,3676,0
Line 710,2019,8,6201,4055,0
Line 710,2019,9,6742,3657,0
Line 710,2019,10,6804,3869,0
Line 710,2019,11,6213,3713,0
Line 710,2019,12,5739,3689,0
Line 710,2020,1,5937,3747,0
Line 710,2020,2,6488,3849,0
Line 710,2020,3,4352,2490,0
Line 710,2020,4,2056,1555,0
Line 710,2020,5,2484,0,0
Line 710,2020,6,2825,0,0
Line 710,2020,7,2679,0,0
Line 710,2020,8,2638,0,0
Line 710,2020,9,2691,0,0
Line 710,2020,10,2719,0,0
Line 710,2020,11,2740,0,0
Line 710,2020,12,2556,0,0
Line 710,2021,1,0,0,0
Line 710,2021,2,0,0,0
Line 710,2021,3,0,0,0
Line 710,2021,4,0,0,0
Line 710,2021,5,0,0,0
Line 710,2021,6,0,0,0
Line 710,2021,7,0,0,0
Line 710,2021,8,0,0,0
Line 710,2021,9,0,0,0
Line 710,2021,10,0,0,0
Line 710,2021,11,0,0,0
Line 710,2021,12,0,0,0
Line 710,2022,1,0,0,0
Line 710,2022,2,0,0,0
Line 710,2022,3,0,0,0
Line 710,2022,4,0,0,0
Line 710,2022,5,0,0,0
Line 710,2022,6,0,0,0
Line 710,2022,7,0,0,0
Line 710,2022,8,0,0,0
Line 710,2022,9,0,0,0
Line 710,2022,10,0,0,0
Line 710,2022,11,0,0,0
Line 710,2022,12,0,0,0
Line 710,2023,1,0,0,0
Line 710,2023,2,0,0,0
Line 710,2023,3,0,0,0
Line 710,2023,4,0,0,0
Line 710,2023,5,0,0,0
Line 710,2023,6,0,0,0
Line 710,2023,7,0,0,0
Line 710,2023,8,0,0,0
Line 710,2023,9,0,0,0
Line 710,2023,10,0,0,0
Line 710,2023,11,0,0,0
Line 710,2023,12,0,0,0
Line 710,2024,1,0,0,0
Line 710,2024,2,0,0,0
Line 710,2024,3,0,0,0
Line 710,2024,4,0,0,0
Line 710,2024,5,0,0,0
Line 710,2024,6,0,0,0
Line 710,2024,7,0,0,0
Line 710,2024,8,0,0,0
Line 710,2024,9,0,0,0
Line 710,2024,10,0,0,0
Line 710,2024,11,0,0,0
Line 710,2024,12,0,0,0
Line 710,2025,1,0,0,0
Line 710,2025,2,0,0,0
Line 710,2025,3,0,0,0
Line 710,2025,4,0,0,0
Line 710,2025,5,0,0,0
Line 710,2025,6,0,0,0
Line 720,2018,4,27387,17959,14079
Line 720,2018,5,27129,17596,14034
Line 720,2018,6,27249,17220,13811
Line 720,2018,7,26386,17600,14721
Line 720,2018,8,27113,17581,14620
Line 720,2018,9,27423,17952,14447
Line 720,2018,10,27973,18020,14316
Line 720,2018,11,27340,18044,14187
Line 720,2018,12,25828,18402,13389
Line 720,2019,1,26828,17240,13470
Line 720,2019,2,28085,17168,13477
Line 720,2019,3,28421,18025,14987
Line 720,2019,4,28945,18584,15035
Line 720,2019,5,28739,18416,14846
Line 720,2019,6,29028,19700,14880
Line 720,2019,7,29195,20269,16018
Line 720,2019,8,29521,20095,16102
Line 720,2019,9,29343,19313,15916
Line 720,2019,10,28937,19691,15525
Line 720,2019,11,27501,18780,14229
Line 720,2019,12,25808,18566,13477
Line 720,2020,1,26919,18737,13968
Line 720,2020,2,27756,18802,14464
Line 720,2020,3,19260,13289,10739
Line 720,2020,4,9797,7977,6526
Line 720,2020,5,11102,8944,8259
Line 720,2020,6,12462,10941,9220
Line 720,2020,7,13854,11600,11029
Line 720,2020,8,14282,11607,9863
Line 720,2020,9,14620,11952,9610
Line 720,2020,10,14743,12217,9484
Line 720,2020,11,14066,11178,9533
Line 720,2020,12,12751,10434,8310
Line 720,2021,1,12264,9896,8434
Line 720,2021,2,13531,10803,8827
Line 720,2021,3,13825,11434,9828
Line 720,2021,4,14811,11774,10133
Line 720,2021,5,15194,12472,10986
Line 720,2021,6,15789,13421,11006
Line 720,2021,7,16891,12643,10773
Line 720,2021,8,17833,12628,11081
Line 720,2021,9,18213,13162,11120
Line 720,2021,10,19187,13561,10884
Line 720,2021,11,19091,14093,11077
Line 720,2021,12,16959,0,10748
Line 720,2022,1,16633,12036,9909
Line 720,2022,2,17426,13058,10038
Line 720,2022,3,18311,12208,10487
Line 720,2022,4,18796,12885,10466
Line 720,2022,5,19580,12465,11089
Line 720,2022,6,19249,12894,11420
Line 720,2022,7,18658,12957,11081
Line 720,2022,8,19758,13119,11547
Line 720,2022,9,20771,13597,11639
Line 720,2022,10,20846,13439,11492
Line 720,2022,11,19403,12998,10907
Line 720,2022,12,18126,11724,10545
Line 720,2023,1,17979,12324,10987
Line 720,2023,2,19215,12599,11295
Line 720,2023,3,19198,13493,11298
Line 720,2023,4,20354,14588,12241
Line 720,2023,5,20251,14752,12305
Line 720,2023,6,19928,14594,12202
Line 720,2023,7,19899,14661,12093
Line 720,2023,8,20015,14771,10804
Line 720,2023,9,20390,13689,11641
Line 720,2023,10,20282,13656,10733
Line 720,2023,11,19820,14194,11357
Line 720,2023,12,18632,13891,10972
Line 720,2024,1,18850,13529,10755
Line 720,2024,2,18324,14273,10685
Line 720,2024,3,19903,13094,11344
Line 720,2024,4,20001,13985,11395
Line 720,2024,5,20099,14226,12406
Line 720,2024,6,19765,14178,12142
Line 720,2024,7,19811,14056,12179
Line 720,2024,8,20584,14875,12567
Line 720,2024,9,20932,14598,13084
Line 720,2024,10,20814,14894,11894
Line 720,2024,11,19871,13907,11757
Line 720,2024,12,19282,14544,11426
Line 720,2025,1,19065,13430,10840
Line 720,2025,2,19486,14557,12045
Line 720,2025,3,18991,13954,10790
Line 720,2025,4,19365,13587,10929
Line 720,2025,5,20396,14871,12309
Line 720,2025,6,19608,13177,11724
Line 720,2025,7,19094,13031,10967
Line 720,2025,8,17983,12709,10299
Line 720,2025,9,18714,12807,11080
Line 720,2025,10,18993,13330,11756
Line 720,2025,11,18145,12598,10546
Line 720,2025,12,18102,13295,11726
Line 720,2026,1,18606,12151,10509
Line 720,2026,2,18687,14266,11073
Line 720,2026,3,18970,13317,11152
Line 720,2026,4,19239,13190,10720
Line 720,2026,5,19049,13608,11220
Line 728,2018,4,5800,null,null
Line 728,2018,5,5749,null,null
Line 728,2018,6,5770,null,null
Line 728,2018,7,5609,0,0
Line 728,2018,8,5800,0,0
Line 728,2018,9,5801,0,0
Line 728,2018,10,5940,0,0
Line 728,2018,11,5668,0,0
Line 728,2018,12,5350,0,0
Line 728,2019,1,5274,0,0
Line 728,2019,2,5472,0,0
Line 728,2019,3,5527,0,0
Line 728,2019,4,5709,0,0
Line 728,2019,5,5790,0,0
Line 728,2019,6,5601,0,0
Line 728,2019,7,5714,0,0
Line 728,2019,8,5820,0,0
Line 728,2019,9,6079,0,0
Line 728,2019,10,5937,0,0
Line 728,2019,11,5722,0,0
Line 728,2019,12,5503,0,0
Line 728,2020,1,5626,0,0
Line 728,2020,2,5787,0,0
Line 728,2020,3,3427,0,0
Line 728,2020,4,1386,0,0
Line 728,2020,5,2291,0,0
Line 728,2020,6,2549,0,0
Line 728,2020,7,2078,0,0
Line 728,2020,8,2145,0,0
Line 728,2020,9,2075,0,0
Line 728,2020,10,2053,0,0
Line 728,2020,11,2062,0,0
Line 728,2020,12,1987,0,0
Line 728,2021,1,0,0,0
Line 728,2021,2,0,0,0
Line 728,2021,3,0,0,0
Line 728,2021,4,0,0,0
Line 728,2021,5,0,0,0
Line 728,2021,6,0,0,0
Line 728,2021,7,0,0,0
Line 728,2021,8,0,0,0
Line 728,2021,9,0,0,0
Line 728,2021,10,0,0,0
Line 728,2021,11,0,0,0
Line 728,2021,12,0,0,0
Line 728,2022,1,0,0,0
Line 728,2022,2,0,0,0
Line 728,2022,3,0,0,0
Line 728,2022,4,0,0,0
Line 728,2022,5,0,0,0
Line 728,2022,6,0,0,0
Line 728,2022,7,0,0,0
Line 728,2022,8,0,0,0
Line 728,2022,9,0,0,0
Line 728,2022,10,0,0,0
Line 728,2022,11,0,0,0
Line 728,2022,12,0,0,0
Line 728,2023,1,0,0,0
Line 728,2023,2,0,0,0
Line 728,2023,3,0,0,0
Line 728,2023,4,0,0,0
Line 728,2023,5,0,0,0
Line 728,2023,6,0,0,0
Line 728,2023,7,0,0,0
Line 728,2023,8,0,0,0
Line 728,2023,9,0,0,0
Line 728,2023,10,0,0,0
Line 728,2023,11,0,0,0
Line 728,2023,12,0,0,0
Line 728,2024,1,0,0,0
Line 728,2024,2,0,0,0
Line 728,2024,3,0,0,0
Line 728,2024,4,0,0,0
Line 728,2024,5,0,0,0
Line 728,2024,6,0,0,0
Line 728,2024,7,0,0,0
Line 728,2024,8,0,0,0
Line 728,2024,9,0,0,0
Line 728,2024,10,0,0,0
Line 728,2024,11,0,0,0
Line 728,2024,12,0,0,0
Line 728,2025,1,0,0,0
Line 728,2025,2,0,0,0
Line 728,2025,3,0,0,0
Line 728,2025,4,0,0,0
Line 728,2025,5,0,0,0
Line 728,2025,6,0,0,0
Line 733,2018,4,8349,6542,6039
Line 733,2018,5,8372,6580,5993
Line 733,2018,6,8376,6390,6115
Line 733,2018,7,8050,6585,6049
Line 733,2018,8,8267,6563,6436
Line 733,2018,9,8474,6581,6275
Line 733,2018,10,8303,6058,5850
Line 733,2018,11,7818,5956,5467
Line 733,2018,12,7159,6163,5220
Line 733,2019,1,7180,6009,5231
Line 733,2019,2,7538,5798,4894
Line 733,2019,3,7608,6139,5531
Line 733,2019,4,7675,6459,5614
Line 733,2019,5,7879,6475,5621
Line 733,2019,6,7704,6573,6027
Line 733,2019,7,8044,6950,6499
Line 733,2019,8,8377,7105,6795
Line 733,2019,9,8279,6480,6393
Line 733,2019,10,8154,6299,5945
Line 733,2019,11,7535,5943,5064
Line 733,2019,12,7141,5896,4986
Line 733,2020,1,7479,6047,5297
Line 733,2020,2,7972,6023,5264
Line 733,2020,3,4985,3883,3859
Line 733,2020,4,2793,2016,2045
Line 733,2020,5,3899,3683,3167
Line 733,2020,6,4301,3756,3464
Line 733,2020,7,4280,4353,4085
Line 733,2020,8,4527,4611,4304
Line 733,2020,9,4693,5002,4706
Line 733,2020,10,4614,4863,4317
Line 733,2020,11,4441,4481,4045
Line 733,2020,12,4101,4009,3664
Line 733,2021,1,3599,4256,3566
Line 733,2021,2,4237,4784,3906
Line 733,2021,3,4713,5039,4238
Line 733,2021,4,4957,5018,4335
Line 733,2021,5,5151,5531,4678
Line 733,2021,6,5446,5565,5018
Line 733,2021,7,5237,5537,4740
Line 733,2021,8,5568,6060,4869
Line 733,2021,9,1884,2963,1883
Line 733,2021,10,0,0,0
Line 733,2021,11,0,0,0
Line 733,2021,12,0,0,0
Line 733,2022,1,0,0,0
Line 733,2022,2,0,0,0
Line 733,2022,3,0,0,0
Line 733,2022,4,0,0,0
Line 733,2022,5,0,0,0
Line 733,2022,6,0,0,0
Line 733,2022,7,0,0,0
Line 733,2022,8,0,0,0
Line 733,2022,9,0,0,0
Line 733,2022,10,0,0,0
Line 733,2022,11,0,0,0
Line 733,2022,12,0,0,0
Line 733,2023,1,0,0,0
Line 733,2023,2,0,0,0
Line 733,2023,3,0,0,0
Line 733,2023,4,0,0,0
Line 733,2023,5,0,0,0
Line 733,2023,6,0,0,0
Line 733,2023,7,0,0,0
Line 733,2023,8,0,0,0
Line 733,2023,9,0,0,0
Line 733,2023,10,0,0,0
Line 733,2023,11,0,0,0
Line 733,2023,12,0,0,0
Line 733,2024,1,0,0,0
Line 733,2024,2,0,0,0
Line 733,2024,3,0,0,0
Line 733,2024,4,0,0,0
Line 733,2024,5,0,0,0
Line 733,2024,6,0,0,0
Line 733,2024,7,0,0,0
Line 733,2024,8,0,0,0
Line 733,2024,9,0,0,0
Line 733,2024,10,0,0,0
Line 733,2024,11,0,0,0
Line 733,2024,12,0,0,0
Line 733,2025,1,0,0,0
Line 733,2025,2,0,0,0
Line 733,2025,3,0,0,0
Line 733,2025,4,0,0,0
Line 733,2025,5,0,0,0
Line 733,2025,6,0,0,0
Line 734,2018,4,6102,null,null
Line 734,2018,5,6048,null,null
Line 734,2018,6,5836,null,null
Line 734,2018,7,5763,0,0
Line 734,2018,8,5942,0,0
Line 734,2018,9,6189,0,0
Line 734,2018,10,6340,0,0
Line 734,2018,11,5931,0,0
Line 734,2018,12,5338,0,0
Line 734,2019,1,5542,0,0
Line 734,2019,2,5812,0,0
Line 734,2019,3,5970,0,0
Line 734,2019,4,6130,0,0
Line 734,2019,5,6100,0,0
Line 734,2019,6,5894,0,0
Line 734,2019,7,5772,0,0
Line 734,2019,8,5909,0,0
Line 734,2019,9,6085,0,0
Line 734,2019,10,6210,0,0
Line 734,2019,11,5849,0,0
Line 734,2019,12,5241,0,0
Line 734,2020,1,5769,0,0
Line 734,2020,2,6092,0,0
Line 734,2020,3,3766,0,0
Line 734,2020,4,1907,0,0
Line 734,2020,5,2460,0,0
Line 734,2020,6,2933,0,0
Line 734,2020,7,3181,0,0
Line 734,2020,8,3421,0,0
Line 734,2020,9,3537,0,0
Line 734,2020,10,3839,0,0
Line 734,2020,11,3354,0,0
Line 734,2020,12,3087,0,0
Line 734,2021,1,2925,0,0
Line 734,2021,2,3405,0,0
Line 734,2021,3,3424,0,0
Line 734,2021,4,3701,0,0
Line 734,2021,5,3848,0,0
Line 734,2021,6,4064,0,0
Line 734,2021,7,0,0,0
Line 734,2021,8,0,0,0
Line 734,2021,9,0,0,0
Line 734,2021,10,0,0,0
Line 734,2021,11,0,0,0
Line 734,2021,12,0,0,0
Line 734,2022,1,0,0,0
Line 734,2022,2,0,0,0
Line 734,2022,3,0,0,0
Line 734,2022,4,0,0,0
Line 734,2022,5,0,0,0
Line 734,2022,6,0,0,0
Line 734,2022,7,0,0,0
Line 734,2022,8,0,0,0
Line 734,2022,9,0,0,0
Line 734,2022,10,0,0,0
Line 734,2022,11,0,0,0
Line 734,2022,12,0,0,0
Line 734,2023,1,0,0,0
Line 734,2023,2,0,0,0
Line 734,2023,3,0,0,0
Line 734,2023,4,0,0,0
Line 734,2023,5,0,0,0
Line 734,2023,6,0,0,0
Line 734,2023,7,0,0,0
Line 734,2023,8,0,0,0
Line 734,2023,9,0,0,0
Line 734,2023,10,0,0,0
Line 734,2023,11,0,0,0
Line 734,2023,12,0,0,0
Line 734,2024,1,0,0,0
Line 734,2024,2,0,0,0
Line 734,2024,3,0,0,0
Line 734,2024,4,0,0,0
Line 734,2024,5,0,0,0
Line 734,2024,6,0,0,0
Line 734,2024,7,0,0,0
Line 734,2024,8,0,0,0
Line 734,2024,9,0,0,0
Line 734,2024,10,0,0,0
Line 734,2024,11,0,0,0
Line 734,2024,12,0,0,0
Line 734,2025,1,0,0,0
Line 734,2025,2,0,0,0
Line 734,2025,3,0,0,0
Line 734,2025,4,0,0,0
Line 734,2025,5,0,0,0
Line 734,2025,6,0,0,0
Line 740,2018,4,2477,1903,null
Line 740,2018,5,2562,1848,null
Line 740,2018,6,2486,1814,null
Line 740,2018,7,2177,1681,0
Line 740,2018,8,2222,1697,0
Line 740,2018,9,2103,1618,0
Line 740,2018,10,1960,1398,0
Line 740,2018,11,1890,1449,0
Line 740,2018,12,2050,1721,0
Line 740,2019,1,2020,1474,0
Line 740,2019,2,2305,1536,0
Line 740,2019,3,2332,1636,0
Line 740,2019,4,2366,1567,0
Line 740,2019,5,2420,1670,0
Line 740,2019,6,2509,1712,0
Line 740,2019,7,1991,1334,0
Line 740,2019,8,2001,1378,0
Line 740,2019,9,2246,1285,0
Line 740,2019,10,2294,1433,0
Line 740,2019,11,2158,1404,0
Line 740,2019,12,2020,1470,0
Line 740,2020,1,2105,1295,0
Line 740,2020,2,2258,1456,0
Line 740,2020,3,1324,954,0
Line 740,2020,4,769,602,0
Line 740,2020,5,1027,0,0
Line 740,2020,6,1054,0,0
Line 740,2020,7,871,0,0
Line 740,2020,8,854,0,0
Line 740,2020,9,858,0,0
Line 740,2020,10,864,0,0
Line 740,2020,11,876,0,0
Line 740,2020,12,929,0,0
Line 740,2021,1,0,0,0
Line 740,2021,2,0,0,0
Line 740,2021,3,0,0,0
Line 740,2021,4,0,0,0
Line 740,2021,5,0,0,0
Line 740,2021,6,0,0,0
Line 740,2021,7,0,0,0
Line 740,2021,8,0,0,0
Line 740,2021,9,0,0,0
Line 740,2021,10,0,0,0
Line 740,2021,11,0,0,0
Line 740,2021,12,0,0,0
Line 740,2022,1,0,0,0
Line 740,2022,2,0,0,0
Line 740,2022,3,0,0,0
Line 740,2022,4,0,0,0
Line 740,2022,5,0,0,0
Line 740,2022,6,0,0,0
Line 740,2022,7,0,0,0
Line 740,2022,8,0,0,0
Line 740,2022,9,0,0,0
Line 740,2022,10,0,0,0
Line 740,2022,11,0,0,0
Line 740,2022,12,0,0,0
Line 740,2023,1,0,0,0
Line 740,2023,2,0,0,0
Line 740,2023,3,0,0,0
Line 740,2023,4,0,0,0
Line 740,2023,5,0,0,0
Line 740,2023,6,0,0,0
Line 740,2023,7,0,0,0
Line 740,2023,8,0,0,0
Line 740,2023,9,0,0,0
Line 740,2023,10,0,0,0
Line 740,2023,11,0,0,0
Line 740,2023,12,0,0,0
Line 740,2024,1,0,0,0
Line 740,2024,2,0,0,0
Line 740,2024,3,0,0,0
Line 740,2024,4,0,0,0
Line 740,2024,5,0,0,0
Line 740,2024,6,0,0,0
Line 740,2024,7,0,0,0
Line 740,2024,8,0,0,0
Line 740,2024,9,0,0,0
Line 740,2024,10,0,0,0
Line 740,2024,11,0,0,0
Line 740,2024,12,0,0,0
Line 740,2025,1,0,0,0
Line 740,2025,2,0,0,0
Line 740,2025,3,0,0,0
Line 740,2025,4,0,0,0
Line 740,2025,5,0,0,0
Line 740,2025,6,0,0,0
Line 744,2018,4,9014,3412,3154
Line 744,2018,5,8629,3089,2828
Line 744,2018,6,8025,3246,3077
Line 744,2018,7,7921,3015,2801
Line 744,2018,8,8094,3089,2909
Line 744,2018,9,9081,3281,2856
Line 744,2018,10,8983,3225,2912
Line 744,2018,11,8526,3265,3069
Line 744,2018,12,7564,3283,2665
Line 744,2019,1,7412,2513,2452
Line 744,2019,2,8313,2459,2411
Line 744,2019,3,8542,2851,2951
Line 744,2019,4,8886,3088,2918
Line 744,2019,5,8545,3143,2708
Line 744,2019,6,7962,2927,2871
Line 744,2019,7,7880,2821,2774
Line 744,2019,8,8118,3138,2767
Line 744,2019,9,9117,2933,2747
Line 744,2019,10,9227,3123,2848
Line 744,2019,11,8729,3146,2659
Line 744,2019,12,7783,3076,2511
Line 744,2020,1,7985,3235,2550
Line 744,2020,2,8948,3159,2986
Line 744,2020,3,5491,2220,2181
Line 744,2020,4,2652,1439,1212
Line 744,2020,5,3087,1869,1637
Line 744,2020,6,3745,2248,1681
Line 744,2020,7,3972,2031,1990
Line 744,2020,8,4171,2190,1946
Line 744,2020,9,4615,2413,1962
Line 744,2020,10,4178,2487,2048
Line 744,2020,11,4061,1755,1705
Line 744,2020,12,4122,2142,1449
Line 744,2021,1,4508,2127,1481
Line 744,2021,2,5112,2095,1987
Line 744,2021,3,5295,2172,1781
Line 744,2021,4,5774,2340,1823
Line 744,2021,5,6155,2340,1852
Line 744,2021,6,6255,2332,2011
Line 744,2021,7,0,0,0
Line 744,2021,8,0,0,0
Line 744,2021,9,0,0,0
Line 744,2021,10,0,0,0
Line 744,2021,11,0,0,0
Line 744,2021,12,0,0,0
Line 744,2022,1,0,0,0
Line 744,2022,2,0,0,0
Line 744,2022,3,0,0,0
Line 744,2022,4,0,0,0
Line 744,2022,5,0,0,0
Line 744,2022,6,0,0,0
Line 744,2022,7,0,0,0
Line 744,2022,8,0,0,0
Line 744,2022,9,0,0,0
Line 744,2022,10,0,0,0
Line 744,2022,11,0,0,0
Line 744,2022,12,0,0,0
Line 744,2023,1,0,0,0
Line 744,2023,2,0,0,0
Line 744,2023,3,0,0,0
Line 744,2023,4,0,0,0
Line 744,2023,5,0,0,0
Line 744,2023,6,0,0,0
Line 744,2023,7,0,0,0
Line 744,2023,8,0,0,0
Line 744,2023,9,0,0,0
Line 744,2023,10,0,0,0
Line 744,2023,11,0,0,0
Line 744,2023,12,0,0,0
Line 744,2024,1,0,0,0
Line 744,2024,2,0,0,0
Line 744,2024,3,0,0,0
Line 744,2024,4,0,0,0
Line 744,2024,5,0,0,0
Line 744,2024,6,0,0,0
Line 744,2024,7,0,0,0
Line 744,2024,8,0,0,0
Line 744,2024,9,0,0,0
Line 744,2024,10,0,0,0
Line 744,2024,11,0,0,0
Line 744,2024,12,0,0,0
Line 744,2025,1,0,0,0
Line 744,2025,2,0,0,0
Line 744,2025,3,0,0,0
Line 744,2025,4,0,0,0
Line 744,2025,5,0,0,0
Line 744,2025,6,0,0,0
Line 745,2018,4,5751,3046,1809
Line 745,2018,5,5709,2948,1802
Line 745,2018,6,5575,3030,1759
Line 745,2018,7,5549,3066,1838
Line 745,2018,8,6014,3167,1865
Line 745,2018,9,6311,3147,1946
Line 745,2018,10,6391,3088,1928
Line 745,2018,11,5972,3214,1979
Line 745,2018,12,5598,3259,1823
Line 745,2019,1,5649,2806,1736
Line 745,2019,2,6209,2957,1789
Line 745,2019,3,6283,3011,1891
Line 745,2019,4,6182,3258,1888
Line 745,2019,5,6310,3190,1841
Line 745,2019,6,6482,3087,2006
Line 745,2019,7,6123,2970,1869
Line 745,2019,8,6459,3273,1919
Line 745,2019,9,6755,3109,1925
Line 745,2019,10,6782,3410,1830
Line 745,2019,11,6053,3176,1651
Line 745,2019,12,5712,2962,1552
Line 745,2020,1,5940,2781,1629
Line 745,2020,2,6201,2975,1687
Line 745,2020,3,3836,1692,1235
Line 745,2020,4,1295,514,319
Line 745,2020,5,1686,1333,764
Line 745,2020,6,1891,1394,805
Line 745,2020,7,1796,1623,1170
Line 745,2020,8,1863,1569,951
Line 745,2020,9,1886,1633,1049
Line 745,2020,10,1908,1649,1140
Line 745,2020,11,1878,1679,1152
Line 745,2020,12,2024,1488,1137
Line 745,2021,1,0,0,0
Line 745,2021,2,0,0,0
Line 745,2021,3,0,0,0
Line 745,2021,4,0,0,0
Line 745,2021,5,0,0,0
Line 745,2021,6,0,0,0
Line 745,2021,7,0,0,0
Line 745,2021,8,0,0,0
Line 745,2021,9,0,0,0
Line 745,2021,10,0,0,0
Line 745,2021,11,0,0,0
Line 745,2021,12,0,0,0
Line 745,2022,1,0,0,0
Line 745,2022,2,0,0,0
Line 745,2022,3,0,0,0
Line 745,2022,4,0,0,0
Line 745,2022,5,0,0,0
Line 745,2022,6,0,0,0
Line 745,2022,7,0,0,0
Line 745,2022,8,0,0,0
Line 745,2022,9,0,0,0
Line 745,2022,10,0,0,0
Line 745,2022,11,0,0,0
Line 745,2022,12,0,0,0
Line 745,2023,1,0,0,0
Line 745,2023,2,0,0,0
Line 745,2023,3,0,0,0
Line 745,2023,4,0,0,0
Line 745,2023,5,0,0,0
Line 745,2023,6,0,0,0
Line 745,2023,7,0,0,0
Line 745,2023,8,0,0,0
Line 745,2023,9,0,0,0
Line 745,2023,10,0,0,0
Line 745,2023,11,0,0,0
Line 745,2023,12,0,0,0
Line 745,2024,1,0,0,0
Line 745,2024,2,0,0,0
Line 745,2024,3,0,0,0
Line 745,2024,4,0,0,0
Line 745,2024,5,0,0,0
Line 745,2024,6,0,0,0
Line 745,2024,7,0,0,0
Line 745,2024,8,0,0,0
Line 745,2024,9,0,0,0
Line 745,2024,10,0,0,0
Line 745,2024,11,0,0,0
Line 745,2024,12,0,0,0
Line 745,2025,1,0,0,0
Line 745,2025,2,0,0,0
Line 745,2025,3,0,0,0
Line 745,2025,4,0,0,0
Line 745,2025,5,0,0,0
Line 745,2025,6,0,0,0
Line 750,2018,4,2722,null,null
Line 750,2018,5,2694,null,null
Line 750,2018,6,2577,null,null
Line 750,2018,7,2449,0,0
Line 750,2018,8,2694,0,0
Line 750,2018,9,2781,0,0
Line 750,2018,10,2760,0,0
Line 750,2018,11,2670,0,0
Line 750,2018,12,2426,0,0
Line 750,2019,1,2443,0,0
Line 750,2019,2,2629,0,0
Line 750,2019,3,2731,0,0
Line 750,2019,4,2681,0,0
Line 750,2019,5,2697,0,0
Line 750,2019,6,2479,0,0
Line 750,2019,7,2134,0,0
Line 750,2019,8,2309,0,0
Line 750,2019,9,2443,0,0
Line 750,2019,10,2490,0,0
Line 750,2019,11,2392,0,0
Line 750,2019,12,2189,0,0
Line 750,2020,1,2229,0,0
Line 750,2020,2,2361,0,0
Line 750,2020,3,1389,0,0
Line 750,2020,4,614,0,0
Line 750,2020,5,925,0,0
Line 750,2020,6,1136,0,0
Line 750,2020,7,1179,0,0
Line 750,2020,8,1241,0,0
Line 750,2020,9,1298,0,0
Line 750,2020,10,1360,0,0
Line 750,2020,11,1349,0,0
Line 750,2020,12,1101,0,0
Line 750,2021,1,871,0,0
Line 750,2021,2,982,0,0
Line 750,2021,3,1142,0,0
Line 750,2021,4,1265,0,0
Line 750,2021,5,1361,0,0
Line 750,2021,6,1408,0,0
Line 750,2021,7,0,0,0
Line 750,2021,8,0,0,0
Line 750,2021,9,0,0,0
Line 750,2021,10,0,0,0
Line 750,2021,11,0,0,0
Line 750,2021,12,0,0,0
Line 750,2022,1,0,0,0
Line 750,2022,2,0,0,0
Line 750,2022,3,0,0,0
Line 750,2022,4,0,0,0
Line 750,2022,5,0,0,0
Line 750,2022,6,0,0,0
Line 750,2022,7,0,0,0
Line 750,2022,8,0,0,0
Line 750,2022,9,0,0,0
Line 750,2022,10,0,0,0
Line 750,2022,11,0,0,0
Line 750,2022,12,0,0,0
Line 750,2023,1,0,0,0
Line 750,2023,2,0,0,0
Line 750,2023,3,0,0,0
Line 750,2023,4,0,0,0
Line 750,2023,5,0,0,0
Line 750,2023,6,0,0,0
Line 750,2023,7,0,0,0
Line 750,2023,8,0,0,0
Line 750,2023,9,0,0,0
Line 750,2023,10,0,0,0
Line 750,2023,11,0,0,0
Line 750,2023,12,0,0,0
Line 750,2024,1,0,0,0
Line 750,2024,2,0,0,0
Line 750,2024,3,0,0,0
Line 750,2024,4,0,0,0
Line 750,2024,5,0,0,0
Line 750,2024,6,0,0,0
Line 750,2024,7,0,0,0
Line 750,2024,8,0,0,0
Line 750,2024,9,0,0,0
Line 750,2024,10,0,0,0
Line 750,2024,11,0,0,0
Line 750,2024,12,0,0,0
Line 750,2025,1,0,0,0
Line 750,2025,2,0,0,0
Line 750,2025,3,0,0,0
Line 750,2025,4,0,0,0
Line 750,2025,5,0,0,0
Line 750,2025,6,0,0,0
Line 751,2018,4,4609,null,null
Line 751,2018,5,4656,null,null
Line 751,2018,6,4381,null,null
Line 751,2018,7,4156,0,0
Line 751,2018,8,4422,0,0
Line 751,2018,9,4769,0,0
Line 751,2018,10,4771,0,0
Line 751,2018,11,4571,0,0
Line 751,2018,12,4154,0,0
Line 751,2019,1,4251,0,0
Line 751,2019,2,4578,0,0
Line 751,2019,3,4680,0,0
Line 751,2019,4,4739,0,0
Line 751,2019,5,4771,0,0
Line 751,2019,6,4597,0,0
Line 751,2019,7,3997,0,0
Line 751,2019,8,4080,0,0
Line 751,2019,9,4373,0,0
Line 751,2019,10,4428,0,0
Line 751,2019,11,4092,0,0
Line 751,2019,12,3697,0,0
Line 751,2020,1,3854,0,0
Line 751,2020,2,4086,0,0
Line 751,2020,3,2749,0,0
Line 751,2020,4,1298,0,0
Line 751,2020,5,1973,0,0
Line 751,2020,6,2147,0,0
Line 751,2020,7,2008,0,0
Line 751,2020,8,2126,0,0
Line 751,2020,9,2202,0,0
Line 751,2020,10,2293,0,0
Line 751,2020,11,2345,0,0
Line 751,2020,12,2259,0,0
Line 751,2021,1,0,0,0
Line 751,2021,2,0,0,0
Line 751,2021,3,0,0,0
Line 751,2021,4,0,0,0
Line 751,2021,5,0,0,0
Line 751,2021,6,0,0,0
Line 751,2021,7,0,0,0
Line 751,2021,8,0,0,0
Line 751,2021,9,0,0,0
Line 751,2021,10,0,0,0
Line 751,2021,11,0,0,0
Line 751,2021,12,0,0,0
Line 751,2022,1,0,0,0
Line 751,2022,2,0,0,0
Line 751,2022,3,0,0,0
Line 751,2022,4,0,0,0
Line 751,2022,5,0,0,0
Line 751,2022,6,0,0,0
Line 751,2022,7,0,0,0
Line 751,2022,8,0,0,0
Line 751,2022,9,0,0,0
Line 751,2022,10,0,0,0
Line 751,2022,11,0,0,0
Line 751,2022,12,0,0,0
Line 751,2023,1,0,0,0
Line 751,2023,2,0,0,0
Line 751,2023,3,0,0,0
Line 751,2023,4,0,0,0
Line 751,2023,5,0,0,0
Line 751,2023,6,0,0,0
Line 751,2023,7,0,0,0
Line 751,2023,8,0,0,0
Line 751,2023,9,0,0,0
Line 751,2023,10,0,0,0
Line 751,2023,11,0,0,0
Line 751,2023,12,0,0,0
Line 751,2024,1,0,0,0
Line 751,2024,2,0,0,0
Line 751,2024,3,0,0,0
Line 751,2024,4,0,0,0
Line 751,2024,5,0,0,0
Line 751,2024,6,0,0,0
Line 751,2024,7,0,0,0
Line 751,2024,8,0,0,0
Line 751,2024,9,0,0,0
Line 751,2024,10,0,0,0
Line 751,2024,11,0,0,0
Line 751,2024,12,0,0,0
Line 751,2025,1,0,0,0
Line 751,2025,2,0,0,0
Line 751,2025,3,0,0,0
Line 751,2025,4,0,0,0
Line 751,2025,5,0,0,0
Line 751,2025,6,0,0,0
Line 754,2018,4,18806,12944,8421
Line 754,2018,5,18783,12535,8235
Line 754,2018,6,18109,12453,8743
Line 754,2018,7,17497,11921,8455
Line 754,2018,8,19003,13002,8954
Line 754,2018,9,20572,13965,8857
Line 754,2018,10,20817,12956,9204
Line 754,2018,11,19533,13860,9116
Line 754,2018,12,18011,14076,8367
Line 754,2019,1,18430,12337,8381
Line 754,2019,2,20336,12378,8151
Line 754,2019,3,20363,13317,8673
Line 754,2019,4,20077,13851,9289
Line 754,2019,5,21105,13607,8401
Line 754,2019,6,20948,14619,9307
Line 754,2019,7,19514,13700,8871
Line 754,2019,8,20271,14393,9856
Line 754,2019,9,21559,14307,9648
Line 754,2019,10,21501,14272,9555
Line 754,2019,11,19603,12908,8396
Line 754,2019,12,18498,13141,8402
Line 754,2020,1,19406,13348,8367
Line 754,2020,2,21231,14513,9239
Line 754,2020,3,13762,9114,6570
Line 754,2020,4,6313,5382,3427
Line 754,2020,5,6413,5802,4271
Line 754,2020,6,7495,7167,4975
Line 754,2020,7,8071,7533,6374
Line 754,2020,8,8347,7581,5156
Line 754,2020,9,8761,8106,6224
Line 754,2020,10,9116,8649,6345
Line 754,2020,11,9219,8071,6163
Line 754,2020,12,8470,7908,5589
Line 754,2021,1,7227,6954,5064
Line 754,2021,2,7420,7254,4929
Line 754,2021,3,8441,7891,6152
Line 754,2021,4,9319,8170,6388
Line 754,2021,5,9642,9135,6512
Line 754,2021,6,10067,8860,7237
Line 754,2021,7,10257,8657,7007
Line 754,2021,8,9582,8961,6077
Line 754,2021,9,10261,7613,5962
Line 754,2021,10,9988,9191,4721
Line 754,2021,11,10033,9365,5733
Line 754,2021,12,8765,0,4730
Line 754,2022,1,7875,7237,5125
Line 754,2022,2,9719,8001,5816
Line 754,2022,3,11343,7714,5850
Line 754,2022,4,11785,8385,5674
Line 754,2022,5,12000,8079,5251
Line 754,2022,6,11904,9234,4902
Line 754,2022,7,9644,8029,5843
Line 754,2022,8,9721,8755,6086
Line 754,2022,9,11020,8549,5512
Line 754,2022,10,11518,8523,5285
Line 754,2022,11,11243,8059,5831
Line 754,2022,12,11066,7577,5160
Line 754,2023,1,11187,6955,5703
Line 754,2023,2,11913,7823,5593
Line 754,2023,3,11987,8073,5847
Line 754,2023,4,12600,8815,6492
Line 754,2023,5,13222,8512,6236
Line 754,2023,6,12269,8700,6047
Line 754,2023,7,11625,8632,6369
Line 754,2023,8,12081,7986,5967
Line 754,2023,9,12945,8169,6584
Line 754,2023,10,13643,8949,6778
Line 754,2023,11,13335,8246,6476
Line 754,2023,12,12135,7956,6481
Line 754,2024,1,12606,7656,5873
Line 754,2024,2,12243,9271,6619
Line 754,2024,3,13782,8058,7071
Line 754,2024,4,13899,9419,7220
Line 754,2024,5,14765,9448,7565
Line 754,2024,6,13939,9764,8347
Line 754,2024,7,13023,9555,7850
Line 754,2024,8,14209,9983,8372
Line 754,2024,9,14843,9755,7490
Line 754,2024,10,14996,9441,7825
Line 754,2024,11,14129,9580,7915
Line 754,2024,12,13290,9561,7522
Line 754,2025,1,13409,8881,6526
Line 754,2025,2,13661,9951,7786
Line 754,2025,3,13827,9431,7837
Line 754,2025,4,14214,9538,7838
Line 754,2025,5,14403,9213,7677
Line 754,2025,6,12566,7790,7303
Line 754,2025,7,11013,7518,6216
Line 754,2025,8,12265,7956,6780
Line 754,2025,9,13279,8931,6823
Line 754,2025,10,13403,8727,7375
Line 754,2025,11,12623,7751,6597
Line 754,2025,12,12233,8938,6934
Line 754,2026,1,12445,8335,6104
Line 754,2026,2,12741,8812,7371
Line 754,2026,3,13349,8594,7468
Line 754,2026,4,13613,8438,7211
Line 754,2026,5,14089,8713,6896
Line 757,2018,4,11962,null,null
Line 757,2018,5,12074,null,null
Line 757,2018,6,11626,null,null
Line 757,2018,7,11004,0,0
Line 757,2018,8,11656,0,0
Line 757,2018,9,12158,0,0
Line 757,2018,10,12305,0,0
Line 757,2018,11,11731,0,0
Line 757,2018,12,10754,0,0
Line 757,2019,1,10636,0,0
Line 757,2019,2,11618,0,0
Line 757,2019,3,11894,0,0
Line 757,2019,4,12089,0,0
Line 757,2019,5,12321,0,0
Line 757,2019,6,12396,0,0
Line 757,2019,7,11427,0,0
Line 757,2019,8,11900,0,0
Line 757,2019,9,12718,0,0
Line 757,2019,10,12924,0,0
Line 757,2019,11,11755,0,0
Line 757,2019,12,11041,0,0
Line 757,2020,1,11265,0,0
Line 757,2020,2,11810,0,0
Line 757,2020,3,7064,0,0
Line 757,2020,4,3877,0,0
Line 757,2020,5,5010,0,0
Line 757,2020,6,5872,0,0
Line 757,2020,7,5568,0,0
Line 757,2020,8,5649,0,0
Line 757,2020,9,5827,0,0
Line 757,2020,10,5954,0,0
Line 757,2020,11,6010,0,0
Line 757,2020,12,5474,0,0
Line 757,2021,1,4555,0,0
Line 757,2021,2,4851,0,0
Line 757,2021,3,5541,0,0
Line 757,2021,4,6149,0,0
Line 757,2021,5,6439,0,0
Line 757,2021,6,6578,0,0
Line 757,2021,7,0,0,0
Line 757,2021,8,0,0,0
Line 757,2021,9,0,0,0
Line 757,2021,10,0,0,0
Line 757,2021,11,0,0,0
Line 757,2021,12,0,0,0
Line 757,2022,1,0,0,0
Line 757,2022,2,0,0,0
Line 757,2022,3,0,0,0
Line 757,2022,4,0,0,0
Line 757,2022,5,0,0,0
Line 757,2022,6,0,0,0
Line 757,2022,7,0,0,0
Line 757,2022,8,0,0,0
Line 757,2022,9,0,0,0
Line 757,2022,10,0,0,0
Line 757,2022,11,0,0,0
Line 757,2022,12,0,0,0
Line 757,2023,1,0,0,0
Line 757,2023,2,0,0,0
Line 757,2023,3,0,0,0
Line 757,2023,4,0,0,0
Line 757,2023,5,0,0,0
Line 757,2023,6,0,0,0
Line 757,2023,7,0,0,0
Line 757,2023,8,0,0,0
Line 757,2023,9,0,0,0
Line 757,2023,10,0,0,0
Line 757,2023,11,0,0,0
Line 757,2023,12,0,0,0
Line 757,2024,1,0,0,0
Line 757,2024,2,0,0,0
Line 757,2024,3,0,0,0
Line 757,2024,4,0,0,0
Line 757,2024,5,0,0,0
Line 757,2024,6,0,0,0
Line 757,2024,7,0,0,0
Line 757,2024,8,0,0,0
Line 757,2024,9,0,0,0
Line 757,2024,10,0,0,0
Line 757,2024,11,0,0,0
Line 757,2024,12,0,0,0
Line 757,2025,1,0,0,0
Line 757,2025,2,0,0,0
Line 757,2025,3,0,0,0
Line 757,2025,4,0,0,0
Line 757,2025,5,0,0,0
Line 757,2025,6,0,0,0
Line 760,2018,4,4333,1936,null
Line 760,2018,5,4339,1999,null
Line 760,2018,6,4287,1815,null
Line 760,2018,7,4072,1799,0
Line 760,2018,8,4263,1957,0
Line 760,2018,9,4415,1956,0
Line 760,2018,10,4441,1921,0
Line 760,2018,11,4276,1960,0
Line 760,2018,12,3961,2000,0
Line 760,2019,1,3953,1750,0
Line 760,2019,2,4411,1909,0
Line 760,2019,3,4478,1903,0
Line 760,2019,4,4673,2039,0
Line 760,2019,5,4707,1959,0
Line 760,2019,6,5291,2160,0
Line 760,2019,7,4928,2054,0
Line 760,2019,8,5015,2251,0
Line 760,2019,9,5300,2195,0
Line 760,2019,10,5136,2298,0
Line 760,2019,11,4380,2029,0
Line 760,2019,12,3855,1923,0
Line 760,2020,1,3749,1693,0
Line 760,2020,2,3925,1860,0
Line 760,2020,3,2545,1218,0
Line 760,2020,4,1436,811,0
Line 760,2020,5,2165,0,0
Line 760,2020,6,2570,0,0
Line 760,2020,7,2487,0,0
Line 760,2020,8,2556,0,0
Line 760,2020,9,2669,0,0
Line 760,2020,10,2724,0,0
Line 760,2020,11,2653,0,0
Line 760,2020,12,2521,0,0
Line 760,2021,1,0,0,0
Line 760,2021,2,0,0,0
Line 760,2021,3,0,0,0
Line 760,2021,4,0,0,0
Line 760,2021,5,0,0,0
Line 760,2021,6,0,0,0
Line 760,2021,7,0,0,0
Line 760,2021,8,0,0,0
Line 760,2021,9,0,0,0
Line 760,2021,10,0,0,0
Line 760,2021,11,0,0,0
Line 760,2021,12,0,0,0
Line 760,2022,1,0,0,0
Line 760,2022,2,0,0,0
Line 760,2022,3,0,0,0
Line 760,2022,4,0,0,0
Line 760,2022,5,0,0,0
Line 760,2022,6,0,0,0
Line 760,2022,7,0,0,0
Line 760,2022,8,0,0,0
Line 760,2022,9,0,0,0
Line 760,2022,10,0,0,0
Line 760,2022,11,0,0,0
Line 760,2022,12,0,0,0
Line 760,2023,1,0,0,0
Line 760,2023,2,0,0,0
Line 760,2023,3,0,0,0
Line 760,2023,4,0,0,0
Line 760,2023,5,0,0,0
Line 760,2023,6,0,0,0
Line 760,2023,7,0,0,0
Line 760,2023,8,0,0,0
Line 760,2023,9,0,0,0
Line 760,2023,10,0,0,0
Line 760,2023,11,0,0,0
Line 760,2023,12,0,0,0
Line 760,2024,1,0,0,0
Line 760,2024,2,0,0,0
Line 760,2024,3,0,0,0
Line 760,2024,4,0,0,0
Line 760,2024,5,0,0,0
Line 760,2024,6,0,0,0
Line 760,2024,7,0,0,0
Line 760,2024,8,0,0,0
Line 760,2024,9,0,0,0
Line 760,2024,10,0,0,0
Line 760,2024,11,0,0,0
Line 760,2024,12,0,0,0
Line 760,2025,1,0,0,0
Line 760,2025,2,0,0,0
Line 760,2025,3,0,0,0
Line 760,2025,4,0,0,0
Line 760,2025,5,0,0,0
Line 760,2025,6,0,0,0
Line 761,2018,7,0,0,0
Line 761,2018,8,0,0,0
Line 761,2018,9,0,0,0
Line 761,2018,10,0,0,0
Line 761,2018,11,0,0,0
Line 761,2018,12,0,0,0
Line 761,2019,1,0,0,0
Line 761,2019,2,0,0,0
Line 761,2019,3,0,0,0
Line 761,2019,4,0,0,0
Line 761,2019,5,0,0,0
Line 761,2019,6,0,0,0
Line 761,2019,7,0,0,0
Line 761,2019,8,0,0,0
Line 761,2019,9,0,0,0
Line 761,2019,10,0,0,0
Line 761,2019,11,0,0,0
Line 761,2019,12,0,0,0
Line 761,2020,1,0,0,0
Line 761,2020,2,0,0,0
Line 761,2020,3,0,0,0
Line 761,2020,4,0,0,0
Line 761,2020,5,0,0,0
Line 761,2020,6,0,0,0
Line 761,2020,7,0,0,0
Line 761,2020,8,0,0,0
Line 761,2020,9,0,0,0
Line 761,2020,10,0,0,0
Line 761,2020,11,0,0,0
Line 761,2020,12,0,0,0
Line 761,2021,1,0,0,0
Line 761,2021,2,0,0,0
Line 761,2021,3,0,0,0
Line 761,2021,4,0,0,0
Line 761,2021,5,0,0,0
Line 761,2021,6,0,0,0
Line 761,2021,7,4834,3044,2368
Line 761,2021,8,5070,3104,2557
Line 761,2021,9,5808,3319,2763
Line 761,2021,10,5948,3606,2702
Line 761,2021,11,6095,3194,2566
Line 761,2021,12,5346,0,2321
Line 761,2022,1,5122,2954,2276
Line 761,2022,2,5401,2917,2351
Line 761,2022,3,5602,2974,2278
Line 761,2022,4,5589,3090,2468
Line 761,2022,5,5759,3155,2613
Line 761,2022,6,5621,3368,2611
Line 761,2022,7,5872,3265,2661
Line 761,2022,8,6142,3490,2880
Line 761,2022,9,6433,3665,2951
Line 761,2022,10,6695,3791,3068
Line 761,2022,11,6361,3367,2683
Line 761,2022,12,6110,3093,2568
Line 761,2023,1,5787,3234,2378
Line 761,2023,2,6188,3258,2711
Line 761,2023,3,6114,3349,2665
Line 761,2023,4,6576,3768,2946
Line 761,2023,5,6583,3754,2910
Line 761,2023,6,6611,3804,2957
Line 761,2023,7,6407,3694,3038
Line 761,2023,8,6761,3540,2712
Line 761,2023,9,7091,3841,2928
Line 761,2023,10,7256,4208,3334
Line 761,2023,11,7020,3806,3085
Line 761,2023,12,6526,3452,2597
Line 761,2024,1,6637,3705,2902
Line 761,2024,2,6498,4126,2926
Line 761,2024,3,7243,3619,3085
Line 761,2024,4,7500,4083,3573
Line 761,2024,5,7549,3979,3545
Line 761,2024,6,7206,4192,3439
Line 761,2024,7,6954,3883,3153
Line 761,2024,8,7332,4163,3356
Line 761,2024,9,7851,4190,3525
Line 761,2024,10,7765,4607,3758
Line 761,2024,11,7394,4281,3592
Line 761,2024,12,6976,3912,3160
Line 761,2025,1,6512,3554,2637
Line 761,2025,2,6898,4254,3276
Line 761,2025,3,6910,4379,3264
Line 761,2025,4,7339,4208,3711
Line 761,2025,5,7443,4334,3715
Line 761,2025,6,6533,3533,3415
Line 761,2025,7,6303,3500,2971
Line 761,2025,8,6481,3755,3157
Line 761,2025,9,6903,4004,3313
Line 761,2025,10,7254,4004,3520
Line 761,2025,11,6607,3755,3074
Line 761,2025,12,6436,3485,2406
Line 761,2026,1,6668,3628,2790
Line 761,2026,2,6782,4126,3311
Line 761,2026,3,7003,4037,3246
Line 761,2026,4,7201,4215,3370
Line 761,2026,5,7250,4116,3465
Line 762,2018,4,3645,null,null
Line 762,2018,5,3732,null,null
Line 762,2018,6,3381,null,null
Line 762,2018,7,3242,0,0
Line 762,2018,8,3439,0,0
Line 762,2018,9,4009,0,0
Line 762,2018,10,4006,0,0
Line 762,2018,11,3650,0,0
Line 762,2018,12,3220,0,0
Line 762,2019,1,3205,0,0
Line 762,2019,2,3644,0,0
Line 762,2019,3,3838,0,0
Line 762,2019,4,3711,0,0
Line 762,2019,5,3826,0,0
Line 762,2019,6,3586,0,0
Line 762,2019,7,3361,0,0
Line 762,2019,8,3531,0,0
Line 762,2019,9,4230,0,0
Line 762,2019,10,4202,0,0
Line 762,2019,11,3780,0,0
Line 762,2019,12,3276,0,0
Line 762,2020,1,3250,0,0
Line 762,2020,2,3674,0,0
Line 762,2020,3,2344,0,0
Line 762,2020,4,1267,0,0
Line 762,2020,5,1699,0,0
Line 762,2020,6,1894,0,0
Line 762,2020,7,1746,0,0
Line 762,2020,8,1850,0,0
Line 762,2020,9,1878,0,0
Line 762,2020,10,1999,0,0
Line 762,2020,11,1959,0,0
Line 762,2020,12,1858,0,0
Line 762,2021,1,0,0,0
Line 762,2021,2,0,0,0
Line 762,2021,3,0,0,0
Line 762,2021,4,0,0,0
Line 762,2021,5,0,0,0
Line 762,2021,6,0,0,0
Line 762,2021,7,0,0,0
Line 762,2021,8,0,0,0
Line 762,2021,9,0,0,0
Line 762,2021,10,0,0,0
Line 762,2021,11,0,0,0
Line 762,2021,12,0,0,0
Line 762,2022,1,0,0,0
Line 762,2022,2,0,0,0
Line 762,2022,3,0,0,0
Line 762,2022,4,0,0,0
Line 762,2022,5,0,0,0
Line 762,2022,6,0,0,0
Line 762,2022,7,0,0,0
Line 762,2022,8,0,0,0
Line 762,2022,9,0,0,0
Line 762,2022,10,0,0,0
Line 762,2022,11,0,0,0
Line 762,2022,12,0,0,0
Line 762,2023,1,0,0,0
Line 762,2023,2,0,0,0
Line 762,2023,3,0,0,0
Line 762,2023,4,0,0,0
Line 762,2023,5,0,0,0
Line 762,2023,6,0,0,0
Line 762,2023,7,0,0,0
Line 762,2023,8,0,0,0
Line 762,2023,9,0,0,0
Line 762,2023,10,0,0,0
Line 762,2023,11,0,0,0
Line 762,2023,12,0,0,0
Line 762,2024,1,0,0,0
Line 762,2024,2,0,0,0
Line 762,2024,3,0,0,0
Line 762,2024,4,0,0,0
Line 762,2024,5,0,0,0
Line 762,2024,6,0,0,0
Line 762,2024,7,0,0,0
Line 762,2024,8,0,0,0
Line 762,2024,9,0,0,0
Line 762,2024,10,0,0,0
Line 762,2024,11,0,0,0
Line 762,2024,12,0,0,0
Line 762,2025,1,0,0,0
Line 762,2025,2,0,0,0
Line 762,2025,3,0,0,0
Line 762,2025,4,0,0,0
Line 762,2025,5,0,0,0
Line 762,2025,6,0,0,0
Line 770,2018,4,6605,3319,null
Line 770,2018,5,6698,3301,null
Line 770,2018,6,6328,3225,null
Line 770,2018,7,5992,2942,0
Line 770,2018,8,6268,3049,0
Line 770,2018,9,6889,3289,0
Line 770,2018,10,6903,3262,0
Line 770,2018,11,6562,3300,0
Line 770,2018,12,5847,3520,0
Line 770,2019,1,6006,3122,0
Line 770,2019,2,6419,2843,0
Line 770,2019,3,6677,2963,0
Line 770,2019,4,6686,3161,0
Line 770,2019,5,6717,3377,0
Line 770,2019,6,6317,3128,0
Line 770,2019,7,5749,3077,0
Line 770,2019,8,5875,3202,0
Line 770,2019,9,6424,3175,0
Line 770,2019,10,6353,3361,0
Line 770,2019,11,5908,3325,0
Line 770,2019,12,5343,3165,0
Line 770,2020,1,5549,3132,0
Line 770,2020,2,5816,3115,0
Line 770,2020,3,3667,1864,0
Line 770,2020,4,1607,884,0
Line 770,2020,5,2310,0,0
Line 770,2020,6,2697,0,0
Line 770,2020,7,2660,0,0
Line 770,2020,8,2683,0,0
Line 770,2020,9,2886,0,0
Line 770,2020,10,2909,0,0
Line 770,2020,11,3027,0,0
Line 770,2020,12,2635,0,0
Line 770,2021,1,2630,0,0
Line 770,2021,2,2734,0,0
Line 770,2021,3,2842,0,0
Line 770,2021,4,3165,0,0
Line 770,2021,5,3240,0,0
Line 770,2021,6,3409,0,0
Line 770,2021,7,0,0,0
Line 770,2021,8,0,0,0
Line 770,2021,9,0,0,0
Line 770,2021,10,0,0,0
Line 770,2021,11,0,0,0
Line 770,2021,12,0,0,0
Line 770,2022,1,0,0,0
Line 770,2022,2,0,0,0
Line 770,2022,3,0,0,0
Line 770,2022,4,0,0,0
Line 770,2022,5,0,0,0
Line 770,2022,6,0,0,0
Line 770,2022,7,0,0,0
Line 770,2022,8,0,0,0
Line 770,2022,9,0,0,0
Line 770,2022,10,0,0,0
Line 770,2022,11,0,0,0
Line 770,2022,12,0,0,0
Line 770,2023,1,0,0,0
Line 770,2023,2,0,0,0
Line 770,2023,3,0,0,0
Line 770,2023,4,0,0,0
Line 770,2023,5,0,0,0
Line 770,2023,6,0,0,0
Line 770,2023,7,0,0,0
Line 770,2023,8,0,0,0
Line 770,2023,9,0,0,0
Line 770,2023,10,0,0,0
Line 770,2023,11,0,0,0
Line 770,2023,12,0,0,0
Line 770,2024,1,0,0,0
Line 770,2024,2,0,0,0
Line 770,2024,3,0,0,0
Line 770,2024,4,0,0,0
Line 770,2024,5,0,0,0
Line 770,2024,6,0,0,0
Line 770,2024,7,0,0,0
Line 770,2024,8,0,0,0
Line 770,2024,9,0,0,0
Line 770,2024,10,0,0,0
Line 770,2024,11,0,0,0
Line 770,2024,12,0,0,0
Line 770,2025,1,0,0,0
Line 770,2025,2,0,0,0
Line 770,2025,3,0,0,0
Line 770,2025,4,0,0,0
Line 770,2025,5,0,0,0
Line 770,2025,6,0,0,0
Line 780,2018,4,8181,null,null
Line 780,2018,5,8297,null,null
Line 780,2018,6,7969,null,null
Line 780,2018,7,7271,0,0
Line 780,2018,8,7461,0,0
Line 780,2018,9,8242,0,0
Line 780,2018,10,8164,0,0
Line 780,2018,11,7650,0,0
Line 780,2018,12,6979,0,0
Line 780,2019,1,6885,0,0
Line 780,2019,2,7145,0,0
Line 780,2019,3,7431,0,0
Line 780,2019,4,7353,0,0
Line 780,2019,5,7502,0,0
Line 780,2019,6,7312,0,0
Line 780,2019,7,6319,0,0
Line 780,2019,8,6454,0,0
Line 780,2019,9,7109,0,0
Line 780,2019,10,6976,0,0
Line 780,2019,11,6596,0,0
Line 780,2019,12,6075,0,0
Line 780,2020,1,6037,0,0
Line 780,2020,2,6484,0,0
Line 780,2020,3,3661,0,0
Line 780,2020,4,1230,0,0
Line 780,2020,5,1819,0,0
Line 780,2020,6,2352,0,0
Line 780,2020,7,2396,0,0
Line 780,2020,8,2583,0,0
Line 780,2020,9,2676,0,0
Line 780,2020,10,2763,0,0
Line 780,2020,11,2756,0,0
Line 780,2020,12,2486,0,0
Line 780,2021,1,2320,0,0
Line 780,2021,2,2698,0,0
Line 780,2021,3,2816,0,0
Line 780,2021,4,3067,0,0
Line 780,2021,5,3201,0,0
Line 780,2021,6,3302,0,0
Line 780,2021,7,0,0,0
Line 780,2021,8,0,0,0
Line 780,2021,9,0,0,0
Line 780,2021,10,0,0,0
Line 780,2021,11,0,0,0
Line 780,2021,12,0,0,0
Line 780,2022,1,0,0,0
Line 780,2022,2,0,0,0
Line 780,2022,3,0,0,0
Line 780,2022,4,0,0,0
Line 780,2022,5,0,0,0
Line 780,2022,6,0,0,0
Line 780,2022,7,0,0,0
Line 780,2022,8,0,0,0
Line 780,2022,9,0,0,0
Line 780,2022,10,0,0,0
Line 780,2022,11,0,0,0
Line 780,2022,12,0,0,0
Line 780,2023,1,0,0,0
Line 780,2023,2,0,0,0
Line 780,2023,3,0,0,0
Line 780,2023,4,0,0,0
Line 780,2023,5,0,0,0
Line 780,2023,6,0,0,0
Line 780,2023,7,0,0,0
Line 780,2023,8,0,0,0
Line 780,2023,9,0,0,0
Line 780,2023,10,0,0,0
Line 780,2023,11,0,0,0
Line 780,2023,12,0,0,0
Line 780,2024,1,0,0,0
Line 780,2024,2,0,0,0
Line 780,2024,3,0,0,0
Line 780,2024,4,0,0,0
Line 780,2024,5,0,0,0
Line 780,2024,6,0,0,0
Line 780,2024,7,0,0,0
Line 780,2024,8,0,0,0
Line 780,2024,9,0,0,0
Line 780,2024,10,0,0,0
Line 780,2024,11,0,0,0
Line 780,2024,12,0,0,0
Line 780,2025,1,0,0,0
Line 780,2025,2,0,0,0
Line 780,2025,3,0,0,0
Line 780,2025,4,0,0,0
Line 780,2025,5,0,0,0
Line 780,2025,6,0,0,0
Line 788,2018,4,1948,null,null
Line 788,2018,5,1914,null,null
Line 788,2018,6,1811,null,null
Line 788,2018,7,1757,0,0
Line 788,2018,8,1847,0,0
Line 788,2018,9,2002,0,0
Line 788,2018,10,2033,0,0
Line 788,2018,11,1894,0,0
Line 788,2018,12,1662,0,0
Line 788,2019,1,1723,0,0
Line 788,2019,2,1868,0,0
Line 788,2019,3,1893,0,0
Line 788,2019,4,1900,0,0
Line 788,2019,5,1902,0,0
Line 788,2019,6,1809,0,0
Line 788,2019,7,1832,0,0
Line 788,2019,8,1899,0,0
Line 788,2019,9,2065,0,0
Line 788,2019,10,2103,0,0
Line 788,2019,11,1937,0,0
Line 788,2019,12,1766,0,0
Line 788,2020,1,1880,0,0
Line 788,2020,2,2091,0,0
Line 788,2020,3,1240,0,0
Line 788,2020,4,598,0,0
Line 788,2020,5,919,0,0
Line 788,2020,6,1070,0,0
Line 788,2020,7,0,0,0
Line 788,2020,8,0,0,0
Line 788,2020,9,0,0,0
Line 788,2020,10,0,0,0
Line 788,2020,11,0,0,0
Line 788,2020,12,0,0,0
Line 788,2021,1,0,0,0
Line 788,2021,2,0,0,0
Line 788,2021,3,0,0,0
Line 788,2021,4,0,0,0
Line 788,2021,5,0,0,0
Line 788,2021,6,0,0,0
Line 788,2021,7,0,0,0
Line 788,2021,8,0,0,0
Line 788,2021,9,0,0,0
Line 788,2021,10,0,0,0
Line 788,2021,11,0,0,0
Line 788,2021,12,0,0,0
Line 788,2022,1,0,0,0
Line 788,2022,2,0,0,0
Line 788,2022,3,0,0,0
Line 788,2022,4,0,0,0
Line 788,2022,5,0,0,0
Line 788,2022,6,0,0,0
Line 788,2022,7,0,0,0
Line 788,2022,8,0,0,0
Line 788,2022,9,0,0,0
Line 788,2022,10,0,0,0
Line 788,2022,11,0,0,0
Line 788,2022,12,0,0,0
Line 788,2023,1,0,0,0
Line 788,2023,2,0,0,0
Line 788,2023,3,0,0,0
Line 788,2023,4,0,0,0
Line 788,2023,5,0,0,0
Line 788,2023,6,0,0,0
Line 788,2023,7,0,0,0
Line 788,2023,8,0,0,0
Line 788,2023,9,0,0,0
Line 788,2023,10,0,0,0
Line 788,2023,11,0,0,0
Line 788,2023,12,0,0,0
Line 788,2024,1,0,0,0
Line 788,2024,2,0,0,0
Line 788,2024,3,0,0,0
Line 788,2024,4,0,0,0
Line 788,2024,5,0,0,0
Line 788,2024,6,0,0,0
Line 788,2024,7,0,0,0
Line 788,2024,8,0,0,0
Line 788,2024,9,0,0,0
Line 788,2024,10,0,0,0
Line 788,2024,11,0,0,0
Line 788,2024,12,0,0,0
Line 788,2025,1,0,0,0
Line 788,2025,2,0,0,0
Line 788,2025,3,0,0,0
Line 788,2025,4,0,0,0
Line 788,2025,5,0,0,0
Line 788,2025,6,0,0,0
Line 794,2018,4,4060,null,null
Line 794,2018,5,3968,null,null
Line 794,2018,6,3869,null,null
Line 794,2018,7,3769,0,0
Line 794,2018,8,3820,0,0
Line 794,2018,9,4088,0,0
Line 794,2018,10,4091,0,0
Line 794,2018,11,3953,0,0
Line 794,2018,12,3661,0,0
Line 794,2019,1,3662,0,0
Line 794,2019,2,3796,0,0
Line 794,2019,3,3966,0,0
Line 794,2019,4,3909,0,0
Line 794,2019,5,3916,0,0
Line 794,2019,6,3846,0,0
Line 794,2019,7,3673,0,0
Line 794,2019,8,3861,0,0
Line 794,2019,9,3976,0,0
Line 794,2019,10,4121,0,0
Line 794,2019,11,3854,0,0
Line 794,2019,12,3491,0,0
Line 794,2020,1,3573,0,0
Line 794,2020,2,3786,0,0
Line 794,2020,3,2449,0,0
Line 794,2020,4,1164,0,0
Line 794,2020,5,1548,0,0
Line 794,2020,6,1846,0,0
Line 794,2020,7,1883,0,0
Line 794,2020,8,1968,0,0
Line 794,2020,9,2068,0,0
Line 794,2020,10,2148,0,0
Line 794,2020,11,2112,0,0
Line 794,2020,12,1816,0,0
Line 794,2021,1,1665,0,0
Line 794,2021,2,1954,0,0
Line 794,2021,3,2037,0,0
Line 794,2021,4,2203,0,0
Line 794,2021,5,2281,0,0
Line 794,2021,6,2389,0,0
Line 794,2021,7,0,0,0
Line 794,2021,8,0,0,0
Line 794,2021,9,0,0,0
Line 794,2021,10,0,0,0
Line 794,2021,11,0,0,0
Line 794,2021,12,0,0,0
Line 794,2022,1,0,0,0
Line 794,2022,2,0,0,0
Line 794,2022,3,0,0,0
Line 794,2022,4,0,0,0
Line 794,2022,5,0,0,0
Line 794,2022,6,0,0,0
Line 794,2022,7,0,0,0
Line 794,2022,8,0,0,0
Line 794,2022,9,0,0,0
Line 794,2022,10,0,0,0
Line 794,2022,11,0,0,0
Line 794,2022,12,0,0,0
Line 794,2023,1,0,0,0
Line 794,2023,2,0,0,0
Line 794,2023,3,0,0,0
Line 794,2023,4,0,0,0
Line 794,2023,5,0,0,0
Line 794,2023,6,0,0,0
Line 794,2023,7,0,0,0
Line 794,2023,8,0,0,0
Line 794,2023,9,0,0,0
Line 794,2023,10,0,0,0
Line 794,2023,11,0,0,0
Line 794,2023,12,0,0,0
Line 794,2024,1,0,0,0
Line 794,2024,2,0,0,0
Line 794,2024,3,0,0,0
Line 794,2024,4,0,0,0
Line 794,2024,5,0,0,0
Line 794,2024,6,0,0,0
Line 794,2024,7,0,0,0
Line 794,2024,8,0,0,0
Line 794,2024,9,0,0,0
Line 794,2024,10,0,0,0
Line 794,2024,11,0,0,0
Line 794,2024,12,0,0,0
Line 794,2025,1,0,0,0
Line 794,2025,2,0,0,0
Line 794,2025,3,0,0,0
Line 794,2025,4,0,0,0
Line 794,2025,5,0,0,0
Line 794,2025,6,0,0,0
A Line,2018,4,65797,32058,28571
A Line,2018,5,62492,32134,27665
A Line,2018,6,61924,32063,27479
A Line,2018,7,62085,32128,27633
A Line,2018,8,61965,32276,29195
A Line,2018,9,62324,32224,29187
A Line,2018,10,63008,30579,30314
A Line,2018,11,63463,31963,30432
A Line,2018,12,62458,32774,29419
A Line,2019,1,61623,31994,29416
A Line,2019,2,29774,20451,16318
A Line,2019,3,30599,21283,18457
A Line,2019,4,30092,21042,17347
A Line,2019,5,29560,20272,17101
A Line,2019,6,10950,8824,7889
A Line,2019,7,11474,9492,8326
A Line,2019,8,11938,9283,8384
A Line,2019,9,12528,9563,7608
A Line,2019,10,12322,8633,7344
A Line,2019,11,44578,32434,24287
A Line,2019,12,45467,30404,24585
A Line,2020,1,50456,38169,26996
A Line,2020,2,52957,35489,28804
A Line,2020,3,34721,20202,19976
A Line,2020,4,17826,13536,10955
A Line,2020,5,20003,14976,11988
A Line,2020,6,22086,17812,14246
A Line,2020,7,22854,17525,17026
A Line,2020,8,22741,17799,14646
A Line,2020,9,24239,18464,16046
A Line,2020,10,24909,19142,15925
A Line,2020,11,24368,17397,15074
A Line,2020,12,22411,16969,14207
A Line,2021,1,22330,15907,14004
A Line,2021,2,23527,18552,16102
A Line,2021,3,24143,19940,14885
A Line,2021,4,26652,20931,17036
A Line,2021,5,26194,20796,17059
A Line,2021,6,27349,22340,18381
A Line,2021,7,28923,20895,18187
A Line,2021,8,29298,19405,16653
A Line,2021,9,30758,21158,18133
A Line,2021,10,30842,20231,17567
A Line,2021,11,31909,21979,18655
A Line,2021,12,29571,0,17600
A Line,2022,1,30439,21590,18225
A Line,2022,2,33604,23152,20573
A Line,2022,3,35765,22644,19338
A Line,2022,4,34231,23718,20006
A Line,2022,5,34970,24017,20504
A Line,2022,6,34485,25568,21308
A Line,2022,7,34715,27108,22978
A Line,2022,8,35014,25074,21602
A Line,2022,9,37032,25909,23276
A Line,2022,10,37354,28386,23702
A Line,2022,11,34827,26555,20843
A Line,2022,12,33494,21942,20664
A Line,2023,1,34453,25531,21648
A Line,2023,2,36979,24921,22966
A Line,2023,3,35041,24617,21234
A Line,2023,4,35478,30557,24915
A Line,2023,5,34999,25743,22315
A Line,2023,6,35126,29210,24923
A Line,2023,7,54527,45784,41247
A Line,2023,8,57900,46771,37723
A Line,2023,9,59614,46758,39305
A Line,2023,10,61892,47893,45797
A Line,2023,11,61045,48479,39687
A Line,2023,12,59406,44905,42485
A Line,2024,1,60608,45047,38982
A Line,2024,2,61342,50595,50013
A Line,2024,3,67263,46467,42263
A Line,2024,4,66807,54085,43616
A Line,2024,5,69216,50625,44306
A Line,2024,6,67061,53536,46526
A Line,2024,7,65251,51271,46267
A Line,2024,8,67589,51716,46312
A Line,2024,9,70902,49665,45014
A Line,2024,10,70169,55138,46079
A Line,2024,11,70425,53867,43264
A Line,2024,12,64566,47118,38623
A Line,2025,1,58834,44450,37133
A Line,2025,2,67490,52478,44830
A Line,2025,3,65795,56100,47191
A Line,2025,4,70343,58227,46059
A Line,2025,5,68379,50675,42480
A Line,2025,6,63180,49183,44403
A Line,2025,7,62147,55490,45085
A Line,2025,8,65355,50875,43063
A Line,2025,9,71147,63628,49929
A Line,2025,10,71028,59347,48180
A Line,2025,11,71121,50626,44447
A Line,2025,12,64402,53747,40635
A Line,2026,1,66932,50297,38203
A Line,2026,2,68380,60222,45252
A Line,2026,3,73449,54412,48414
A Line,2026,4,73835,55406,48501
A Line,2026,5,75363,61431,50308
B Line,2018,4,133274,81302,68355
B Line,2018,5,135243,82786,70546
B Line,2018,6,137956,81957,70474
B Line,2018,7,135985,82756,69629
B Line,2018,8,135626,81407,73704
B Line,2018,9,138171,83801,71739
B Line,2018,10,138556,82630,69353
B Line,2018,11,138937,77120,71238
B Line,2018,12,140006,77786,72050
B Line,2019,1,139759,78342,71760
B Line,2019,2,139850,77831,69648
B Line,2019,3,136622,76355,68962
B Line,2019,4,135951,77066,67228
B Line,2019,5,134329,79423,62894
B Line,2019,6,132859,79348,63600
B Line,2019,7,130228,79572,61923
B Line,2019,8,127642,76831,62511
B Line,2019,9,131033,75981,62704
B Line,2019,10,131696,75594,61879
B Line,2019,11,130623,75032,62985
B Line,2019,12,130522,73647,60933
B Line,2020,1,133715,72692,61806
B Line,2020,2,133755,80847,61695
B Line,2020,3,79771,41631,40449
B Line,2020,4,42206,28454,22502
B Line,2020,5,50351,33529,25108
B Line,2020,6,62341,44412,42754
B Line,2020,7,57910,36784,30339
B Line,2020,8,56615,37884,30312
B Line,2020,9,60509,40650,32214
B Line,2020,10,63153,43906,33663
B Line,2020,11,64261,45297,35881
B Line,2020,12,54121,35578,30091
B Line,2021,1,50074,34081,29748
B Line,2021,2,51534,38704,33661
B Line,2021,3,55296,39993,32823
B Line,2021,4,59139,41393,35985
B Line,2021,5,60384,45601,38501
B Line,2021,6,62527,51116,42686
B Line,2021,7,63545,49177,41393
B Line,2021,8,66962,45628,39637
B Line,2021,9,72926,45317,42919
B Line,2021,10,81261,48592,44675
B Line,2021,11,83153,48560,46190
B Line,2021,12,76517,0,59571
B Line,2022,1,75688,49129,44475
B Line,2022,2,79369,57419,39747
B Line,2022,3,85959,71387,66488
B Line,2022,4,79214,61445,56549
B Line,2022,5,72350,65143,57979
B Line,2022,6,71264,65769,56416
B Line,2022,7,68859,66550,57248
B Line,2022,8,71512,63078,54720
B Line,2022,9,76306,62569,55880
B Line,2022,10,79350,62027,59457
B Line,2022,11,76562,63287,56160
B Line,2022,12,74779,56509,51826
B Line,2023,1,77990,61601,56260
B Line,2023,2,84489,66023,62455
B Line,2023,3,81162,68589,57694
B Line,2023,4,87054,70053,59994
B Line,2023,5,86968,68591,58594
B Line,2023,6,82349,70997,65247
B Line,2023,7,77597,66730,61290
B Line,2023,8,74157,65011,57549
B Line,2023,9,69653,54967,47882
B Line,2023,10,71086,56916,51526
B Line,2023,11,62749,50490,44749
B Line,2023,12,59202,50236,48247
B Line,2024,1,61884,48920,42840
B Line,2024,2,63819,52661,44263
B Line,2024,3,65976,50337,47508
B Line,2024,4,66642,51491,45942
B Line,2024,5,64729,52292,47176
B Line,2024,6,66618,55490,51816
B Line,2024,7,65590,53252,48531
B Line,2024,8,65690,54568,47293
B Line,2024,9,70745,55775,42995
B Line,2024,10,70637,53936,43286
B Line,2024,11,70940,53966,44474
B Line,2024,12,66813,50833,45221
B Line,2025,1,61030,47841,40604
B Line,2025,2,64978,50477,43653
B Line,2025,3,66033,51930,43282
B Line,2025,4,65512,54742,47503
B Line,2025,5,63114,48957,41054
B Line,2025,6,57471,43117,41778
B Line,2025,7,59417,44174,47887
B Line,2025,8,46012,39180,35350
B Line,2025,9,62897,51050,45727
B Line,2025,10,63504,55882,45856
B Line,2025,11,59854,46007,42603
B Line,2025,12,62047,50839,45473
B Line,2026,1,60269,44331,39270
B Line,2026,2,59563,48758,40224
B Line,2026,3,63451,50015,43038
B Line,2026,4,66232,58503,51800
B Line,2026,5,87237,75358,59997
C Line,2018,4,29401,14919,12459
C Line,2018,5,29184,15158,12500
C Line,2018,6,29733,15399,12914
C Line,2018,7,29875,15287,12870
C Line,2018,8,30106,16555,13401
C Line,2018,9,31469,17993,14303
C Line,2018,10,32406,18058,14595
C Line,2018,11,33177,18215,14779
C Line,2018,12,32039,18030,15057
C Line,2019,1,31711,17518,14992
C Line,2019,2,29607,16142,14002
C Line,2019,3,29056,15743,13880
C Line,2019,4,27783,16323,13654
C Line,2019,5,27190,16331,13392
C Line,2019,6,28272,16415,12974
C Line,2019,7,28547,16261,12995
C Line,2019,8,29295,16718,13820
C Line,2019,9,30239,17012,13855
C Line,2019,10,30236,17186,13824
C Line,2019,11,30052,16733,14349
C Line,2019,12,29501,16302,14354
C Line,2020,1,29333,16339,14307
C Line,2020,2,29376,16504,13956
C Line,2020,3,19015,10970,9491
C Line,2020,4,8694,7597,6547
C Line,2020,5,9790,8307,6750
C Line,2020,6,10304,8399,6963
C Line,2020,7,12160,8403,7448
C Line,2020,8,11854,7800,6981
C Line,2020,9,12192,8277,7093
C Line,2020,10,12141,8624,7241
C Line,2020,11,11604,7202,6411
C Line,2020,12,10974,7425,6009
C Line,2021,1,11146,7448,6462
C Line,2021,2,11745,7719,6493
C Line,2021,3,11697,8269,6834
C Line,2021,4,12515,8309,6814
C Line,2021,5,12925,8873,7319
C Line,2021,6,13688,8421,7471
C Line,2021,7,14156,8957,7725
C Line,2021,8,15482,10938,9050
C Line,2021,9,15700,9325,9749
C Line,2021,10,15439,8665,10013
C Line,2021,11,15868,10541,9770
C Line,2021,12,14090,0,8702
C Line,2022,1,14605,9400,9170
C Line,2022,2,16026,10221,9998
C Line,2022,3,16980,10516,8779
C Line,2022,4,16991,10573,8124
C Line,2022,5,17687,11442,9562
C Line,2022,6,17499,11282,9474
C Line,2022,7,17328,11460,9900
C Line,2022,8,18312,12554,9591
C Line,2022,9,19508,11956,11907
C Line,2022,10,19873,12083,12653
C Line,2022,11,18859,12134,11340
C Line,2022,12,17791,10947,11355
C Line,2023,1,17577,11047,10103
C Line,2023,2,18633,11426,10431
C Line,2023,3,18339,12642,10087
C Line,2023,4,18815,12542,10421
C Line,2023,5,19675,12744,10563
C Line,2023,6,19342,13078,10764
C Line,2023,7,19714,13156,11835
C Line,2023,8,19525,13414,11160
C Line,2023,9,19959,12448,11914
C Line,2023,10,21367,14419,14500
C Line,2023,11,20494,9196,11479
C Line,2023,12,20218,13450,11898
C Line,2024,1,20377,12411,11473
C Line,2024,2,19908,13047,12186
C Line,2024,3,22413,11909,12906
C Line,2024,4,20404,12707,12328
C Line,2024,5,21902,14919,13359
C Line,2024,6,21343,15075,13302
C Line,2024,7,21242,14994,13835
C Line,2024,8,20608,15501,13758
C Line,2024,9,22067,14069,13204
C Line,2024,10,22852,14843,14506
C Line,2024,11,19836,13010,12652
C Line,2024,12,18751,14299,12068
C Line,2025,1,19024,13329,11732
C Line,2025,2,19164,13262,11331
C Line,2025,3,18447,12791,11075
C Line,2025,4,18908,12827,11151
C Line,2025,5,19805,13318,11355
C Line,2025,6,15225,11479,10797
C Line,2025,7,18198,13677,11986
C Line,2025,8,20759,15845,14228
C Line,2025,9,19578,13314,13370
C Line,2025,10,19611,13661,12367
C Line,2025,11,19047,12902,12921
C Line,2025,12,19080,14933,12784
C Line,2026,1,19356,12698,11737
C Line,2026,2,19260,14275,11149
C Line,2026,3,21622,15138,13228
C Line,2026,4,18739,14117,11478
C Line,2026,5,19053,13095,10635
E Line,2018,4,48306,31715,24509
E Line,2018,5,50934,31928,24323
E Line,2018,6,52072,33011,24395
E Line,2018,7,50552,32712,24292
E Line,2018,8,49643,33050,23379
E Line,2018,9,49521,29736,24900
E Line,2018,10,50663,29432,25424
E Line,2018,11,51673,28644,26510
E Line,2018,12,55028,27639,26449
E Line,2019,1,54907,27194,26004
E Line,2019,2,54130,28121,25650
E Line,2019,3,52632,27422,25952
E Line,2019,4,50463,28110,25029
E Line,2019,5,48563,30184,24368
E Line,2019,6,47884,29931,23769
E Line,2019,7,44686,29943,24573
E Line,2019,8,43027,29883,24456
E Line,2019,9,42108,30640,23813
E Line,2019,10,42505,30305,23691
E Line,2019,11,43838,29352,22926
E Line,2019,12,47329,30896,22922
E Line,2020,1,47962,30836,22788
E Line,2020,2,47697,30393,22757
E Line,2020,3,26926,13317,13603
E Line,2020,4,12847,10019,7705
E Line,2020,5,15420,12126,9063
E Line,2020,6,19444,16049,13273
E Line,2020,7,13636,11081,9753
E Line,2020,8,13566,10785,9592
E Line,2020,9,14446,11248,9662
E Line,2020,10,14545,11771,11336
E Line,2020,11,12873,10104,7849
E Line,2020,12,11240,8571,7560
E Line,2021,1,10880,8787,7707
E Line,2021,2,11814,9792,8849
E Line,2021,3,12083,11263,9006
E Line,2021,4,12810,10984,9206
E Line,2021,5,13697,11720,9427
E Line,2021,6,14948,12125,10737
E Line,2021,7,15292,12276,10749
E Line,2021,8,16665,12522,11100
E Line,2021,9,17505,13598,10848
E Line,2021,10,18053,15182,11919
E Line,2021,11,18450,14030,11087
E Line,2021,12,15674,0,10497
E Line,2022,1,15872,12681,13380
E Line,2022,2,18520,14230,12108
E Line,2022,3,19631,17201,13251
E Line,2022,4,20121,15244,12454
E Line,2022,5,20378,15476,13156
E Line,2022,6,19611,15827,12813
E Line,2022,7,19337,15489,11924
E Line,2022,8,19517,13735,13314
E Line,2022,9,21529,15977,13044
E Line,2022,10,21588,15751,14417
E Line,2022,11,19772,15735,12210
E Line,2022,12,18701,14270,11455
E Line,2023,1,19365,14401,14434
E Line,2023,2,19966,14026,13172
E Line,2023,3,20412,15151,13485
E Line,2023,4,20863,14048,15466
E Line,2023,5,20860,14833,12517
E Line,2023,6,20078,16814,13877
E Line,2023,7,41088,34015,31010
E Line,2023,8,43121,38962,30615
E Line,2023,9,43837,35578,28523
E Line,2023,10,44433,38902,30135
E Line,2023,11,43949,37122,26854
E Line,2023,12,38932,31969,26279
E Line,2024,1,38060,26952,21642
E Line,2024,2,42098,35334,26126
E Line,2024,3,46550,34465,30990
E Line,2024,4,47714,42207,33734
E Line,2024,5,48913,34307,31930
E Line,2024,6,46602,37699,32123
E Line,2024,7,45664,39098,34403
E Line,2024,8,48213,40019,34287
E Line,2024,9,52093,43652,32788
E Line,2024,10,52949,41566,34286
E Line,2024,11,49366,44280,33378
E Line,2024,12,45686,35350,28099
E Line,2025,1,44017,33904,25195
E Line,2025,2,48964,39366,33492
E Line,2025,3,48403,39996,33782
E Line,2025,4,52246,45165,36105
E Line,2025,5,54798,39872,34426
E Line,2025,6,47001,42701,33069
E Line,2025,7,46432,40603,35000
E Line,2025,8,49440,42380,36750
E Line,2025,9,54528,45152,36320
E Line,2025,10,54097,47883,36694
E Line,2025,11,52344,39877,32630
E Line,2025,12,47840,39282,30223
E Line,2026,1,49639,37726,28525
E Line,2026,2,53065,45605,35788
E Line,2026,3,53980,46453,37523
E Line,2026,4,56522,46491,39848
E Line,2026,5,56563,44886,37734
L Line,2018,4,60635,38424,33237
L Line,2018,5,59524,37407,33744
L Line,2018,6,59877,37709,33895
L Line,2018,7,60432,37499,34203
L Line,2018,8,60936,37815,34543
L Line,2018,9,61356,38158,36388
L Line,2018,10,61957,36986,34422
L Line,2018,11,62935,37687,32468
L Line,2018,12,62383,36405,31558
L Line,2019,1,61572,34958,29833
L Line,2019,2,61104,34209,30366
L Line,2019,3,61828,34302,31231
L Line,2019,4,62135,33631,30619
L Line,2019,5,61372,33841,30530
L Line,2019,6,61045,33387,30197
L Line,2019,7,58521,33855,29800
L Line,2019,8,56147,33385,29045
L Line,2019,9,54030,33474,28902
L Line,2019,10,53242,33743,28664
L Line,2019,11,51833,33694,28768
L Line,2019,12,52995,32888,28721
L Line,2020,1,55117,33544,29873
L Line,2020,2,57659,35859,31611
L Line,2020,3,32030,17505,25548
L Line,2020,4,12848,10179,10049
L Line,2020,5,15261,12140,11330
L Line,2020,6,18357,15827,15699
L Line,2020,7,18132,15318,13346
L Line,2020,8,18553,16409,13766
L Line,2020,9,18667,16830,14803
L Line,2020,10,18983,16470,14171
L Line,2020,11,18129,14778,12736
L Line,2020,12,16333,13597,10778
L Line,2021,1,15999,12491,11525
L Line,2021,2,17641,15930,13543
L Line,2021,3,18521,16881,13751
L Line,2021,4,19397,16947,13974
L Line,2021,5,21080,19128,14804
L Line,2021,6,24803,21677,17939
L Line,2021,7,24903,22676,17962
L Line,2021,8,26264,18094,14532
L Line,2021,9,29153,24191,17753
L Line,2021,10,29788,23055,17872
L Line,2021,11,29861,24164,17982
L Line,2021,12,24794,0,14542
L Line,2022,1,26165,19060,16448
L Line,2022,2,32308,25745,22175
L Line,2022,3,33490,24150,20526
L Line,2022,4,31537,24339,20247
L Line,2022,5,32056,24806,21034
L Line,2022,6,32249,24419,22295
L Line,2022,7,31874,24943,22718
L Line,2022,8,34213,25869,23019
L Line,2022,9,36705,28040,23034
L Line,2022,10,37789,29085,24396
L Line,2022,11,36481,32029,22137
L Line,2022,12,32280,23179,18893
L Line,2023,1,32564,22718,19428
L Line,2023,2,36360,23066,22992
L Line,2023,3,35142,26064,21513
L Line,2023,4,33176,29180,21159
L Line,2023,5,34304,26185,21355
L Line,2023,6,33621,23574,21022
L Line,2023,7,0,0,0
L Line,2023,8,0,0,0
L Line,2023,9,0,0,0
L Line,2023,10,0,0,0
L Line,2023,11,0,0,0
L Line,2023,12,0,0,0
L Line,2024,1,0,0,0
L Line,2024,2,0,0,0
L Line,2024,3,0,0,0
L Line,2024,4,0,0,0
L Line,2024,5,0,0,0
L Line,2024,6,0,0,0
L Line,2024,7,0,0,0
L Line,2024,8,0,0,0
L Line,2024,9,0,0,0
L Line,2024,10,0,0,0
L Line,2024,11,0,0,0
L Line,2024,12,0,0,0
L Line,2025,1,0,0,0
L Line,2025,2,0,0,0
L Line,2025,3,0,0,0
L Line,2025,4,0,0,0
L Line,2025,5,0,0,0
L Line,2025,6,0,0,0
K Line,2018,7,0,0,0
K Line,2018,8,0,0,0
K Line,2018,9,0,0,0
K Line,2018,10,0,0,0
K Line,2018,11,0,0,0
K Line,2018,12,0,0,0
K Line,2019,1,0,0,0
K Line,2019,2,0,0,0
K Line,2019,3,0,0,0
K Line,2019,4,0,0,0
K Line,2019,5,0,0,0
K Line,2019,6,0,0,0
K Line,2019,7,0,0,0
K Line,2019,8,0,0,0
K Line,2019,9,0,0,0
K Line,2019,10,0,0,0
K Line,2019,11,0,0,0
K Line,2019,12,0,0,0
K Line,2020,1,0,0,0
K Line,2020,2,0,0,0
K Line,2020,3,0,0,0
K Line,2020,4,0,0,0
K Line,2020,5,0,0,0
K Line,2020,6,0,0,0
K Line,2020,7,0,0,0
K Line,2020,8,0,0,0
K Line,2020,9,0,0,0
K Line,2020,10,0,0,0
K Line,2020,11,0,0,0
K Line,2020,12,0,0,0
K Line,2021,1,0,0,0
K Line,2021,2,0,0,0
K Line,2021,3,0,0,0
K Line,2021,4,0,0,0
K Line,2021,5,0,0,0
K Line,2021,6,0,0,0
K Line,2021,7,0,0,0
K Line,2021,8,0,0,0
K Line,2021,9,0,0,0
K Line,2021,10,0,0,0
K Line,2021,11,0,0,0
K Line,2021,12,0,0,0
K Line,2022,1,0,0,0
K Line,2022,2,0,0,0
K Line,2022,3,0,0,0
K Line,2022,4,0,0,0
K Line,2022,5,0,0,0
K Line,2022,6,0,0,0
K Line,2022,7,0,0,0
K Line,2022,8,0,0,0
K Line,2022,9,0,0,0
K Line,2022,10,3023,3864,3812
K Line,2022,11,2742,2292,2124
K Line,2022,12,2732,2131,2101
K Line,2023,1,2896,2285,2096
K Line,2023,2,2866,2445,2059
K Line,2023,3,2929,2379,2086
K Line,2023,4,3076,2457,2271
K Line,2023,5,2855,2401,2132
K Line,2023,6,2958,2479,1979
K Line,2023,7,2744,2430,2119
K Line,2023,8,3109,2525,2019
K Line,2023,9,3045,2621,2359
K Line,2023,10,2948,3292,2494
K Line,2023,11,2763,2322,2054
K Line,2023,12,2806,2300,2181
K Line,2024,1,2757,1890,1854
K Line,2024,2,2796,2251,1896
K Line,2024,3,3118,2298,2039
K Line,2024,4,3170,2557,1742
K Line,2024,5,3136,2433,2299
K Line,2024,6,3305,2584,2119
K Line,2024,7,3058,2603,2425
K Line,2024,8,3248,2996,2583
K Line,2024,9,3313,2426,2226
K Line,2024,10,3692,3822,2770
K Line,2024,11,6846,4644,4320
K Line,2024,12,6005,4470,4131
K Line,2025,1,5761,4138,3718
K Line,2025,2,5838,4165,3910
K Line,2025,3,5665,4167,3561
K Line,2025,4,5673,4483,3441
K Line,2025,5,6176,4164,3880
K Line,2025,6,7916,7723,6673
K Line,2025,7,7838,6383,5952
K Line,2025,8,8213,7091,6400
K Line,2025,9,8474,6547,6511
K Line,2025,10,8471,7954,6528
K Line,2025,11,7602,5941,6119
K Line,2025,12,7847,6658,5710
K Line,2026,1,8262,6299,5863
K Line,2026,2,8282,6454,5965
K Line,2026,3,8854,7386,6250
K Line,2026,4,8942,7075,6060
K Line,2026,5,9028,6764,6219
Line 857,2018,7,0,0,0
Line 857,2018,8,0,0,0
Line 857,2018,9,0,0,0
Line 857,2018,10,0,0,0
Line 857,2018,11,0,0,0
Line 857,2018,12,0,0,0
Line 857,2019,1,0,0,0
Line 857,2019,2,0,0,0
Line 857,2019,3,0,0,0
Line 857,2019,4,0,0,0
Line 857,2019,5,0,0,0
Line 857,2019,6,0,0,0
Line 857,2019,7,0,0,0
Line 857,2019,8,0,0,0
Line 857,2019,9,0,0,0
Line 857,2019,10,0,0,0
Line 857,2019,11,0,0,0
Line 857,2019,12,0,0,0
Line 857,2020,1,0,0,0
Line 857,2020,2,0,0,0
Line 857,2020,3,0,0,0
Line 857,2020,4,0,0,0
Line 857,2020,5,0,0,0
Line 857,2020,6,0,0,0
Line 857,2020,7,0,0,0
Line 857,2020,8,0,0,0
Line 857,2020,9,0,0,0
Line 857,2020,10,0,0,0
Line 857,2020,11,0,0,0
Line 857,2020,12,0,0,0
Line 857,2021,1,0,0,0
Line 857,2021,2,0,0,0
Line 857,2021,3,0,0,0
Line 857,2021,4,0,0,0
Line 857,2021,5,0,0,0
Line 857,2021,6,0,0,0
Line 857,2021,7,0,0,0
Line 857,2021,8,0,0,0
Line 857,2021,9,0,0,0
Line 857,2021,10,0,0,0
Line 857,2021,11,0,0,0
Line 857,2021,12,0,0,0
Line 857,2022,1,0,0,0
Line 857,2022,2,0,0,0
Line 857,2022,3,0,0,0
Line 857,2022,4,0,0,0
Line 857,2022,5,0,0,0
Line 857,2022,6,0,0,0
Line 857,2022,7,0,0,0
Line 857,2022,8,0,0,0
Line 857,2022,9,0,0,0
Line 857,2022,10,180,104,209
Line 857,2022,11,420,345,348
Line 857,2022,12,397,310,295
Line 857,2023,1,420,347,348
Line 857,2023,2,419,348,348
Line 857,2023,3,630,522,522
Line 857,2023,4,630,522,522
Line 857,2023,5,630,513,522
Line 857,2023,6,420,346,348
Line 857,2023,7,630,520,522
Line 857,2023,8,630,522,522
Line 857,2023,9,630,522,519
Line 857,2023,10,630,522,520
Line 857,2023,11,630,522,522
Line 857,2023,12,651,428,392
Line 857,2024,1,660,366,366
Line 857,2024,2,657,366,350
Line 857,2024,3,660,366,362
Line 857,2024,4,660,366,365
Line 857,2024,5,657,366,365
Line 857,2024,6,660,366,366
Line 857,2024,7,658,600,600
Line 857,2024,8,657,598,600
Line 857,2024,9,660,587,600
Line 857,2024,10,658,587,600
Line 857,2024,11,657,600,600
Line 857,2024,12,782,645,671
Line 857,2025,1,736,751,598
Line 857,2025,2,821,807,705
Line 857,2025,3,810,709,657
Line 857,2025,4,846,743,702
Line 857,2025,5,898,731,796
Line 857,2025,6,988,800,605
G Line,2018,4,23346,13526,10540
G Line,2018,5,24149,13569,11009
G Line,2018,6,21842,13072,10155
G Line,2018,7,20515,12305,10209
G Line,2018,8,21788,12739,10310
G Line,2018,9,24158,12811,10311
G Line,2018,10,24425,12616,10337
G Line,2018,11,22723,11941,10227
G Line,2018,12,20028,12429,9567
G Line,2019,1,20308,11540,9520
G Line,2019,2,22656,11524,9105
G Line,2019,3,22805,12244,10072
G Line,2019,4,22581,12899,10118
G Line,2019,5,22836,13152,10072
G Line,2019,6,20651,13084,10306
G Line,2019,7,19834,11972,10289
G Line,2019,8,20483,12121,9903
G Line,2019,9,23229,12154,9819
G Line,2019,10,23356,12491,10172
G Line,2019,11,21690,11560,9096
G Line,2019,12,19179,11392,8565
G Line,2020,1,19932,11447,9296
G Line,2020,2,22256,12056,9725
G Line,2020,3,14552,8431,7349
G Line,2020,4,6256,5008,4239
G Line,2020,5,7317,5721,4841
G Line,2020,6,8302,6837,5845
G Line,2020,7,8320,6702,6738
G Line,2020,8,8454,6799,5450
G Line,2020,9,8819,6943,5677
G Line,2020,10,8875,7138,5908
G Line,2020,11,8789,6846,5740
G Line,2020,12,8102,6572,5297
G Line,2021,1,7929,6290,5309
G Line,2021,2,8413,6831,5762
G Line,2021,3,8579,7095,5976
G Line,2021,4,9235,7354,6255
G Line,2021,5,9766,7796,6692
G Line,2021,6,9999,8042,6661
G Line,2021,7,10766,8194,7180
G Line,2021,8,11270,8050,6882
G Line,2021,9,11376,7898,6828
G Line,2021,10,11990,8136,6931
G Line,2021,11,11874,8331,6631
G Line,2021,12,10276,0,6151
G Line,2022,1,10359,7607,6167
G Line,2022,2,12098,8374,6977
G Line,2022,3,12718,8824,7149
G Line,2022,4,12711,8858,7183
G Line,2022,5,13062,8905,7448
G Line,2022,6,12527,9143,7467
G Line,2022,7,12328,8703,7435
G Line,2022,8,13130,9112,7798
G Line,2022,9,14384,9300,7834
G Line,2022,10,14392,9463,7643
G Line,2022,11,13843,9427,7506
G Line,2022,12,12756,8289,7137
G Line,2023,1,12723,8543,7493
G Line,2023,2,14102,8729,8418
G Line,2023,3,13628,8990,8032
G Line,2023,4,14109,9648,8115
G Line,2023,5,13787,9343,8307
G Line,2023,6,13173,9251,7993
G Line,2023,7,12760,9118,7842
G Line,2023,8,13406,9215,7372
G Line,2023,9,14689,9153,8302
G Line,2023,10,14524,9417,7845
G Line,2023,11,14252,9023,7843
G Line,2023,12,12745,8794,7061
G Line,2024,1,12846,8607,7144
G Line,2024,2,13624,9545,7425
G Line,2024,3,14370,8184,7587
G Line,2024,4,14169,8798,7675
G Line,2024,5,14036,9135,7913
G Line,2024,6,13016,9510,7856
G Line,2024,7,12260,8719,7622
G Line,2024,8,13325,8902,7628
G Line,2024,9,15475,9318,7873
G Line,2024,10,14981,9783,7833
G Line,2024,11,14034,9094,7569
G Line,2024,12,12878,9095,7583
G Line,2025,1,12336,8217,6668
G Line,2025,2,13225,8698,7592
G Line,2025,3,12938,8158,7132
G Line,2025,4,12851,8399,7297
G Line,2025,5,13200,8063,7250
G Line,2025,6,11734,8000,7027
G Line,2025,7,10570,7284,6527
G Line,2025,8,11780,8425,6934
G Line,2025,9,12930,7680,6841
G Line,2025,10,12911,8246,7027
G Line,2025,11,11894,7611,6698
G Line,2025,12,11477,8008,6605
G Line,2026,1,11032,7367,5913
G Line,2026,2,11967,7884,6725
G Line,2026,3,12031,7662,6856
G Line,2026,4,11521,7574,6364
G Line,2026,5,11908,7469,6293
J Line,2018,4,15663,6398,5116
J Line,2018,5,15119,6282,5054
J Line,2018,6,14444,6199,5153
J Line,2018,7,14092,6328,5166
J Line,2018,8,15094,6786,5273
J Line,2018,9,16922,6764,5780
J Line,2018,10,16853,6723,5554
J Line,2018,11,15188,6396,5285
J Line,2018,12,13201,6375,4939
J Line,2019,1,13851,6003,4688
J Line,2019,2,16581,6230,4923
J Line,2019,3,16850,6934,5516
J Line,2019,4,16703,6815,5728
J Line,2019,5,16269,6976,5284
J Line,2019,6,16015,7334,5832
J Line,2019,7,16806,7618,6401
J Line,2019,8,18310,8212,6503
J Line,2019,9,21267,8508,7072
J Line,2019,10,22347,9252,7549
J Line,2019,11,19203,8095,5961
J Line,2019,12,16451,7268,5780
J Line,2020,1,17213,7395,5425
J Line,2020,2,19277,7575,5584
J Line,2020,3,11604,4603,4201
J Line,2020,4,3955,2750,2305
J Line,2020,5,4448,3371,2943
J Line,2020,6,5166,4044,3420
J Line,2020,7,6030,4359,4430
J Line,2020,8,6288,4425,3904
J Line,2020,9,6546,4545,3765
J Line,2020,10,6679,4692,4018
J Line,2020,11,6666,4242,3619
J Line,2020,12,6146,4265,3451
J Line,2021,1,5960,4053,3384
J Line,2021,2,6628,4684,4024
J Line,2021,3,6861,4714,4039
J Line,2021,4,7399,4998,4179
J Line,2021,5,7679,5207,4354
J Line,2021,6,8190,5713,4720
J Line,2021,7,8850,5824,4622
J Line,2021,8,10227,6736,5607
J Line,2021,9,11628,6512,5215
J Line,2021,10,11842,6720,5687
J Line,2021,11,11801,7118,5567
J Line,2021,12,10320,0,5138
J Line,2022,1,8876,5360,4491
J Line,2022,2,10940,6239,5082
J Line,2022,3,11677,6758,5204
J Line,2022,4,12093,6569,5083
J Line,2022,5,11604,6406,5210
J Line,2022,6,10500,6501,5349
J Line,2022,7,11184,6806,5461
J Line,2022,8,12719,6857,5498
J Line,2022,9,14672,7264,5550
J Line,2022,10,15063,7478,6065
J Line,2022,11,13629,7543,5776
J Line,2022,12,12079,6215,5296
J Line,2023,1,12424,6387,5217
J Line,2023,2,14441,6741,5698
J Line,2023,3,14020,7344,5963
J Line,2023,4,15030,7947,6267
J Line,2023,5,14760,7806,6274
J Line,2023,6,13720,7789,6420
J Line,2023,7,13324,7844,6353
J Line,2023,8,14665,8230,5904
J Line,2023,9,16641,8255,6693
J Line,2023,10,16863,8622,6832
J Line,2023,11,15689,8342,6496
J Line,2023,12,14030,7880,6104
J Line,2024,1,14367,7375,6137
J Line,2024,2,15421,8267,6315
J Line,2024,3,16579,7809,6856
J Line,2024,4,16313,8466,7045
J Line,2024,5,15967,8498,7319
J Line,2024,6,14345,8559,7130
J Line,2024,7,14732,8840,7234
J Line,2024,8,16062,8980,7510
J Line,2024,9,17994,9136,7469
J Line,2024,10,18093,9737,7818
J Line,2024,11,16746,9134,7303
J Line,2024,12,15015,8836,6966
J Line,2025,1,15056,8537,6845
J Line,2025,2,16617,8923,7180
J Line,2025,3,16518,9242,7540
J Line,2025,4,16534,9146,7787
J Line,2025,5,16106,8837,7442
J Line,2025,6,13569,8259,7071
J Line,2025,7,13476,7590,6686
J Line,2025,8,14596,8047,6973
J Line,2025,9,16456,8110,6892
J Line,2025,10,15909,8778,7090
J Line,2025,11,14642,7628,6644
J Line,2025,12,14052,8188,6579
J Line,2026,1,14040,7342,5953
J Line,2026,2,15341,8420,6636
J Line,2026,3,15521,8037,6999
J Line,2026,4,15589,8445,7033
J Line,2026,5,15155,8577,7207
