"Fiscal Year Ended","Taxing Jurisdiction","Amount Distributed","Jurisdiction Sort Order"
"2025","New York State Sales and Use Tax","$19,096,165,401","1"
"2025","New York City Sales and Use Tax","$10,478,287,112","2"
"2025","Metropolitan Commuter Transportation District Sales and Use Tax","$1,348,268,052","3"
"2025","Albany County Sales and Use Tax","$373,153,058","4"
"2025","Allegany County Sales and Use Tax","$29,704,715","5"
"2025","Broome County Sales and Use Tax","$190,245,682","6"
"2025","Cattaraugus County Sales and Use Tax","$52,122,078","7"
"2025","Cayuga County Sales and Use Tax","$48,559,944","8"
"2025","Chautauqua County Sales and Use Tax","$91,930,844","9"
"2025","Chemung County Sales and Use Tax","$74,146,293","10"
"2025","Chenango County Sales and Use Tax","$32,068,717","11"
"2025","Clinton County Sales and Use Tax","$75,362,702","12"
"2025","Columbia County Sales and Use Tax","$61,130,375","13"
"2025","Cortland County Sales and Use Tax","$40,887,912","14"
"2025","Delaware County Sales and Use Tax","$31,467,634","15"
"2025","Dutchess County Sales and Use Tax","$263,559,077","16"
"2025","Erie County Sales and Use Tax","$1,029,512,430","17"
"2025","Essex County Sales and Use Tax","$42,941,871","18"
"2025","Franklin County Sales and Use Tax","$33,631,166","19"
"2025","Fulton County Sales and Use Tax","$30,471,992","20"
"2025","Genesee County Sales and Use Tax","$56,334,616","21"
"2025","Greene County Sales and Use Tax","$50,687,385","22"
"2025","Hamilton County Sales and Use Tax","$5,491,364","23"
"2025","Herkimer County Sales and Use Tax","$45,617,894","24"
"2025","Jefferson County Sales and Use Tax","$104,011,884","25"
"2025","Lewis County Sales and Use Tax","$18,841,228","26"
"2025","Livingston County Sales and Use Tax","$48,574,028","27"
"2025","Madison County Sales and Use Tax","$41,907,595","28"
"2025","Monroe County Sales and Use Tax","$634,168,719","29"
"2025","Montgomery County Sales and Use Tax","$49,008,335","30"
"2025","Nassau County Sales and Use Tax","$1,580,591,459","31"
"2025","Niagara County Sales and Use Tax","$168,021,405","32"
"2025","Oneida County Sales and Use Tax","$198,936,154","33"
"2025","Onondaga County Sales and Use Tax","$493,604,628","34"
"2025","Ontario County Sales and Use Tax","$116,386,269","35"
"2025","Orange County Sales and Use Tax","$396,116,464","36"
"2025","Orleans County Sales and Use Tax","$23,518,158","37"
"2025","Oswego County Sales and Use Tax","$62,270,542","38"
"2025","Otsego County Sales and Use Tax","$52,503,140","39"
"2025","Putnam County Sales and Use Tax","$85,629,227","40"
"2025","Rensselaer County Sales and Use Tax","$125,589,739","41"
"2025","Rockland County Sales and Use Tax","$290,528,031","42"
"2025","St. Lawrence County Sales and Use Tax","$85,756,096","43"
"2025","Saratoga County Sales and Use Tax","$171,868,618","44"
"2025","Schenectady County Sales and Use Tax","$139,977,651","45"
"2025","Schoharie County Sales and Use Tax","$24,652,734","46"
"2025","Schuyler County Sales and Use Tax","$16,897,922","47"
"2025","Seneca County Sales and Use Tax","$33,106,316","48"
"2025","Steuben County Sales and Use Tax","$74,219,442","49"
"2025","Suffolk County Sales and Use Tax","$1,940,186,889","50"
"2025","Sullivan County Sales and Use Tax","$80,807,223","51"
"2025","Tioga County Sales and Use Tax","$31,863,733","52"
"2025","Tompkins County Sales and Use Tax","$67,226,906","53"
"2025","Ulster County Sales and Use Tax","$175,346,949","54"
"2025","Warren County Sales and Use Tax","$74,511,654","55"
"2025","Washington County Sales and Use Tax","$30,749,218","56"
"2025","Wayne County Sales and Use Tax","$66,073,570","57"
"2025","Westchester County Sales and Use Tax","$939,298,388","58"
"2025","Wyoming County Sales and Use Tax","$27,016,189","59"
"2025","Yates County Sales and Use Tax","$20,107,575","60"
"2025","City of Auburn Sales and Use Tax","$11,529,410","61"
"2025","City of Corning Sales and Use Tax","$498","62"
"2025","City of Fulton Sales and Use Tax","$123","63"
"2025","City of Geneva Sales and Use Tax","$425","64"
"2025","City of Glens Falls Sales and Use Tax","$5,170,819","65"
"2025","City of Gloversville Sales and Use Tax","$4,875,389","66"
"2025","City of Hornell Sales and Use Tax","$614","67"
"2025","City of Ithaca Sales and Use Tax","$14,695,884","68"
"2025","City of Johnstown Sales and Use Tax","$5,814,099","69"
"2025","City of Mount Vernon Sales and Use Tax","$29,648,800","70"
"2025","City of New Rochelle Sales and Use Tax","$43,297,784","71"
"2025","City of Norwich Sales and Use Tax","$2,378,838","72"
"2025","City of Ogdensburg Sales and Use Tax","$2,132,515","73"
"2025","City of Olean Sales and Use Tax","$5,337,214","74"
"2025","City of Oneida Sales and Use Tax","$6,835,729","75"
"2025","City of Oswego Sales and Use Tax","$23,163,849","76"
"2025","City of Rome Sales and Use Tax","$10,256,420","77"
"2025","City of Salamanca Sales and Use Tax","$853,767","78"
"2025","City of Saratoga Springs Sales and Use Tax","$19,319,786","79"
"2025","City of Sherrill Sales and Use Tax","$194","80"
"2025","City of Utica Sales and Use Tax","$14,688,095","81"
"2025","City of White Plains Sales and Use Tax","$58,502,639","82"
"2025","City of Yonkers Sales and Use Tax","$83,381,305","83"
"2025","City of Yonkers Special Sales and Use Tax","$41,694,668","84"
"2025","City of Newburgh Consumer Utilities","$1,420,214","85"
"2025","City of Port Jervis Consumer Utilities","$445,320","86"
"2025","Albany City School District Consumer Utilities","$4,574,192","87"
"2025","Batavia City School District Consumer Utilities","$760,625","88"
"2025","Cohoes City School District Consumer Utilities","$666,316","89"
"2025","Glen Cove City School District Consumer Utilities","$1,509,488","90"
"2025","Gloversville City School District Consumer Utilities","$712,034","91"
"2025","Hornell City School District Consumer Utilities","$359,650","92"
"2025","Hudson City School District Consumer Utilities","$801,383","93"
"2025","Johnstown City School District Consumer Utilities","$585,553","94"
"2025","Lackawanna City School District Consumer Utilities","$532,593","95"
"2025","Long Beach City School District Consumer Utilities","$2,060,546","96"
"2025","Middletown City School District Consumer Utilities","$2,445,159","97"
"2025","Mt. Vernon City School District Consumer Utilities","$4,047,603","98"
"2025","New Rochelle City School District Consumer Utilities","$5,857,115","99"
"2025","Newburgh City School District Consumer Utilities","$3,131,548","100"
"2025","Niagara Falls City School District Consumer Utilities","$2,261,354","101"
"2025","Ogdensburg City School District Consumer Utilities","$471,987","102"
"2025","Peekskill City School District Consumer Utilities","$1,665,325","103"
"2025","Poughkeepsie City School District Consumer Utilities","$1,668,110","104"
"2025","Rensselaer City School District Consumer Utilities","$529,161","105"
"2025","Rye City School District Consumer Utilities","$1,601,126","106"
"2025","Schenectady City School District Consumer Utilities","$2,674,161","107"
"2025","Troy City School District Consumer Utilities","$1,487,330","108"
"2025","Utica City School District Consumer Utilities","$2,221,958","109"
"2025","Watertown City School District Consumer Utilities","$1,326,374","110"
"2025","Watervliet City School District Consumer Utilities","$429,059","111"
"2025","White Plains City School District Consumer Utilities","$5,913,319","112"
"2025","New York City Convention Center Development Corporation Hotel Occupancy","$50,804,132","113"
"2025","City of Lockport Admissions, Club Dues, Food, Drink, Amusements and Utilities Services","$2,554,248","114"
"2025","City of Long Beach Hotel Occupancy and Restaurant Meals","$5,155,892","115"
"2025","City of Niagara Falls Admissions, Club Dues, Food, Drink, Amusements, Hotel Occupancy, Utilities Services","$9,738,722","116"
"2024","New York State Sales and Use Tax","$18,709,013,111","1"
"2024","New York City Sales and Use Tax","$10,204,615,336","2"
"2024","Metropolitan Commuter Transportation District Sales and Use Tax","$1,319,718,081","3"
"2024","Albany County Sales and Use Tax","$357,303,003","4"
"2024","Allegany County Sales and Use Tax","$30,663,603","5"
"2024","Broome County Sales and Use Tax","$180,917,910","6"
"2024","Cattaraugus County Sales and Use Tax","$51,170,556","7"
"2024","Cayuga County Sales and Use Tax","$46,489,212","8"
"2024","Chautauqua County Sales and Use Tax","$91,726,317","9"
"2024","Chemung County Sales and Use Tax","$75,802,728","10"
"2024","Chenango County Sales and Use Tax","$32,781,017","11"
"2024","Clinton County Sales and Use Tax","$74,695,109","12"
"2024","Columbia County Sales and Use Tax","$61,892,344","13"
"2024","Cortland County Sales and Use Tax","$39,043,400","14"
"2024","Delaware County Sales and Use Tax","$31,190,464","15"
"2024","Dutchess County Sales and Use Tax","$252,256,594","16"
"2024","Erie County Sales and Use Tax","$1,038,974,182","17"
"2024","Essex County Sales and Use Tax","$42,585,729","18"
"2024","Franklin County Sales and Use Tax","$33,606,974","19"
"2024","Fulton County Sales and Use Tax","$29,475,470","20"
"2024","Genesee County Sales and Use Tax","$56,355,874","21"
"2024","Greene County Sales and Use Tax","$48,256,953","22"
"2024","Hamilton County Sales and Use Tax","$5,408,066","23"
"2024","Herkimer County Sales and Use Tax","$45,745,400","24"
"2024","Jefferson County Sales and Use Tax","$103,725,000","25"
"2024","Lewis County Sales and Use Tax","$18,089,340","26"
"2024","Livingston County Sales and Use Tax","$47,789,905","27"
"2024","Madison County Sales and Use Tax","$41,857,344","28"
"2024","Monroe County Sales and Use Tax","$637,806,619","29"
"2024","Montgomery County Sales and Use Tax","$47,019,553","30"
"2024","Nassau County Sales and Use Tax","$1,561,637,134","31"
"2024","Niagara County Sales and Use Tax","$168,520,240","32"
"2024","Oneida County Sales and Use Tax","$196,845,083","33"
"2024","Onondaga County Sales and Use Tax","$486,483,659","34"
"2024","Ontario County Sales and Use Tax","$115,026,864","35"
"2024","Orange County Sales and Use Tax","$390,627,332","36"
"2024","Orleans County Sales and Use Tax","$23,067,221","37"
"2024","Oswego County Sales and Use Tax","$62,393,526","38"
"2024","Otsego County Sales and Use Tax","$50,462,113","39"
"2024","Putnam County Sales and Use Tax","$89,048,484","40"
"2024","Rensselaer County Sales and Use Tax","$124,519,791","41"
"2024","Rockland County Sales and Use Tax","$281,377,520","42"
"2024","St. Lawrence County Sales and Use Tax","$80,435,537","43"
"2024","Saratoga County Sales and Use Tax","$172,071,280","44"
"2024","Schenectady County Sales and Use Tax","$131,508,149","45"
"2024","Schoharie County Sales and Use Tax","$24,684,942","46"
"2024","Schuyler County Sales and Use Tax","$16,112,027","47"
"2024","Seneca County Sales and Use Tax","$33,076,621","48"
"2024","Steuben County Sales and Use Tax","$75,133,553","49"
"2024","Suffolk County Sales and Use Tax","$1,930,876,953","50"
"2024","Sullivan County Sales and Use Tax","$78,851,400","51"
"2024","Tioga County Sales and Use Tax","$33,388,442","52"
"2024","Tompkins County Sales and Use Tax","$66,038,473","53"
"2024","Ulster County Sales and Use Tax","$170,370,529","54"
"2024","Warren County Sales and Use Tax","$73,075,970","55"
"2024","Washington County Sales and Use Tax","$29,691,879","56"
"2024","Wayne County Sales and Use Tax","$64,328,098","57"
"2024","Westchester County Sales and Use Tax","$874,486,490","58"
"2024","Wyoming County Sales and Use Tax","$26,170,817","59"
"2024","Yates County Sales and Use Tax","$20,573,825","60"
"2024","City of Auburn Sales and Use Tax","$10,807,046","61"
"2024","City of Corning Sales and Use Tax","$929","62"
"2024","City of Fulton Sales and Use Tax","$438","63"
"2024","City of Geneva Sales and Use Tax","$3,465","64"
"2024","City of Glens Falls Sales and Use Tax","$4,963,723","65"
"2024","City of Gloversville Sales and Use Tax","$4,462,695","66"
"2024","City of Hornell Sales and Use Tax","$2,408","67"
"2024","City of Ithaca Sales and Use Tax","$14,103,563","68"
"2024","City of Johnstown Sales and Use Tax","$5,448,836","69"
"2024","City of Mount Vernon Sales and Use Tax","$30,144,118","70"
"2024","City of New Rochelle Sales and Use Tax","$41,268,546","71"
"2024","City of Norwich Sales and Use Tax","$2,623,022","72"
"2024","City of Ogdensburg Sales and Use Tax","$2,063,360","73"
"2024","City of Olean Sales and Use Tax","$5,341,381","74"
"2024","City of Oneida Sales and Use Tax","$6,947,381","75"
"2024","City of Oswego Sales and Use Tax","$21,834,975","76"
"2024","City of Rome Sales and Use Tax","$10,014,188","77"
"2024","City of Salamanca Sales and Use Tax","$869,889","78"
"2024","City of Saratoga Springs Sales and Use Tax","$18,384,725","79"
"2024","City of Sherrill Sales and Use Tax","$85","80"
"2024","City of Utica Sales and Use Tax","$13,920,344","81"
"2024","City of White Plains Sales and Use Tax","$56,623,541","82"
"2024","City of Yonkers Sales and Use Tax","$79,535,558","83"
"2024","City of Yonkers Special Sales and Use Tax","$39,765,745","84"
"2024","City of Newburgh Consumer Utilities","$1,534,842","85"
"2024","City of Port Jervis Consumer Utilities","$474,908","86"
"2024","Albany City School District Consumer Utilities","$4,762,554","87"
"2024","Batavia City School District Consumer Utilities","$886,627","88"
"2024","Cohoes City School District Consumer Utilities","$696,966","89"
"2024","Glen Cove City School District Consumer Utilities","$1,517,312","90"
"2024","Gloversville City School District Consumer Utilities","$738,723","91"
"2024","Hornell City School District Consumer Utilities","$416,662","92"
"2024","Hudson City School District Consumer Utilities","$800,465","93"
"2024","Johnstown City School District Consumer Utilities","$642,692","94"
"2024","Lackawanna City School District Consumer Utilities","$795,491","95"
"2024","Long Beach City School District Consumer Utilities","$1,910,794","96"
"2024","Middletown City School District Consumer Utilities","$2,508,098","97"
"2024","Mt. Vernon City School District Consumer Utilities","$4,585,545","98"
"2024","New Rochelle City School District Consumer Utilities","$4,961,849","99"
"2024","Newburgh City School District Consumer Utilities","$3,930,195","100"
"2024","Niagara Falls City School District Consumer Utilities","$2,396,097","101"
"2024","Ogdensburg City School District Consumer Utilities","$407,218","102"
"2024","Peekskill City School District Consumer Utilities","$1,286,109","103"
"2024","Poughkeepsie City School District Consumer Utilities","$1,867,890","104"
"2024","Rensselaer City School District Consumer Utilities","$513,868","105"
"2024","Rye City School District Consumer Utilities","$1,110,623","106"
"2024","Schenectady City School District Consumer Utilities","$2,964,164","107"
"2024","Troy City School District Consumer Utilities","$1,601,659","108"
"2024","Utica City School District Consumer Utilities","$2,271,663","109"
"2024","Watertown City School District Consumer Utilities","$1,356,037","110"
"2024","Watervliet City School District Consumer Utilities","$430,710","111"
"2024","White Plains City School District Consumer Utilities","$5,574,431","112"
"2024","New York City Convention Center Development Corporation Hotel Occupancy","$49,966,881","113"
"2024","City of Lockport Admissions, Club Dues, Food, Drink, Amusements and Utilities Services","$2,621,354","114"
"2024","City of Long Beach Hotel Occupancy and Restaurant Meals","$4,005,364","115"
"2024","City of Niagara Falls Admissions, Club Dues, Food, Drink, Amusements, Hotel Occupancy, Utilities Services","$9,481,009","116"
"2023","New York State Sales and Use Tax","$17,819,001,244","1"
"2023","New York City Sales and Use Tax","$9,708,782,121","2"
"2023","Metropolitan Commuter Transportation District Sales and Use Tax","$1,259,790,757","3"
"2023","Albany County Sales and Use Tax","$368,165,973","4"
"2023","Allegany County Sales and Use Tax","$29,738,427","5"
"2023","Broome County Sales and Use Tax","$179,622,156","6"
"2023","Cattaraugus County Sales and Use Tax","$50,885,910","7"
"2023","Cayuga County Sales and Use Tax","$49,950,464","8"
"2023","Chautauqua County Sales and Use Tax","$88,966,278","9"
"2023","Chemung County Sales and Use Tax","$74,391,172","10"
"2023","Chenango County Sales and Use Tax","$30,842,730","11"
"2023","Clinton County Sales and Use Tax","$73,007,378","12"
"2023","Columbia County Sales and Use Tax","$63,730,773","13"
"2023","Cortland County Sales and Use Tax","$39,894,055","14"
"2023","Delaware County Sales and Use Tax","$32,215,932","15"
"2023","Dutchess County Sales and Use Tax","$259,183,321","16"
"2023","Erie County Sales and Use Tax","$1,033,059,508","17"
"2023","Essex County Sales and Use Tax","$41,698,805","18"
"2023","Franklin County Sales and Use Tax","$33,455,894","19"
"2023","Fulton County Sales and Use Tax","$29,403,035","20"
"2023","Genesee County Sales and Use Tax","$55,525,765","21"
"2023","Greene County Sales and Use Tax","$46,903,041","22"
"2023","Hamilton County Sales and Use Tax","$5,356,304","23"
"2023","Herkimer County Sales and Use Tax","$43,797,192","24"
"2023","Jefferson County Sales and Use Tax","$102,564,520","25"
"2023","Lewis County Sales and Use Tax","$18,751,479","26"
"2023","Livingston County Sales and Use Tax","$45,570,942","27"
"2023","Madison County Sales and Use Tax","$40,105,922","28"
"2023","Monroe County Sales and Use Tax","$640,745,054","29"
"2023","Montgomery County Sales and Use Tax","$47,182,233","30"
"2023","Nassau County Sales and Use Tax","$1,560,671,466","31"
"2023","Niagara County Sales and Use Tax","$162,313,149","32"
"2023","Oneida County Sales and Use Tax","$190,056,963","33"
"2023","Onondaga County Sales and Use Tax","$459,579,421","34"
"2023","Ontario County Sales and Use Tax","$114,657,339","35"
"2023","Orange County Sales and Use Tax","$386,674,563","36"
"2023","Orleans County Sales and Use Tax","$22,790,891","37"
"2023","Oswego County Sales and Use Tax","$62,626,834","38"
"2023","Otsego County Sales and Use Tax","$49,033,280","39"
"2023","Putnam County Sales and Use Tax","$83,528,589","40"
"2023","Rensselaer County Sales and Use Tax","$123,560,908","41"
"2023","Rockland County Sales and Use Tax","$293,103,033","42"
"2023","St. Lawrence County Sales and Use Tax","$81,915,693","43"
"2023","Saratoga County Sales and Use Tax","$162,922,666","44"
"2023","Schenectady County Sales and Use Tax","$129,774,131","45"
"2023","Schoharie County Sales and Use Tax","$22,538,231","46"
"2023","Schuyler County Sales and Use Tax","$15,244,301","47"
"2023","Seneca County Sales and Use Tax","$32,517,466","48"
"2023","Steuben County Sales and Use Tax","$77,770,512","49"
"2023","Suffolk County Sales and Use Tax","$1,943,336,117","50"
"2023","Sullivan County Sales and Use Tax","$71,666,896","51"
"2023","Tioga County Sales and Use Tax","$32,239,625","52"
"2023","Tompkins County Sales and Use Tax","$66,554,192","53"
"2023","Ulster County Sales and Use Tax","$168,150,253","54"
"2023","Warren County Sales and Use Tax","$71,773,364","55"
"2023","Washington County Sales and Use Tax","$28,170,035","56"
"2023","Wayne County Sales and Use Tax","$61,644,598","57"
"2023","Westchester County Sales and Use Tax","$906,415,889","58"
"2023","Wyoming County Sales and Use Tax","$25,000,367","59"
"2023","Yates County Sales and Use Tax","$22,229,858","60"
"2023","City of Auburn Sales and Use Tax","$11,019,275","61"
"2023","City of Corning Sales and Use Tax","$1,148","62"
"2023","City of Fulton Sales and Use Tax","$998","63"
"2023","City of Geneva Sales and Use Tax","$820","64"
"2023","City of Glens Falls Sales and Use Tax","$4,569,398","65"
"2023","City of Gloversville Sales and Use Tax","$4,524,052","66"
"2023","City of Hornell Sales and Use Tax","$2,585","67"
"2023","City of Ithaca Sales and Use Tax","$14,647,153","68"
"2023","City of Johnstown Sales and Use Tax","$5,403,838","69"
"2023","City of Mount Vernon Sales and Use Tax","$28,839,177","70"
"2023","City of New Rochelle Sales and Use Tax","$41,211,742","71"
"2023","City of Norwich Sales and Use Tax","$2,447,433","72"
"2023","City of Ogdensburg Sales and Use Tax","$1,894,594","73"
"2023","City of Olean Sales and Use Tax","$5,282,425","74"
"2023","City of Oneida Sales and Use Tax","$6,621,968","75"
"2023","City of Oswego Sales and Use Tax","$18,959,548","76"
"2023","City of Rome Sales and Use Tax","$9,702,058","77"
"2023","City of Salamanca Sales and Use Tax","$852,070","78"
"2023","City of Saratoga Springs Sales and Use Tax","$17,069,932","79"
"2023","City of Sherrill Sales and Use Tax","$91","80"
"2023","City of Utica Sales and Use Tax","$14,051,709","81"
"2023","City of White Plains Sales and Use Tax","$56,316,892","82"
"2023","City of Yonkers Sales and Use Tax","$81,601,300","83"
"2023","City of Yonkers Special Sales and Use Tax","$40,816,953","84"
"2023","City of Newburgh Consumer Utilities","$1,567,426","85"
"2023","City of Port Jervis Consumer Utilities","$480,723","86"
"2023","Albany City School District Consumer Utilities","$5,072,001","87"
"2023","Batavia City School District Consumer Utilities","$885,689","88"
"2023","Cohoes City School District Consumer Utilities","$750,841","89"
"2023","Glen Cove City School District Consumer Utilities","$1,690,518","90"
"2023","Gloversville City School District Consumer Utilities","$846,136","91"
"2023","Hornell City School District Consumer Utilities","$403,273","92"
"2023","Hudson City School District Consumer Utilities","$860,218","93"
"2023","Johnstown City School District Consumer Utilities","$679,940","94"
"2023","Lackawanna City School District Consumer Utilities","$706,177","95"
"2023","Long Beach City School District Consumer Utilities","$1,967,758","96"
"2023","Middletown City School District Consumer Utilities","$2,476,968","97"
"2023","Mt. Vernon City School District Consumer Utilities","$3,230,904","98"
"2023","New Rochelle City School District Consumer Utilities","$4,242,056","99"
"2023","Newburgh City School District Consumer Utilities","$3,688,332","100"
"2023","Niagara Falls City School District Consumer Utilities","$2,477,246","101"
"2023","Ogdensburg City School District Consumer Utilities","$298,405","102"
"2023","Peekskill City School District Consumer Utilities","$1,242,718","103"
"2023","Poughkeepsie City School District Consumer Utilities","$1,886,238","104"
"2023","Rensselaer City School District Consumer Utilities","$490,531","105"
"2023","Rye City School District Consumer Utilities","$1,097,049","106"
"2023","Schenectady City School District Consumer Utilities","$3,124,010","107"
"2023","Troy City School District Consumer Utilities","$1,743,550","108"
"2023","Utica City School District Consumer Utilities","$2,447,863","109"
"2023","Watertown City School District Consumer Utilities","$1,441,563","110"
"2023","Watervliet City School District Consumer Utilities","$456,078","111"
"2023","White Plains City School District Consumer Utilities","$4,956,306","112"
"2023","New York City Convention Center Development Corporation Hotel Occupancy","$43,809,456","113"
"2023","City of Lockport Admissions, Club Dues, Food, Drink, Amusements and Utilities Services","$2,660,402","114"
"2023","City of Long Beach Hotel Occupancy and Restaurant Meals","$3,620,497","115"
"2023","City of Niagara Falls Admissions, Club Dues, Food, Drink, Amusements, Hotel Occupancy, Utilities Services","$9,541,205","116"
"2022","New York State Sales and Use Tax","$16,497,853,997","1"
"2022","New York City Sales and Use Tax","$8,069,083,846","2"
"2022","Metropolitan Commuter Transportation District Sales and Use Tax","$1,119,978,533","3"
"2022","Albany County Sales and Use Tax","$325,712,767","4"
"2022","Allegany County Sales and Use Tax","$28,200,216","5"
"2022","Broome County Sales and Use Tax","$167,351,971","6"
"2022","Cattaraugus County Sales and Use Tax","$49,350,071","7"
"2022","Cayuga County Sales and Use Tax","$48,668,959","8"
"2022","Chautauqua County Sales and Use Tax","$87,940,314","9"
"2022","Chemung County Sales and Use Tax","$72,369,542","10"
"2022","Chenango County Sales and Use Tax","$30,228,788","11"
"2022","Clinton County Sales and Use Tax","$68,790,601","12"
"2022","Columbia County Sales and Use Tax","$57,963,721","13"
"2022","Cortland County Sales and Use Tax","$38,440,839","14"
"2022","Delaware County Sales and Use Tax","$30,348,588","15"
"2022","Dutchess County Sales and Use Tax","$256,948,750","16"
"2022","Erie County Sales and Use Tax","$970,524,553","17"
"2022","Essex County Sales and Use Tax","$39,480,805","18"
"2022","Franklin County Sales and Use Tax","$31,527,498","19"
"2022","Fulton County Sales and Use Tax","$27,729,401","20"
"2022","Genesee County Sales and Use Tax","$51,172,033","21"
"2022","Greene County Sales and Use Tax","$44,640,107","22"
"2022","Hamilton County Sales and Use Tax","$5,018,246","23"
"2022","Herkimer County Sales and Use Tax","$41,737,111","24"
"2022","Jefferson County Sales and Use Tax","$100,811,835","25"
"2022","Lewis County Sales and Use Tax","$16,503,704","26"
"2022","Livingston County Sales and Use Tax","$43,257,970","27"
"2022","Madison County Sales and Use Tax","$38,389,357","28"
"2022","Monroe County Sales and Use Tax","$617,878,403","29"
"2022","Montgomery County Sales and Use Tax","$42,444,553","30"
"2022","Nassau County Sales and Use Tax","$1,470,018,867","31"
"2022","Niagara County Sales and Use Tax","$154,382,825","32"
"2022","Oneida County Sales and Use Tax","$180,251,149","33"
"2022","Onondaga County Sales and Use Tax","$444,838,133","34"
"2022","Ontario County Sales and Use Tax","$107,156,967","35"
"2022","Orange County Sales and Use Tax","$361,641,895","36"
"2022","Orleans County Sales and Use Tax","$22,380,075","37"
"2022","Oswego County Sales and Use Tax","$56,647,223","38"
"2022","Otsego County Sales and Use Tax","$46,074,968","39"
"2022","Putnam County Sales and Use Tax","$80,651,951","40"
"2022","Rensselaer County Sales and Use Tax","$113,015,731","41"
"2022","Rockland County Sales and Use Tax","$278,893,385","42"
"2022","St. Lawrence County Sales and Use Tax","$76,397,151","43"
"2022","Saratoga County Sales and Use Tax","$157,028,220","44"
"2022","Schenectady County Sales and Use Tax","$122,871,563","45"
"2022","Schoharie County Sales and Use Tax","$20,382,598","46"
"2022","Schuyler County Sales and Use Tax","$14,546,289","47"
"2022","Seneca County Sales and Use Tax","$31,678,872","48"
"2022","Steuben County Sales and Use Tax","$71,566,254","49"
"2022","Suffolk County Sales and Use Tax","$1,857,419,327","50"
"2022","Sullivan County Sales and Use Tax","$66,605,997","51"
"2022","Tioga County Sales and Use Tax","$29,866,262","52"
"2022","Tompkins County Sales and Use Tax","$63,825,719","53"
"2022","Ulster County Sales and Use Tax","$159,517,795","54"
"2022","Warren County Sales and Use Tax","$67,327,375","55"
"2022","Washington County Sales and Use Tax","$27,235,037","56"
"2022","Wayne County Sales and Use Tax","$60,591,473","57"
"2022","Westchester County Sales and Use Tax","$831,420,449","58"
"2022","Wyoming County Sales and Use Tax","$23,337,611","59"
"2022","Yates County Sales and Use Tax","$18,337,721","60"
"2022","City of Auburn Sales and Use Tax","$11,012,233","61"
"2022","City of Corning Sales and Use Tax","$20,598","62"
"2022","City of Fulton Sales and Use Tax","$647","63"
"2022","City of Geneva Sales and Use Tax","$225","64"
"2022","City of Glens Falls Sales and Use Tax","$4,160,281","65"
"2022","City of Gloversville Sales and Use Tax","$4,551,525","66"
"2022","City of Hornell Sales and Use Tax","$1,950","67"
"2022","City of Ithaca Sales and Use Tax","$13,063,365","68"
"2022","City of Johnstown Sales and Use Tax","$4,814,818","69"
"2022","City of Mount Vernon Sales and Use Tax","$28,147,273","70"
"2022","City of New Rochelle Sales and Use Tax","$38,212,155","71"
"2022","City of Norwich Sales and Use Tax","$2,341,244","72"
"2022","City of Ogdensburg Sales and Use Tax","$4","73"
"2022","City of Olean Sales and Use Tax","$5,406,932","74"
"2022","City of Oneida Sales and Use Tax","$6,379,884","75"
"2022","City of Oswego Sales and Use Tax","$17,249,883","76"
"2022","City of Rome Sales and Use Tax","$9,653,855","77"
"2022","City of Salamanca Sales and Use Tax","$855,063","78"
"2022","City of Saratoga Springs Sales and Use Tax","$15,176,535","79"
"2022","City of Sherrill Sales and Use Tax","$37","80"
"2022","City of Utica Sales and Use Tax","$13,269,700","81"
"2022","City of White Plains Sales and Use Tax","$53,116,047","82"
"2022","City of Yonkers Sales and Use Tax","$77,521,528","83"
"2022","City of Yonkers Special Sales and Use Tax","$38,774,171","84"
"2022","City of Newburgh Consumer Utilities","$1,225,124","85"
"2022","City of Port Jervis Consumer Utilities","$412,282","86"
"2022","Albany City School District Consumer Utilities","$4,143,857","87"
"2022","Batavia City School District Consumer Utilities","$758,319","88"
"2022","Cohoes City School District Consumer Utilities","$607,028","89"
"2022","Glen Cove City School District Consumer Utilities","$1,507,876","90"
"2022","Gloversville City School District Consumer Utilities","$634,746","91"
"2022","Hornell City School District Consumer Utilities","$321,121","92"
"2022","Hudson City School District Consumer Utilities","$706,382","93"
"2022","Johnstown City School District Consumer Utilities","$504,325","94"
"2022","Lackawanna City School District Consumer Utilities","$563,542","95"
"2022","Long Beach City School District Consumer Utilities","$1,743,725","96"
"2022","Middletown City School District Consumer Utilities","$2,251,307","97"
"2022","Mt. Vernon City School District Consumer Utilities","$3,203,375","98"
"2022","New Rochelle City School District Consumer Utilities","$3,831,928","99"
"2022","Newburgh City School District Consumer Utilities","$2,761,467","100"
"2022","Niagara Falls City School District Consumer Utilities","$1,975,688","101"
"2022","Ogdensburg City School District Consumer Utilities","$348,978","102"
"2022","Peekskill City School District Consumer Utilities","$1,056,168","103"
"2022","Rensselaer City School District Consumer Utilities","$426,975","104"
"2022","Rye City School District Consumer Utilities","$934,800","105"
"2022","Schenectady City School District Consumer Utilities","$2,518,448","106"
"2022","Troy City School District Consumer Utilities","$1,475,649","107"
"2022","Utica City School District Consumer Utilities","$2,048,784","108"
"2022","Watertown City School District Consumer Utilities","$1,172,697","109"
"2022","Watervliet City School District Consumer Utilities","$394,325","110"
"2022","White Plains City School District Consumer Utilities","$4,597,117","111"
"2022","New York City Convention Center Development Corporation Hotel Occupancy","$21,663,975","112"
"2022","City of Lockport Admissions, Club Dues, Food, Drink, Amusements and Utilities Services","$2,359,550","113"
"2022","City of Long Beach Hotel Occupancy and Restaurant Meals","$3,251,585","114"
"2022","City of Niagara Falls Admissions, Club Dues, Food, Drink, Amusements, Hotel Occupancy, Utilities Services","$8,299,626","115"
"2021","New York State Sales and Use Tax","$13,347,477,200","1"
"2021","New York City Sales and Use Tax","$6,620,383,340","2"
"2021","Metropolitan Commuter Transportation District Sales and Use Tax","$889,972,365","3"
"2021","Albany County Sales and Use Tax","$262,424,604","4"
"2021","Allegany County Sales and Use Tax","$23,628,631","5"
"2021","Broome County Sales and Use Tax","$139,684,406","6"
"2021","Cattaraugus County Sales and Use Tax","$40,648,439","7"
"2021","Cayuga County Sales and Use Tax","$38,500,064","8"
"2021","Chautauqua County Sales and Use Tax","$71,542,992","9"
"2021","Chemung County Sales and Use Tax","$59,904,284","10"
"2021","Chenango County Sales and Use Tax","$25,151,626","11"
"2021","Clinton County Sales and Use Tax","$57,234,945","12"
"2021","Columbia County Sales and Use Tax","$45,873,966","13"
"2021","Cortland County Sales and Use Tax","$31,154,799","14"
"2021","Delaware County Sales and Use Tax","$24,621,116","15"
"2021","Dutchess County Sales and Use Tax","$211,389,734","16"
"2021","Erie County Sales and Use Tax","$808,211,676","17"
"2021","Essex County Sales and Use Tax","$32,015,962","18"
"2021","Franklin County Sales and Use Tax","$26,666,676","19"
"2021","Fulton County Sales and Use Tax","$23,601,516","20"
"2021","Genesee County Sales and Use Tax","$41,129,844","21"
"2021","Greene County Sales and Use Tax","$36,828,281","22"
"2021","Hamilton County Sales and Use Tax","$4,217,553","23"
"2021","Herkimer County Sales and Use Tax","$34,935,272","24"
"2021","Jefferson County Sales and Use Tax","$82,213,919","25"
"2021","Lewis County Sales and Use Tax","$13,324,922","26"
"2021","Livingston County Sales and Use Tax","$36,190,204","27"
"2021","Madison County Sales and Use Tax","$32,212,694","28"
"2021","Monroe County Sales and Use Tax","$503,308,238","29"
"2021","Montgomery County Sales and Use Tax","$35,215,839","30"
"2021","Nassau County Sales and Use Tax","$1,177,031,586","31"
"2021","Niagara County Sales and Use Tax","$128,807,835","32"
"2021","Oneida County Sales and Use Tax","$148,431,439","33"
"2021","Onondaga County Sales and Use Tax","$361,759,334","34"
"2021","Ontario County Sales and Use Tax","$85,226,629","35"
"2021","Orange County Sales and Use Tax","$278,571,115","36"
"2021","Orleans County Sales and Use Tax","$19,334,480","37"
"2021","Oswego County Sales and Use Tax","$53,571,726","38"
"2021","Otsego County Sales and Use Tax","$37,270,316","39"
"2021","Putnam County Sales and Use Tax","$66,721,591","40"
"2021","Rensselaer County Sales and Use Tax","$97,095,616","41"
"2021","Rockland County Sales and Use Tax","$224,255,300","42"
"2021","St. Lawrence County Sales and Use Tax","$64,216,928","43"
"2021","Saratoga County Sales and Use Tax","$127,505,744","44"
"2021","Schenectady County Sales and Use Tax","$104,331,198","45"
"2021","Schoharie County Sales and Use Tax","$16,889,924","46"
"2021","Schuyler County Sales and Use Tax","$11,617,570","47"
"2021","Seneca County Sales and Use Tax","$25,381,756","48"
"2021","Steuben County Sales and Use Tax","$57,912,503","49"
"2021","Suffolk County Sales and Use Tax","$1,482,132,005","50"
"2021","Sullivan County Sales and Use Tax","$50,032,022","51"
"2021","Tioga County Sales and Use Tax","$24,243,888","52"
"2021","Tompkins County Sales and Use Tax","$50,308,326","53"
"2021","Ulster County Sales and Use Tax","$127,829,651","54"
"2021","Warren County Sales and Use Tax","$55,003,776","55"
"2021","Washington County Sales and Use Tax","$22,660,294","56"
"2021","Wayne County Sales and Use Tax","$52,533,976","57"
"2021","Westchester County Sales and Use Tax","$676,138,329","58"
"2021","Wyoming County Sales and Use Tax","$19,883,954","59"
"2021","Yates County Sales and Use Tax","$14,763,054","60"
"2021","City of Auburn Sales and Use Tax","$9,413,756","61"
"2021","City of Canandaigua Sales and Use Tax","$127","62"
"2021","City of Corning Sales and Use Tax","$306,349","63"
"2021","City of Fulton Sales and Use Tax","$429","64"
"2021","City of Geneva Sales and Use Tax","$147","65"
"2021","City of Glens Falls Sales and Use Tax","$3,416,319","66"
"2021","City of Gloversville Sales and Use Tax","$4,655,936","67"
"2021","City of Hornell Sales and Use Tax","$413,912","68"
"2021","City of Ithaca Sales and Use Tax","$11,259,751","69"
"2021","City of Johnstown Sales and Use Tax","$6,598,846","70"
"2021","City of Mount Vernon Sales and Use Tax","$20,776,938","71"
"2021","City of New Rochelle Sales and Use Tax","$28,203,340","72"
"2021","City of Norwich Sales and Use Tax","$2,048,158","73"
"2021","City of Olean Sales and Use Tax","$5,140,503","74"
"2021","City of Oneida Sales and Use Tax","$5,709,660","75"
"2021","City of Oswego Sales and Use Tax","$13,671,654","76"
"2021","City of Rome Sales and Use Tax","$8,549,731","77"
"2021","City of Salamanca Sales and Use Tax","$1,659,793","78"
"2021","City of Saratoga Springs Sales and Use Tax","$13,782,532","79"
"2021","City of Sherrill Sales and Use Tax","$260","80"
"2021","City of Utica Sales and Use Tax","$15,495,939","81"
"2021","City of White Plains Sales and Use Tax","$40,542,777","82"
"2021","City of Yonkers Sales and Use Tax","$56,874,432","83"
"2021","City of Yonkers Special Sales and Use Tax","$53,096,567","84"
"2021","City of Newburgh Consumer Utilities","$1,202,756","85"
"2021","City of Port Jervis Consumer Utilities","$362,267","86"
"2021","Albany City School District Consumer Utilities","$4,030,110","87"
"2021","Batavia City School District Consumer Utilities","$644,551","88"
"2021","Cohoes City School District Consumer Utilities","$535,464","89"
"2021","Glen Cove City School District Consumer Utilities","$1,277,741","90"
"2021","Gloversville City School District Consumer Utilities","$598,438","91"
"2021","Hornell City School District Consumer Utilities","$289,429","92"
"2021","Hudson City School District Consumer Utilities","$627,392","93"
"2021","Johnstown City School District Consumer Utilities","$483,243","94"
"2021","Lackawanna City School District Consumer Utilities","$466,763","95"
"2021","Long Beach City School District Consumer Utilities","$1,619,382","96"
"2021","Middletown City School District Consumer Utilities","$2,147,447","97"
"2021","Mt. Vernon City School District Consumer Utilities","$2,832,388","98"
"2021","New Rochelle City School District Consumer Utilities","$3,430,682","99"
"2021","Newburgh City School District Consumer Utilities","$2,703,613","100"
"2021","Niagara Falls City School District Consumer Utilities","$1,814,276","101"
"2021","Ogdensburg City School District Consumer Utilities","$364,309","102"
"2021","Peekskill City School District Consumer Utilities","$930,662","103"
"2021","Pougkeepsie City School District Consumer Utilities","$1,705,874","104"
"2021","Rensselaer City School District Consumer Utilities","$416,010","105"
"2021","Rye City School District Consumer Utilities","$786,953","106"
"2021","Schenectady City School District Consumer Utilities","$2,156,511","107"
"2021","Troy City School District Consumer Utilities","$1,285,931","108"
"2021","Utica City School District Consumer Utilities","$1,742,461","109"
"2021","Watertown City School District Consumer Utilities","$1,143,540","110"
"2021","Watervliet City School District Consumer Utilities","$333,555","111"
"2021","White Plains City School District Consumer Utilities","$3,886,149","112"
"2021","New York City Convention Center Development Corporation Hotel Occupancy","$26,767,852","113"
"2021","City of Lockport Admissions, Club Dues, Food, Drink, Amusements and Utilities Services","$1,939,155","114"
"2021","City of Long Beach Hotel Occupancy and Restaurant Meals","$2,308,541","115"
"2021","City of Niagara Falls Admissions, Club Dues, Food, Drink, Amusements, Hotel Occupancy, Utilities Services","$5,757,039","116"
"2020","New York State Sales and Use Tax","$15,073,717,366","1"
"2020","New York City Sales and Use Tax","$8,344,340,629","2"
"2020","Metropolitan Commuter Transportation District Sales and Use Tax","$1,058,531,050","3"
"2020","Albany County Sales and Use Tax","$288,115,767","4"
"2020","Allegany County Sales and Use Tax","$22,564,636","5"
"2020","Broome County Sales and Use Tax","$143,445,520","6"
"2020","Cattaraugus County Sales and Use Tax","$40,650,597","7"
"2020","Cayuga County Sales and Use Tax","$38,458,949","8"
"2020","Chautauqua County Sales and Use Tax","$71,619,758","9"
"2020","Chemung County Sales and Use Tax","$63,223,017","10"
"2020","Chenango County Sales and Use Tax","$24,952,209","11"
"2020","Clinton County Sales and Use Tax","$60,479,199","12"
"2020","Columbia County Sales and Use Tax","$45,393,059","13"
"2020","Cortland County Sales and Use Tax","$31,451,008","14"
"2020","Delaware County Sales and Use Tax","$22,545,987","15"
"2020","Dutchess County Sales and Use Tax","$220,102,123","16"
"2020","Erie County Sales and Use Tax","$836,394,566","17"
"2020","Essex County Sales and Use Tax","$32,117,401","18"
"2020","Franklin County Sales and Use Tax","$25,340,804","19"
"2020","Fulton County Sales and Use Tax","$22,626,804","20"
"2020","Genesee County Sales and Use Tax","$42,780,502","21"
"2020","Greene County Sales and Use Tax","$35,065,007","22"
"2020","Hamilton County Sales and Use Tax","$4,356,230","23"
"2020","Herkimer County Sales and Use Tax","$34,382,256","24"
"2020","Jefferson County Sales and Use Tax","$80,617,718","25"
"2020","Lewis County Sales and Use Tax","$13,129,528","26"
"2020","Livingston County Sales and Use Tax","$35,850,617","27"
"2020","Madison County Sales and Use Tax","$30,872,086","28"
"2020","Monroe County Sales and Use Tax","$531,285,254","29"
"2020","Montgomery County Sales and Use Tax","$33,244,786","30"
"2020","Nassau County Sales and Use Tax","$1,259,962,447","31"
"2020","Niagara County Sales and Use Tax","$131,368,554","32"
"2020","Oneida County Sales and Use Tax","$150,884,277","33"
"2020","Onondaga County Sales and Use Tax","$373,779,992","34"
"2020","Ontario County Sales and Use Tax","$89,812,399","35"
"2020","Orange County Sales and Use Tax","$303,205,237","36"
"2020","Orleans County Sales and Use Tax","$17,866,968","37"
"2020","Oswego County Sales and Use Tax","$48,165,864","38"
"2020","Otsego County Sales and Use Tax","$40,773,768","39"
"2020","Putnam County Sales and Use Tax","$67,269,965","40"
"2020","Rensselaer County Sales and Use Tax","$95,550,571","41"
"2020","Rockland County Sales and Use Tax","$236,498,544","42"
"2020","St. Lawrence County Sales and Use Tax","$62,914,230","43"
"2020","Saratoga County Sales and Use Tax","$131,136,996","44"
"2020","Schenectady County Sales and Use Tax","$105,310,560","45"
"2020","Schoharie County Sales and Use Tax","$16,284,302","46"
"2020","Schuyler County Sales and Use Tax","$12,157,577","47"
"2020","Seneca County Sales and Use Tax","$28,086,159","48"
"2020","Steuben County Sales and Use Tax","$60,170,344","49"
"2020","Suffolk County Sales and Use Tax","$1,530,406,740","50"
"2020","Sullivan County Sales and Use Tax","$48,069,082","51"
"2020","Tioga County Sales and Use Tax","$25,219,749","52"
"2020","Tompkins County Sales and Use Tax","$57,490,186","53"
"2020","Ulster County Sales and Use Tax","$129,081,133","54"
"2020","Warren County Sales and Use Tax","$56,634,121","55"
"2020","Washington County Sales and Use Tax","$21,949,732","56"
"2020","Wayne County Sales and Use Tax","$48,630,921","57"
"2020","Westchester County Sales and Use Tax","$649,251,752","58"
"2020","Wyoming County Sales and Use Tax","$19,334,968","59"
"2020","Yates County Sales and Use Tax","$13,916,823","60"
"2020","City of Auburn Sales and Use Tax","$9,825,652","61"
"2020","City of Canandaigua Sales and Use Tax","$55","62"
"2020","City of Corning Sales and Use Tax","$160,024","63"
"2020","City of Fulton Sales and Use Tax","$816","64"
"2020","City of Geneva Sales and Use Tax","$2,869","65"
"2020","City of Glens Falls Sales and Use Tax","$3,558,635","66"
"2020","City of Gloversville Sales and Use Tax","$3,952,507","67"
"2020","City of Hornell Sales and Use Tax","$3,108","68"
"2020","City of Ithaca Sales and Use Tax","$12,503,916","69"
"2020","City of Johnstown Sales and Use Tax","$4,204,170","70"
"2020","City of Mount Vernon Sales and Use Tax","$22,606,606","71"
"2020","City of New Rochelle Sales and Use Tax","$31,463,991","72"
"2020","City of Norwich Sales and Use Tax","$1,844,812","73"
"2020","City of Olean Sales and Use Tax","$4,400,768","74"
"2020","City of Oneida Sales and Use Tax","$4,870,151","75"
"2020","City of Oswego Sales and Use Tax","$14,644,088","76"
"2020","City of Rome Sales and Use Tax","$8,126,701","77"
"2020","City of Salamanca Sales and Use Tax","$686,702","78"
"2020","City of Saratoga Springs Sales and Use Tax","$13,511,323","79"
"2020","City of Sherrill Sales and Use Tax","$539","80"
"2020","City of Utica Sales and Use Tax","$11,355,767","81"
"2020","City of White Plains Sales and Use Tax","$53,249,549","82"
"2020","City of Yonkers Sales and Use Tax","$66,265,710","83"
"2020","City of Yonkers Special Sales and Use Tax","$33,220,791","84"
"2020","City of Newburgh Consumer Utilities","$1,115,862","85"
"2020","City of Port Jervis Consumer Utilities","$358,861","86"
"2020","Albany City School District Consumer Utilities","$4,129,193","87"
"2020","Batavia City School District Consumer Utilities","$669,697","88"
"2020","Cohoes City School District Consumer Utilities","$547,927","89"
"2020","Glen Cove City School District Consumer Utilities","$1,490,543","90"
"2020","Gloversville City School District Consumer Utilities","$557,260","91"
"2020","Hornell City School District Consumer Utilities","$296,215","92"
"2020","Hudson City School District Consumer Utilities","$607,739","93"
"2020","Johnstown City School District Consumer Utilities","$449,404","94"
"2020","Lackawanna City School District Consumer Utilities","$533,173","95"
"2020","Long Beach City School District Consumer Utilities","$1,654,398","96"
"2020","Middletown City School District Consumer Utilities","$1,998,668","97"
"2020","Mt. Vernon City School District Consumer Utilities","$2,564,449","98"
"2020","New Rochelle City School District Consumer Utilities","$3,026,766","99"
"2020","Newburgh City School District Consumer Utilities","$2,578,108","100"
"2020","Niagara Falls City School District Consumer Utilities","$1,909,523","101"
"2020","Ogdensburg City School District Consumer Utilities","$350,283","102"
"2020","Peekskill City School District Consumer Utilities","$939,573","103"
"2020","Pougkeepsie City School District Consumer Utilities","$207,735","104"
"2020","Rensselaer City School District Consumer Utilities","$375,247","105"
"2020","Rye City School District Consumer Utilities","$773,108","106"
"2020","Schenectady City School District Consumer Utilities","$2,283,723","107"
"2020","Troy City School District Consumer Utilities","$1,340,385","108"
"2020","Utica City School District Consumer Utilities","$1,800,360","109"
"2020","Watertown City School District Consumer Utilities","$996,100","110"
"2020","Watervliet City School District Consumer Utilities","$338,060","111"
"2020","White Plains City School District Consumer Utilities","$3,572,883","112"
"2020","New York City Convention Center Development Corporation Hotel Occupancy","$52,271,408","113"
"2020","City of Lockport Admissions, Club Dues, Food, Drink, Amusements and Utilities Services","$2,094,859","114"
"2020","City of Long Beach Hotel Occupancy and Restaurant Meals","$2,808,977","115"
"2020","City of Niagara Falls Admissions, Club Dues, Food, Drink, Amusements, Hotel Occupancy, Utilities Services","$8,152,812","116"
"2019","New York State Sales and Use Tax","$14,492,533,000","1"
"2019","New York City Sales and Use Tax","$7,905,700,094","2"
"2019","Metropolitan Commuter Transportation District Sales and Use Tax","$908,240,643","3"
"2019","Albany County Sales and Use Tax","$276,337,829","4"
"2019","Allegany County Sales and Use Tax","$21,555,319","5"
"2019","Broome County Sales and Use Tax","$135,561,220","6"
"2019","Cattaraugus County Sales and Use Tax","$38,660,348","7"
"2019","Cayuga County Sales and Use Tax","$36,847,287","8"
"2019","Chautauqua County Sales and Use Tax","$67,717,035","9"
"2019","Chemung County Sales and Use Tax","$61,336,640","10"
"2019","Chenango County Sales and Use Tax","$24,162,911","11"
"2019","Clinton County Sales and Use Tax","$57,034,933","12"
"2019","Columbia County Sales and Use Tax","$43,252,314","13"
"2019","Cortland County Sales and Use Tax","$29,706,103","14"
"2019","Delaware County Sales and Use Tax","$22,669,092","15"
"2019","Dutchess County Sales and Use Tax","$211,866,178","16"
"2019","Erie County Sales and Use Tax","$799,526,677","17"
"2019","Essex County Sales and Use Tax","$31,866,359","18"
"2019","Franklin County Sales and Use Tax","$23,947,427","19"
"2019","Fulton County Sales and Use Tax","$22,844,556","20"
"2019","Genesee County Sales and Use Tax","$42,378,566","21"
"2019","Greene County Sales and Use Tax","$32,821,220","22"
"2019","Hamilton County Sales and Use Tax","$4,197,684","23"
"2019","Herkimer County Sales and Use Tax","$32,630,109","24"
"2019","Jefferson County Sales and Use Tax","$78,701,927","25"
"2019","Lewis County Sales and Use Tax","$12,423,777","26"
"2019","Livingston County Sales and Use Tax","$34,847,040","27"
"2019","Madison County Sales and Use Tax","$29,268,478","28"
"2019","Monroe County Sales and Use Tax","$505,201,241","29"
"2019","Montgomery County Sales and Use Tax","$30,960,739","30"
"2019","Nassau County Sales and Use Tax","$1,205,037,400","31"
"2019","Niagara County Sales and Use Tax","$125,451,614","32"
"2019","Oneida County Sales and Use Tax","$144,122,553","33"
"2019","Onondaga County Sales and Use Tax","$366,045,629","34"
"2019","Ontario County Sales and Use Tax","$85,224,022","35"
"2019","Orange County Sales and Use Tax","$292,247,839","36"
"2019","Orleans County Sales and Use Tax","$16,875,407","37"
"2019","Oswego County Sales and Use Tax","$47,837,034","38"
"2019","Otsego County Sales and Use Tax","$39,020,604","39"
"2019","Putnam County Sales and Use Tax","$63,578,422","40"
"2019","Rensselaer County Sales and Use Tax","$89,273,110","41"
"2019","Rockland County Sales and Use Tax","$218,308,128","42"
"2019","St. Lawrence County Sales and Use Tax","$59,153,993","43"
"2019","Saratoga County Sales and Use Tax","$125,039,203","44"
"2019","Schenectady County Sales and Use Tax","$101,886,306","45"
"2019","Schoharie County Sales and Use Tax","$16,068,459","46"
"2019","Schuyler County Sales and Use Tax","$11,455,318","47"
"2019","Seneca County Sales and Use Tax","$26,040,303","48"
"2019","Steuben County Sales and Use Tax","$59,016,857","49"
"2019","Suffolk County Sales and Use Tax","$1,457,601,894","50"
"2019","Sullivan County Sales and Use Tax","$46,804,676","51"
"2019","Tioga County Sales and Use Tax","$24,257,920","52"
"2019","Tompkins County Sales and Use Tax","$54,352,001","53"
"2019","Ulster County Sales and Use Tax","$119,925,778","54"
"2019","Warren County Sales and Use Tax","$55,219,712","55"
"2019","Washington County Sales and Use Tax","$20,389,156","56"
"2019","Wayne County Sales and Use Tax","$45,659,585","57"
"2019","Westchester County Sales and Use Tax","$554,246,133","58"
"2019","Wyoming County Sales and Use Tax","$18,345,269","59"
"2019","Yates County Sales and Use Tax","$12,768,881","60"
"2019","City of Auburn Sales and Use Tax","$9,232,716","61"
"2019","City of Batavia Sales and Use Tax","$173","62"
"2019","City of Canandaigua Sales and Use Tax","$318","63"
"2019","City of Corning Sales and Use Tax","$-116,564","64"
"2019","City of Geneva Sales and Use Tax","$4,171","65"
"2019","City of Glens Falls Sales and Use Tax","$3,298,496","66"
"2019","City of Gloversville Sales and Use Tax","$4,053,928","67"
"2019","City of Hornell Sales and Use Tax","$3,250","68"
"2019","City of Ithaca Sales and Use Tax","$11,975,486","69"
"2019","City of Johnstown Sales and Use Tax","$4,096,716","70"
"2019","City of Mount Vernon Sales and Use Tax","$21,886,857","71"
"2019","City of New Rochelle Sales and Use Tax","$29,853,549","72"
"2019","City of Norwich Sales and Use Tax","$1,671,572","73"
"2019","City of Ogdensburg Sales and Use Tax","$3","74"
"2019","City of Olean Sales and Use Tax","$4,351,311","75"
"2019","City of Oneida Sales and Use Tax","$4,435,549","76"
"2019","City of Oswego Sales and Use Tax","$14,717,723","77"
"2019","City of Rome Sales and Use Tax","$7,987,888","78"
"2019","City of Salamanca Sales and Use Tax","$677,712","79"
"2019","City of Saratoga Springs Sales and Use Tax","$12,757,183","80"
"2019","City of Utica Sales and Use Tax","$10,673,963","81"
"2019","City of White Plains Sales and Use Tax","$49,146,783","82"
"2019","City of Yonkers Sales and Use Tax","$64,614,646","83"
"2019","City of Yonkers Special Sales and Use Tax","$32,354,740","84"
"2019","City of Newburgh Consumer Utilities","$1,859,852","85"
"2019","City of Port Jervis Consumer Utilities","$345,426","86"
"2019","Albany City School District Consumer Utilities","$3,947,844","87"
"2019","Batavia City School District Consumer Utilities","$714,644","88"
"2019","Cohoes City School District Consumer Utilities","$519,710","89"
"2019","Glen Cove City School District Consumer Utilities","$1,503,308","90"
"2019","Gloversville City School District Consumer Utilities","$704,186","91"
"2019","Hornell City School District Consumer Utilities","$281,096","92"
"2019","Hudson City School District Consumer Utilities","$1,034,166","93"
"2019","Johnstown City School District Consumer Utilities","$539,979","94"
"2019","Lackawanna City School District Consumer Utilities","$571,331","95"
"2019","Long Beach City School District Consumer Utilities","$1,711,590","96"
"2019","Middletown City School District Consumer Utilities","$2,081,288","97"
"2019","Mt. Vernon City School District Consumer Utilities","$2,610,003","98"
"2019","New Rochelle City School District Consumer Utilities","$2,719,759","99"
"2019","Newburgh City School District Consumer Utilities","$2,616,214","100"
"2019","Niagara Falls City School District Consumer Utilities","$1,770,775","101"
"2019","Ogdensburg City School District Consumer Utilities","$366,578","102"
"2019","Peekskill City School District Consumer Utilities","$1,021,078","103"
"2019","Rensselaer City School District Consumer Utilities","$480,107","104"
"2019","Rye City School District Consumer Utilities","$814,935","105"
"2019","Schenectady City School District Consumer Utilities","$2,241,880","106"
"2019","Troy City School District Consumer Utilities","$1,278,404","107"
"2019","Utica City School District Consumer Utilities","$1,700,372","108"
"2019","Watertown City School District Consumer Utilities","$1,252,587","109"
"2019","Watervliet City School District Consumer Utilities","$343,004","110"
"2019","White Plains City School District Consumer Utilities","$3,402,069","111"
"2019","New York City Convention Center Development Corporation Hotel Occupancy","$51,430,026","112"
"2019","City of Lockport Admissions, Club Dues, Food, Drink, Amusements and Utilities Services","$2,454,451","113"
"2019","City of Long Beach Hotel Occupancy and Restaurant Meals","$2,461,051","114"
"2019","City of Niagara Falls Admissions, Club Dues, Food, Drink, Amusements, Hotel Occupancy, Utilities Services","$7,973,402","115"
"2018","New York State Sales and Use Tax","$13,830,380,736","1"
"2018","New York City Sales and Use Tax","$7,527,108,425","2"
"2018","Metropolitan Commuter Transportation District Sales and Use Tax","$945,105,616","3"
"2018","Albany County Sales and Use Tax","$260,775,584","4"
"2018","Allegany County Sales and Use Tax","$19,978,264","5"
"2018","Broome County Sales and Use Tax","$126,900,590","6"
"2018","Cattaraugus County Sales and Use Tax","$36,820,362","7"
"2018","Cayuga County Sales and Use Tax","$37,529,428","8"
"2018","Chautauqua County Sales and Use Tax","$64,758,180","9"
"2018","Chemung County Sales and Use Tax","$57,401,963","10"
"2018","Chenango County Sales and Use Tax","$22,318,103","11"
"2018","Clinton County Sales and Use Tax","$53,254,213","12"
"2018","Columbia County Sales and Use Tax","$40,042,116","13"
"2018","Cortland County Sales and Use Tax","$28,853,430","14"
"2018","Delaware County Sales and Use Tax","$22,024,687","15"
"2018","Dutchess County Sales and Use Tax","$183,718,347","16"
"2018","Erie County Sales and Use Tax","$770,580,503","17"
"2018","Essex County Sales and Use Tax","$29,198,925","18"
"2018","Franklin County Sales and Use Tax","$22,433,355","19"
"2018","Fulton County Sales and Use Tax","$20,905,972","20"
"2018","Genesee County Sales and Use Tax","$38,958,885","21"
"2018","Greene County Sales and Use Tax","$31,324,913","22"
"2018","Hamilton County Sales and Use Tax","$3,639,723","23"
"2018","Herkimer County Sales and Use Tax","$30,613,007","24"
"2018","Jefferson County Sales and Use Tax","$75,390,527","25"
"2018","Lewis County Sales and Use Tax","$12,035,304","26"
"2018","Livingston County Sales and Use Tax","$32,143,300","27"
"2018","Madison County Sales and Use Tax","$29,500,033","28"
"2018","Monroe County Sales and Use Tax","$495,109,218","29"
"2018","Montgomery County Sales and Use Tax","$29,399,381","30"
"2018","Nassau County Sales and Use Tax","$1,169,933,711","31"
"2018","Niagara County Sales and Use Tax","$119,181,949","32"
"2018","Oneida County Sales and Use Tax","$137,775,803","33"
"2018","Onondaga County Sales and Use Tax","$341,248,918","34"
"2018","Ontario County Sales and Use Tax","$82,247,283","35"
"2018","Orange County Sales and Use Tax","$281,762,554","36"
"2018","Orleans County Sales and Use Tax","$16,373,530","37"
"2018","Oswego County Sales and Use Tax","$46,089,844","38"
"2018","Otsego County Sales and Use Tax","$37,161,369","39"
"2018","Putnam County Sales and Use Tax","$59,283,804","40"
"2018","Rensselaer County Sales and Use Tax","$83,980,493","41"
"2018","Rockland County Sales and Use Tax","$211,480,323","42"
"2018","St. Lawrence County Sales and Use Tax","$57,037,615","43"
"2018","Saratoga County Sales and Use Tax","$120,026,666","44"
"2018","Schenectady County Sales and Use Tax","$102,533,134","45"
"2018","Schoharie County Sales and Use Tax","$15,485,318","46"
"2018","Schuyler County Sales and Use Tax","$10,773,493","47"
"2018","Seneca County Sales and Use Tax","$25,155,067","48"
"2018","Steuben County Sales and Use Tax","$55,475,994","49"
"2018","Suffolk County Sales and Use Tax","$1,404,875,125","50"
"2018","Sullivan County Sales and Use Tax","$40,239,334","51"
"2018","Tioga County Sales and Use Tax","$21,090,899","52"
"2018","Tompkins County Sales and Use Tax","$51,644,019","53"
"2018","Ulster County Sales and Use Tax","$116,005,361","54"
"2018","Warren County Sales and Use Tax","$52,246,630","55"
"2018","Washington County Sales and Use Tax","$19,651,688","56"
"2018","Wayne County Sales and Use Tax","$42,968,676","57"
"2018","Westchester County Sales and Use Tax","$528,641,766","58"
"2018","Wyoming County Sales and Use Tax","$18,395,795","59"
"2018","Yates County Sales and Use Tax","$11,835,703","60"
"2018","City of Auburn Sales and Use Tax","$8,684,760","61"
"2018","City of Batavia Sales and Use Tax","$199","62"
"2018","City of Canandaigua Sales and Use Tax","$203","63"
"2018","City of Corning Sales and Use Tax","$31,430","64"
"2018","City of Geneva Sales and Use Tax","$2,820","65"
"2018","City of Glens Falls Sales and Use Tax","$3,071,926","66"
"2018","City of Gloversville Sales and Use Tax","$3,457,614","67"
"2018","City of Hornell Sales and Use Tax","$8,776","68"
"2018","City of Ithaca Sales and Use Tax","$11,485,826","69"
"2018","City of Johnstown Sales and Use Tax","$3,807,204","70"
"2018","City of Mount Vernon Sales and Use Tax","$20,449,009","71"
"2018","City of New Rochelle Sales and Use Tax","$28,294,146","72"
"2018","City of Norwich Sales and Use Tax","$1,455,854","73"
"2018","City of Ogdensburg Sales and Use Tax","$28","74"
"2018","City of Olean Sales and Use Tax","$4,185,400","75"
"2018","City of Oneida Sales and Use Tax","$4,615,368","76"
"2018","City of Oswego Sales and Use Tax","$14,089,783","77"
"2018","City of Rome Sales and Use Tax","$7,436,243","78"
"2018","City of Salamanca Sales and Use Tax","$654,583","79"
"2018","City of Saratoga Springs Sales and Use Tax","$11,877,391","80"
"2018","City of Utica Sales and Use Tax","$10,012,136","81"
"2018","City of White Plains Sales and Use Tax","$49,643,193","82"
"2018","City of Yonkers Sales and Use Tax","$61,360,950","83"
"2018","City of Yonkers Special Sales and Use Tax","$30,767,899","84"
"2018","City of Newburgh Consumer Utilities","$1,738,449","85"
"2018","City of Port Jervis Consumer Utilities","$306,920","86"
"2018","Albany City School District Consumer Utilities","$3,907,690","87"
"2018","Batavia City School District Consumer Utilities","$670,692","88"
"2018","Cohoes City School District Consumer Utilities","$499,625","89"
"2018","Glen Cove City School District Consumer Utilities","$1,377,850","90"
"2018","Gloversville City School District Consumer Utilities","$538,731","91"
"2018","Hornell City School District Consumer Utilities","$258,372","92"
"2018","Hudson City School District Consumer Utilities","$601,573","93"
"2018","Johnstown City School District Consumer Utilities","$442,156","94"
"2018","Lackawanna City School District Consumer Utilities","$491,051","95"
"2018","Long Beach City School District Consumer Utilities","$1,579,483","96"
"2018","Middletown City School District Consumer Utilities","$1,762,189","97"
"2018","Mt. Vernon City School District Consumer Utilities","$2,393,220","98"
"2018","New Rochelle City School District Consumer Utilities","$2,507,544","99"
"2018","Newburgh City School District Consumer Utilities","$2,245,097","100"
"2018","Niagara Falls City School District Consumer Utilities","$1,792,347","101"
"2018","Ogdensburg City School District Consumer Utilities","$360,616","102"
"2018","Peekskill City School District Consumer Utilities","$837,711","103"
"2018","Rensselaer City School District Consumer Utilities","$405,351","104"
"2018","Rye City School District Consumer Utilities","$705,219","105"
"2018","Schenectady City School District Consumer Utilities","$2,037,860","106"
"2018","Troy City School District Consumer Utilities","$1,302,271","107"
"2018","Utica City School District Consumer Utilities","$1,723,742","108"
"2018","Watertown City School District Consumer Utilities","$1,093,014","109"
"2018","Watervliet City School District Consumer Utilities","$327,545","110"
"2018","White Plains City School District Consumer Utilities","$2,971,922","111"
"2018","New York City Convention Center Development Corporation Hotel Occupancy","$48,607,511","112"
"2018","City of Lockport Admissions, Club Dues, Food, Drink, Amusements and Utilities Services","$2,353,312","113"
"2018","City of Long Beach Hotel Occupancy and Restaurant Meals","$2,443,810","114"
"2018","Metropolitan Transportation Authority Aid Trust Account Passenger Car Rental","$36,195,945","115"
"2018","City of Niagara Falls Admissions, Club Dues, Food, Drink, Amusements, Hotel Occupancy, Utilities Services","$8,176,689","116"
"2017","New York State Sales and Use Tax","$13,239,204,846","1"
"2017","New York City Sales and Use Tax","$7,044,042,965","2"
"2017","Municipal Assistance Corporation Sales and Use Tax","$0","3"
"2017","Metropolitan Commuter Transportation District Sales and Use Tax","$836,733,189","4"
"2017","Albany County Sales and Use Tax","$257,227,061","5"
"2017","Allegany County Sales and Use Tax","$18,947,057","6"
"2017","Broome County Sales and Use Tax","$121,909,512","7"
"2017","Cattaraugus County Sales and Use Tax","$34,937,501","8"
"2017","Cayuga County Sales and Use Tax","$34,113,810","9"
"2017","Chautauqua County Sales and Use Tax","$61,943,490","10"
"2017","Chemung County Sales and Use Tax","$55,227,157","11"
"2017","Chenango County Sales and Use Tax","$21,460,004","12"
"2017","Clinton County Sales and Use Tax","$51,210,412","13"
"2017","Columbia County Sales and Use Tax","$36,849,189","14"
"2017","Cortland County Sales and Use Tax","$27,728,688","15"
"2017","Delaware County Sales and Use Tax","$21,488,079","16"
"2017","Dutchess County Sales and Use Tax","$178,460,920","17"
"2017","Erie County Sales and Use Tax","$741,732,748","18"
"2017","Essex County Sales and Use Tax","$27,605,462","19"
"2017","Franklin County Sales and Use Tax","$20,991,390","20"
"2017","Fulton County Sales and Use Tax","$19,703,588","21"
"2017","Genesee County Sales and Use Tax","$36,927,414","22"
"2017","Greene County Sales and Use Tax","$30,650,108","23"
"2017","Hamilton County Sales and Use Tax","$3,524,815","24"
"2017","Herkimer County Sales and Use Tax","$29,935,207","25"
"2017","Jefferson County Sales and Use Tax","$72,443,772","26"
"2017","Lewis County Sales and Use Tax","$11,378,192","27"
"2017","Livingston County Sales and Use Tax","$29,872,474","28"
"2017","Madison County Sales and Use Tax","$26,207,319","29"
"2017","Monroe County Sales and Use Tax","$471,858,358","30"
"2017","Montgomery County Sales and Use Tax","$27,932,197","31"
"2017","Nassau County Sales and Use Tax","$1,121,496,034","32"
"2017","Niagara County Sales and Use Tax","$115,814,189","33"
"2017","Oneida County Sales and Use Tax","$132,702,086","34"
"2017","Onondaga County Sales and Use Tax","$330,870,887","35"
"2017","Ontario County Sales and Use Tax","$79,641,122","36"
"2017","Orange County Sales and Use Tax","$263,817,418","37"
"2017","Orleans County Sales and Use Tax","$15,174,070","38"
"2017","Oswego County Sales and Use Tax","$40,578,076","39"
"2017","Otsego County Sales and Use Tax","$35,911,051","40"
"2017","Putnam County Sales and Use Tax","$58,574,278","41"
"2017","Rensselaer County Sales and Use Tax","$80,524,100","42"
"2017","Rockland County Sales and Use Tax","$204,762,804","43"
"2017","St. Lawrence County Sales and Use Tax","$53,678,318","44"
"2017","Saratoga County Sales and Use Tax","$117,735,578","45"
"2017","Schenectady County Sales and Use Tax","$94,275,403","46"
"2017","Schoharie County Sales and Use Tax","$14,705,651","47"
"2017","Schuyler County Sales and Use Tax","$10,093,974","48"
"2017","Seneca County Sales and Use Tax","$23,363,651","49"
"2017","Steuben County Sales and Use Tax","$51,846,374","50"
"2017","Suffolk County Sales and Use Tax","$1,319,618,015","51"
"2017","Sullivan County Sales and Use Tax","$38,914,647","52"
"2017","Tioga County Sales and Use Tax","$19,436,583","53"
"2017","Tompkins County Sales and Use Tax","$48,288,523","54"
"2017","Ulster County Sales and Use Tax","$110,675,116","55"
"2017","Warren County Sales and Use Tax","$51,146,633","56"
"2017","Washington County Sales and Use Tax","$19,170,586","57"
"2017","Wayne County Sales and Use Tax","$41,653,963","58"
"2017","Westchester County Sales and Use Tax","$503,785,614","59"
"2017","Wyoming County Sales and Use Tax","$16,872,712","60"
"2017","Yates County Sales and Use Tax","$11,207,059","61"
"2017","City of Amsterdam Sales and Use Tax","$0","62"
"2017","City of Auburn Sales and Use Tax","$8,428,432","63"
"2017","City of Batavia Sales and Use Tax","$716","64"
"2017","City of Canandaigua Sales and Use Tax","$2,219","65"
"2017","City of Corning Sales and Use Tax","$28,274","66"
"2017","City of Cortland Sales and Use Tax","$0","67"
"2017","City of Elmira Sales and Use Tax","$0","68"
"2017","City of Fulton Sales and Use Tax","$0","69"
"2017","City of Geneva Sales and Use Tax","$7,386","70"
"2017","City of Glen Cove Sales and Use Tax","$0","71"
"2017","City of Glens Falls Sales and Use Tax","$2,957,238","72"
"2017","City of Gloversville Sales and Use Tax","$3,191,483","73"
"2017","City of Hornell Sales and Use Tax","$14,930","74"
"2017","City of Ithaca Sales and Use Tax","$10,735,166","75"
"2017","City of Johnstown Sales and Use Tax","$3,707,415","76"
"2017","City of Mechanicville Sales and Use Tax","$0","77"
"2017","City of Mount Vernon Sales and Use Tax","$18,268,354","78"
"2017","City of New Rochelle Sales and Use Tax","$27,869,983","79"
"2017","City of Norwich Sales and Use Tax","$1,567,970","80"
"2017","City of Ogdensburg Sales and Use Tax","$8","81"
"2017","City of Olean Sales and Use Tax","$4,106,984","82"
"2017","City of Oneida Sales and Use Tax","$4,608,928","83"
"2017","City of Oswego Sales and Use Tax","$13,626,621","84"
"2017","City of Plattsburgh Sales and Use Tax","$0","85"
"2017","City of Rome Sales and Use Tax","$7,259,835","86"
"2017","City of Salamanca Sales and Use Tax","$576,121","87"
"2017","City of Saratoga Springs Sales and Use Tax","$11,948,083","88"
"2017","City of Schenectady Sales and Use Tax","$0","89"
"2017","City of Sherrill Sales and Use Tax","$0","90"
"2017","City of Troy Sales and Use Tax","$0","91"
"2017","City of Utica Sales and Use Tax","$9,881,840","92"
"2017","City of White Plains Sales and Use Tax","$49,620,020","93"
"2017","City of Yonkers Sales and Use Tax","$57,975,949","94"
"2017","City of Yonkers Special Sales and Use Tax","$28,982,031","95"
"2017","City of Newburgh Consumer Utilities","$1,890,464","96"
"2017","City of Port Jervis Consumer Utilities","$218,354","97"
"2017","Albany City School District Consumer Utilities","$3,630,450","98"
"2017","Batavia City School District Consumer Utilities","$618,101","99"
"2017","Cohoes City School District Consumer Utilities","$448,877","100"
"2017","Glen Cove City School District Consumer Utilities","$1,363,688","101"
"2017","Gloversville City School District Consumer Utilities","$430,412","102"
"2017","Hornell City School District Consumer Utilities","$210,383","103"
"2017","Hudson City School District Consumer Utilities","$614,498","104"
"2017","Johnstown City School District Consumer Utilities","$382,331","105"
"2017","Lackawanna City School District Consumer Utilities","$454,356","106"
"2017","Long Beach City School District Consumer Utilities","$1,502,132","107"
"2017","Middletown City School District Consumer Utilities","$1,417,245","108"
"2017","Mt. Vernon City School District Consumer Utilities","$2,228,259","109"
"2017","New Rochelle City School District Consumer Utilities","$2,702,149","110"
"2017","Newburgh City School District Consumer Utilities","$1,915,435","111"
"2017","Niagara Falls City School District Consumer Utilities","$1,667,223","112"
"2017","Ogdensburg City School District Consumer Utilities","$340,579","113"
"2017","Peekskill City School District Consumer Utilities","$809,649","114"
"2017","Rensselaer City School District Consumer Utilities","$376,685","115"
"2017","Rye City School District Consumer Utilities","$651,837","116"
"2017","Schenectady City School District Consumer Utilities","$2,169,749","117"
"2017","Troy City School District Consumer Utilities","$1,324,824","118"
"2017","Utica City School District Consumer Utilities","$1,618,894","119"
"2017","Watertown City School District Consumer Utilities","$885,269","120"
"2017","Watervliet City School District Consumer Utilities","$303,199","121"
"2017","White Plains City School District Consumer Utilities","$3,419,486","122"
"2017","New York City Convention Center Development Corporation Hotel Occupancy","$54,483,770","123"
"2017","City of Lockport Admissions, Club Dues, Food, Drink, Amusements and Utilities Services","$2,230,049","124"
"2017","City of Long Beach Hotel Occupancy and Restaurant Meals","$2,217,776","125"
"2017","Metropolitan Transportation Authority Aid Trust Account Passenger Car Rental","$53,628,386","126"
"2017","City of Niagara Falls Admissions, Club Dues, Food, Drink, Amusements, Hotel Occupancy, Utilities Services","$6,915,315","127"
"2016","New York State Sales and Use Tax","$12,782,651,496","1"
"2016","New York City Sales and Use Tax","$7,153,432,596","2"
"2016","Municipal Assistance Corporation Sales and Use Tax","$0","3"
"2016","Metropolitan Commuter Transportation District Sales and Use Tax","$647,127,755","4"
"2016","Albany County Sales and Use Tax","$251,654,489","5"
"2016","Allegany County Sales and Use Tax","$19,295,060","6"
"2016","Broome County Sales and Use Tax","$119,069,475","7"
"2016","Cattaraugus County Sales and Use Tax","$35,848,900","8"
"2016","Cayuga County Sales and Use Tax","$33,593,689","9"
"2016","Chautauqua County Sales and Use Tax","$55,020,410","10"
"2016","Chemung County Sales and Use Tax","$56,347,212","11"
"2016","Chenango County Sales and Use Tax","$20,363,423","12"
"2016","Clinton County Sales and Use Tax","$50,611,321","13"
"2016","Columbia County Sales and Use Tax","$35,395,890","14"
"2016","Cortland County Sales and Use Tax","$27,752,736","15"
"2016","Delaware County Sales and Use Tax","$19,716,747","16"
"2016","Dutchess County Sales and Use Tax","$174,413,076","17"
"2016","Erie County Sales and Use Tax","$728,267,106","18"
"2016","Essex County Sales and Use Tax","$27,139,896","19"
"2016","Franklin County Sales and Use Tax","$20,830,050","20"
"2016","Fulton County Sales and Use Tax","$19,161,401","21"
"2016","Genesee County Sales and Use Tax","$37,712,927","22"
"2016","Greene County Sales and Use Tax","$29,599,267","23"
"2016","Hamilton County Sales and Use Tax","$3,841,352","24"
"2016","Herkimer County Sales and Use Tax","$30,830,829","25"
"2016","Jefferson County Sales and Use Tax","$69,526,293","26"
"2016","Lewis County Sales and Use Tax","$11,664,383","27"
"2016","Livingston County Sales and Use Tax","$30,401,040","28"
"2016","Madison County Sales and Use Tax","$25,665,898","29"
"2016","Monroe County Sales and Use Tax","$454,338,060","30"
"2016","Montgomery County Sales and Use Tax","$27,284,552","31"
"2016","Nassau County Sales and Use Tax","$1,105,153,156","32"
"2016","Niagara County Sales and Use Tax","$117,012,927","33"
"2016","Oneida County Sales and Use Tax","$128,650,761","34"
"2016","Onondaga County Sales and Use Tax","$337,055,177","35"
"2016","Ontario County Sales and Use Tax","$78,825,740","36"
"2016","Orange County Sales and Use Tax","$264,403,013","37"
"2016","Orleans County Sales and Use Tax","$15,440,560","38"
"2016","Oswego County Sales and Use Tax","$41,063,712","39"
"2016","Otsego County Sales and Use Tax","$35,366,942","40"
"2016","Putnam County Sales and Use Tax","$54,664,294","41"
"2016","Rensselaer County Sales and Use Tax","$79,321,380","42"
"2016","Rockland County Sales and Use Tax","$198,324,313","43"
"2016","St. Lawrence County Sales and Use Tax","$54,770,397","44"
"2016","Saratoga County Sales and Use Tax","$114,479,107","45"
"2016","Schenectady County Sales and Use Tax","$93,846,356","46"
"2016","Schoharie County Sales and Use Tax","$13,747,968","47"
"2016","Schuyler County Sales and Use Tax","$10,371,954","48"
"2016","Seneca County Sales and Use Tax","$23,465,431","49"
"2016","Steuben County Sales and Use Tax","$52,724,975","50"
"2016","Suffolk County Sales and Use Tax","$1,313,607,815","51"
"2016","Sullivan County Sales and Use Tax","$36,613,049","52"
"2016","Tioga County Sales and Use Tax","$19,741,233","53"
"2016","Tompkins County Sales and Use Tax","$48,332,520","54"
"2016","Ulster County Sales and Use Tax","$108,655,053","55"
"2016","Warren County Sales and Use Tax","$50,138,077","56"
"2016","Washington County Sales and Use Tax","$20,056,168","57"
"2016","Wayne County Sales and Use Tax","$41,015,618","58"
"2016","Westchester County Sales and Use Tax","$499,585,528","59"
"2016","Wyoming County Sales and Use Tax","$16,592,784","60"
"2016","Yates County Sales and Use Tax","$10,885,547","61"
"2016","City of Amsterdam Sales and Use Tax","$0","62"
"2016","City of Auburn Sales and Use Tax","$8,463,095","63"
"2016","City of Batavia Sales and Use Tax","$1,069","64"
"2016","City of Canandaigua Sales and Use Tax","$1,294","65"
"2016","City of Corning Sales and Use Tax","$178,290","66"
"2016","City of Cortland Sales and Use Tax","$0","67"
"2016","City of Elmira Sales and Use Tax","$0","68"
"2016","City of Fulton Sales and Use Tax","$0","69"
"2016","City of Geneva Sales and Use Tax","$6,674","70"
"2016","City of Glen Cove Sales and Use Tax","$0","71"
"2016","City of Glens Falls Sales and Use Tax","$2,866,936","72"
"2016","City of Gloversville Sales and Use Tax","$3,440,675","73"
"2016","City of Hornell Sales and Use Tax","$134,846","74"
"2016","City of Ithaca Sales and Use Tax","$10,608,346","75"
"2016","City of Johnstown Sales and Use Tax","$3,547,067","76"
"2016","City of Mechanicville Sales and Use Tax","$0","77"
"2016","City of Mount Vernon Sales and Use Tax","$18,417,280","78"
"2016","City of New Rochelle Sales and Use Tax","$27,578,446","79"
"2016","City of Norwich Sales and Use Tax","$1,517,094","80"
"2016","City of Ogdensburg Sales and Use Tax","$8","81"
"2016","City of Olean Sales and Use Tax","$4,281,315","82"
"2016","City of Oneida Sales and Use Tax","$4,548,545","83"
"2016","City of Oswego Sales and Use Tax","$13,038,754","84"
"2016","City of Plattsburgh Sales and Use Tax","$0","85"
"2016","City of Rome Sales and Use Tax","$6,949,164","86"
"2016","City of Salamanca Sales and Use Tax","$574,657","87"
"2016","City of Saratoga Springs Sales and Use Tax","$11,643,025","88"
"2016","City of Schenectady Sales and Use Tax","$0","89"
"2016","City of Sherrill Sales and Use Tax","$0","90"
"2016","City of Troy Sales and Use Tax","$0","91"
"2016","City of Utica Sales and Use Tax","$9,530,978","92"
"2016","City of White Plains Sales and Use Tax","$50,019,018","93"
"2016","City of Yonkers Sales and Use Tax","$49,697,070","94"
"2016","City of Yonkers Special Sales and Use Tax","$29,024,767","95"
"2016","City of Newburgh Consumer Utilities","$1,152,453","96"
"2016","City of Port Jervis Consumer Utilities","$264,765","97"
"2016","Albany City School District Consumer Utilities","$4,031,365","98"
"2016","Batavia City School District Consumer Utilities","$758,011","99"
"2016","Cohoes City School District Consumer Utilities","$555,775","100"
"2016","Glen Cove City School District Consumer Utilities","$1,459,155","101"
"2016","Gloversville City School District Consumer Utilities","$546,143","102"
"2016","Hornell City School District Consumer Utilities","$258,137","103"
"2016","Hudson City School District Consumer Utilities","$613,889","104"
"2016","Johnstown City School District Consumer Utilities","$416,328","105"
"2016","Lackawanna City School District Consumer Utilities","$525,016","106"
"2016","Long Beach City School District Consumer Utilities","$1,654,161","107"
"2016","Middletown City School District Consumer Utilities","$1,575,784","108"
"2016","Mt. Vernon City School District Consumer Utilities","$2,577,175","109"
"2016","New Rochelle City School District Consumer Utilities","$3,374,862","110"
"2016","Newburgh City School District Consumer Utilities","$1,970,898","111"
"2016","Niagara Falls City School District Consumer Utilities","$1,830,930","112"
"2016","Ogdensburg City School District Consumer Utilities","$395,188","113"
"2016","Peekskill City School District Consumer Utilities","$880,650","114"
"2016","Rensselaer City School District Consumer Utilities","$351,753","115"
"2016","Rye City School District Consumer Utilities","$390,748","116"
"2016","Schenectady City School District Consumer Utilities","$2,080,395","117"
"2016","Troy City School District Consumer Utilities","$1,526,609","118"
"2016","Utica City School District Consumer Utilities","$1,717,377","119"
"2016","Watertown City School District Consumer Utilities","$1,166,672","120"
"2016","Watervliet City School District Consumer Utilities","$439,910","121"
"2016","White Plains City School District Consumer Utilities","$3,793,448","122"
"2016","New York City Convention Center Development Corporation Hotel Occupancy","$45,714,603","123"
"2016","City of Lockport Admissions, Club Dues, Food, Drink, Amusements and Utilities Services","$2,246,520","124"
"2016","City of Long Beach Hotel Occupancy and Restaurant Meals","$2,358,288","125"
"2016","Metropolitan Transportation Authority Aid Trust Account Passenger Car Rental","$24,256,182","126"
"2016","City of Niagara Falls Admissions, Club Dues, Food, Drink, Amusements, Hotel Occupancy, Utilities Services","$6,838,070","127"
"2015","New York State Sales and Use Tax","$12,263,327,571","1"
"2015","New York City Sales and Use Tax","$6,710,667,508","2"
"2015","Municipal Assistance Corporation Sales and Use Tax","$0","3"
"2015","Metropolitan Commuter Transportation District Sales and Use Tax","$704,485,048","4"
"2015","Albany County Sales and Use Tax","$252,678,750","5"
"2015","Allegany County Sales and Use Tax","$20,068,318","6"
"2015","Broome County Sales and Use Tax","$119,935,166","7"
"2015","Cattaraugus County Sales and Use Tax","$36,884,493","8"
"2015","Cayuga County Sales and Use Tax","$35,187,385","9"
"2015","Chautauqua County Sales and Use Tax","$55,684,595","10"
"2015","Chemung County Sales and Use Tax","$59,147,288","11"
"2015","Chenango County Sales and Use Tax","$21,187,007","12"
"2015","Clinton County Sales and Use Tax","$53,445,159","13"
"2015","Columbia County Sales and Use Tax","$36,040,078","14"
"2015","Cortland County Sales and Use Tax","$29,227,427","15"
"2015","Delaware County Sales and Use Tax","$22,068,222","16"
"2015","Dutchess County Sales and Use Tax","$174,697,630","17"
"2015","Erie County Sales and Use Tax","$733,365,974","18"
"2015","Essex County Sales and Use Tax","$28,171,983","19"
"2015","Franklin County Sales and Use Tax","$22,112,891","20"
"2015","Fulton County Sales and Use Tax","$19,626,926","21"
"2015","Genesee County Sales and Use Tax","$38,270,652","22"
"2015","Greene County Sales and Use Tax","$29,056,554","23"
"2015","Hamilton County Sales and Use Tax","$3,491,946","24"
"2015","Herkimer County Sales and Use Tax","$30,159,573","25"
"2015","Jefferson County Sales and Use Tax","$71,966,382","26"
"2015","Lewis County Sales and Use Tax","$12,125,273","27"
"2015","Livingston County Sales and Use Tax","$31,401,990","28"
"2015","Madison County Sales and Use Tax","$25,922,974","29"
"2015","Monroe County Sales and Use Tax","$453,208,971","30"
"2015","Montgomery County Sales and Use Tax","$29,422,175","31"
"2015","Nassau County Sales and Use Tax","$1,075,601,388","32"
"2015","Niagara County Sales and Use Tax","$119,282,056","33"
"2015","Oneida County Sales and Use Tax","$133,107,577","34"
"2015","Onondaga County Sales and Use Tax","$339,021,212","35"
"2015","Ontario County Sales and Use Tax","$78,796,234","36"
"2015","Orange County Sales and Use Tax","$261,332,770","37"
"2015","Orleans County Sales and Use Tax","$15,877,952","38"
"2015","Oswego County Sales and Use Tax","$41,812,359","39"
"2015","Otsego County Sales and Use Tax","$36,015,719","40"
"2015","Putnam County Sales and Use Tax","$56,058,374","41"
"2015","Rensselaer County Sales and Use Tax","$79,765,205","42"
"2015","Rockland County Sales and Use Tax","$195,995,014","43"
"2015","St. Lawrence County Sales and Use Tax","$56,906,835","44"
"2015","Saratoga County Sales and Use Tax","$111,997,682","45"
"2015","Schenectady County Sales and Use Tax","$95,355,613","46"
"2015","Schoharie County Sales and Use Tax","$15,138,160","47"
"2015","Schuyler County Sales and Use Tax","$10,170,340","48"
"2015","Seneca County Sales and Use Tax","$22,918,928","49"
"2015","Steuben County Sales and Use Tax","$47,325,966","50"
"2015","Suffolk County Sales and Use Tax","$1,297,661,047","51"
"2015","Sullivan County Sales and Use Tax","$36,108,864","52"
"2015","Tioga County Sales and Use Tax","$20,268,170","53"
"2015","Tompkins County Sales and Use Tax","$50,114,389","54"
"2015","Ulster County Sales and Use Tax","$107,017,490","55"
"2015","Warren County Sales and Use Tax","$49,719,792","56"
"2015","Washington County Sales and Use Tax","$19,931,886","57"
"2015","Wayne County Sales and Use Tax","$41,637,631","58"
"2015","Westchester County Sales and Use Tax","$504,131,420","59"
"2015","Wyoming County Sales and Use Tax","$16,787,898","60"
"2015","Yates County Sales and Use Tax","$11,020,734","61"
"2015","City of Amsterdam Sales and Use Tax","$8","62"
"2015","City of Auburn Sales and Use Tax","$9,126,159","63"
"2015","City of Batavia Sales and Use Tax","$780","64"
"2015","City of Canandaigua Sales and Use Tax","$3,805","65"
"2015","City of Corning Sales and Use Tax","$2,780,478","66"
"2015","City of Cortland Sales and Use Tax","$0","67"
"2015","City of Elmira Sales and Use Tax","$14","68"
"2015","City of Fulton Sales and Use Tax","$0","69"
"2015","City of Geneva Sales and Use Tax","$5,633","70"
"2015","City of Glen Cove Sales and Use Tax","$0","71"
"2015","City of Glens Falls Sales and Use Tax","$2,722,284","72"
"2015","City of Gloversville Sales and Use Tax","$3,676,862","73"
"2015","City of Hornell Sales and Use Tax","$2,644,677","74"
"2015","City of Ithaca Sales and Use Tax","$10,874,900","75"
"2015","City of Johnstown Sales and Use Tax","$4,071,834","76"
"2015","City of Mechanicville Sales and Use Tax","$0","77"
"2015","City of Mount Vernon Sales and Use Tax","$18,735,865","78"
"2015","City of New Rochelle Sales and Use Tax","$26,697,053","79"
"2015","City of Norwich Sales and Use Tax","$1,561,921","80"
"2015","City of Ogdensburg Sales and Use Tax","$5","81"
"2015","City of Olean Sales and Use Tax","$4,334,170","82"
"2015","City of Oneida Sales and Use Tax","$4,415,335","83"
"2015","City of Oswego Sales and Use Tax","$13,058,205","84"
"2015","City of Plattsburgh Sales and Use Tax","$0","85"
"2015","City of Rome Sales and Use Tax","$6,990,648","86"
"2015","City of Salamanca Sales and Use Tax","$637,733","87"
"2015","City of Saratoga Springs Sales and Use Tax","$11,306,420","88"
"2015","City of Schenectady Sales and Use Tax","$0","89"
"2015","City of Sherrill Sales and Use Tax","$1,205","90"
"2015","City of Troy Sales and Use Tax","$0","91"
"2015","City of Utica Sales and Use Tax","$9,834,394","92"
"2015","City of White Plains Sales and Use Tax","$51,672,061","93"
"2015","City of Yonkers Sales and Use Tax","$43,090,745","94"
"2015","City of Yonkers Special Sales and Use Tax","$28,727,156","95"
"2015","City of Newburgh Consumer Utilities","$1,074,658","96"
"2015","City of Port Jervis Consumer Utilities","$310,362","97"
"2015","Albany City School District Consumer Utilities","$4,492,570","98"
"2015","Batavia City School District Consumer Utilities","$820,413","99"
"2015","Cohoes City School District Consumer Utilities","$574,371","100"
"2015","Glen Cove City School District Consumer Utilities","$1,403,484","101"
"2015","Gloversville City School District Consumer Utilities","$613,252","102"
"2015","Hornell City School District Consumer Utilities","$332,789","103"
"2015","Hudson City School District Consumer Utilities","$668,146","104"
"2015","Johnstown City School District Consumer Utilities","$479,180","105"
"2015","Lackawanna City School District Consumer Utilities","$596,380","106"
"2015","Long Beach City School District Consumer Utilities","$1,778,517","107"
"2015","Middletown City School District Consumer Utilities","$1,498,209","108"
"2015","Mt. Vernon City School District Consumer Utilities","$2,715,270","109"
"2015","New Rochelle City School District Consumer Utilities","$3,499,499","110"
"2015","Newburgh City School District Consumer Utilities","$2,020,049","111"
"2015","Niagara Falls City School District Consumer Utilities","$2,141,365","112"
"2015","Ogdensburg City School District Consumer Utilities","$417,052","113"
"2015","Peekskill City School District Consumer Utilities","$933,368","114"
"2015","Rensselaer City School District Consumer Utilities","$408,332","115"
"2015","Rye City School District Consumer Utilities","$347,604","116"
"2015","Schenectady City School District Consumer Utilities","$2,455,496","117"
"2015","Troy City School District Consumer Utilities","$1,547,837","118"
"2015","Utica City School District Consumer Utilities","$2,053,671","119"
"2015","Watertown City School District Consumer Utilities","$1,253,731","120"
"2015","Watervliet City School District Consumer Utilities","$380,992","121"
"2015","White Plains City School District Consumer Utilities","$3,975,509","122"
"2015","New York City Convention Center Development Corporation Hotel Occupancy","$45,521,939","123"
"2015","City of Lockport Admissions, Club Dues, Food, Drink, Amusements and Utilities Services","$2,593,807","124"
"2015","City of Long Beach Hotel Occupancy and Restaurant Meals","$1,958,993","125"
"2015","Metropolitan Transportation Authority Aid Trust Account Passenger Car Rental","$45,047,632","126"
"2015","City of Niagara Falls Admissions, Club Dues, Food, Drink, Amusements, Hotel Occupancy, Utilities Services","$7,010,944","127"
"2014","New York State Sales and Use Tax","$11,857,005,283","1"
"2014","New York City Sales and Use Tax","$6,393,579,447","2"
"2014","Municipal Assistance Corporation Sales and Use Tax","$0","3"
"2014","Metropolitan Commuter Transportation District Sales and Use Tax","$811,113,353","4"
"2014","Albany County Sales and Use Tax","$239,080,716","5"
"2014","Allegany County Sales and Use Tax","$19,395,602","6"
"2014","Broome County Sales and Use Tax","$120,796,729","7"
"2014","Cattaraugus County Sales and Use Tax","$34,910,797","8"
"2014","Cayuga County Sales and Use Tax","$33,269,683","9"
"2014","Chautauqua County Sales and Use Tax","$52,438,320","10"
"2014","Chemung County Sales and Use Tax","$55,417,386","11"
"2014","Chenango County Sales and Use Tax","$20,346,075","12"
"2014","Clinton County Sales and Use Tax","$52,877,408","13"
"2014","Columbia County Sales and Use Tax","$33,559,582","14"
"2014","Cortland County Sales and Use Tax","$27,322,470","15"
"2014","Delaware County Sales and Use Tax","$20,489,736","16"
"2014","Dutchess County Sales and Use Tax","$164,522,428","17"
"2014","Erie County Sales and Use Tax","$706,543,661","18"
"2014","Essex County Sales and Use Tax","$26,213,216","19"
"2014","Franklin County Sales and Use Tax","$20,747,917","20"
"2014","Fulton County Sales and Use Tax","$18,504,938","21"
"2014","Genesee County Sales and Use Tax","$37,783,121","22"
"2014","Greene County Sales and Use Tax","$28,455,940","23"
"2014","Hamilton County Sales and Use Tax","$2,853,763","24"
"2014","Herkimer County Sales and Use Tax","$29,270,482","25"
"2014","Jefferson County Sales and Use Tax","$70,864,407","26"
"2014","Lewis County Sales and Use Tax","$10,525,171","27"
"2014","Livingston County Sales and Use Tax","$29,979,570","28"
"2014","Madison County Sales and Use Tax","$25,058,919","29"
"2014","Monroe County Sales and Use Tax","$442,160,870","30"
"2014","Montgomery County Sales and Use Tax","$28,135,380","31"
"2014","Nassau County Sales and Use Tax","$1,148,461,315","32"
"2014","Niagara County Sales and Use Tax","$116,143,044","33"
"2014","Oneida County Sales and Use Tax","$130,797,582","34"
"2014","Onondaga County Sales and Use Tax","$325,397,004","35"
"2014","Ontario County Sales and Use Tax","$76,301,436","36"
"2014","Orange County Sales and Use Tax","$259,313,427","37"
"2014","Orleans County Sales and Use Tax","$14,678,548","38"
"2014","Oswego County Sales and Use Tax","$40,657,543","39"
"2014","Otsego County Sales and Use Tax","$34,450,834","40"
"2014","Putnam County Sales and Use Tax","$53,125,373","41"
"2014","Rensselaer County Sales and Use Tax","$76,184,199","42"
"2014","Rockland County Sales and Use Tax","$184,942,325","43"
"2014","St. Lawrence County Sales and Use Tax","$45,263,296","44"
"2014","Saratoga County Sales and Use Tax","$106,977,991","45"
"2014","Schenectady County Sales and Use Tax","$89,784,718","46"
"2014","Schoharie County Sales and Use Tax","$14,167,276","47"
"2014","Schuyler County Sales and Use Tax","$9,448,783","48"
"2014","Seneca County Sales and Use Tax","$23,250,104","49"
"2014","Steuben County Sales and Use Tax","$44,466,509","50"
"2014","Suffolk County Sales and Use Tax","$1,282,099,875","51"
"2014","Sullivan County Sales and Use Tax","$33,634,897","52"
"2014","Tioga County Sales and Use Tax","$19,105,499","53"
"2014","Tompkins County Sales and Use Tax","$46,725,980","54"
"2014","Ulster County Sales and Use Tax","$99,034,123","55"
"2014","Warren County Sales and Use Tax","$48,713,464","56"
"2014","Washington County Sales and Use Tax","$19,468,033","57"
"2014","Wayne County Sales and Use Tax","$40,336,664","58"
"2014","Westchester County Sales and Use Tax","$489,451,508","59"
"2014","Wyoming County Sales and Use Tax","$16,682,181","60"
"2014","Yates County Sales and Use Tax","$10,568,815","61"
"2014","City of Amsterdam Sales and Use Tax","$28","62"
"2014","City of Auburn Sales and Use Tax","$8,179,686","63"
"2014","City of Batavia Sales and Use Tax","$373","64"
"2014","City of Canandaigua Sales and Use Tax","$3,775","65"
"2014","City of Corning Sales and Use Tax","$2,504,354","66"
"2014","City of Cortland Sales and Use Tax","$0","67"
"2014","City of Elmira Sales and Use Tax","$54","68"
"2014","City of Fulton Sales and Use Tax","$0","69"
"2014","City of Geneva Sales and Use Tax","$3,993","70"
"2014","City of Glen Cove Sales and Use Tax","$0","71"
"2014","City of Glens Falls Sales and Use Tax","$2,656,339","72"
"2014","City of Gloversville Sales and Use Tax","$2,769,538","73"
"2014","City of Hornell Sales and Use Tax","$2,444,655","74"
"2014","City of Ithaca Sales and Use Tax","$10,211,223","75"
"2014","City of Johnstown Sales and Use Tax","$3,476,410","76"
"2014","City of Mechanicville Sales and Use Tax","$0","77"
"2014","City of Mount Vernon Sales and Use Tax","$18,462,604","78"
"2014","City of New Rochelle Sales and Use Tax","$26,079,429","79"
"2014","City of Norwich Sales and Use Tax","$1,552,972","80"
"2014","City of Ogdensburg Sales and Use Tax","$36","81"
"2014","City of Olean Sales and Use Tax","$4,134,041","82"
"2014","City of Oneida Sales and Use Tax","$4,304,346","83"
"2014","City of Oswego Sales and Use Tax","$12,670,359","84"
"2014","City of Plattsburgh Sales and Use Tax","$0","85"
"2014","City of Rome Sales and Use Tax","$6,710,853","86"
"2014","City of Salamanca Sales and Use Tax","$582,314","87"
"2014","City of Saratoga Springs Sales and Use Tax","$10,649,253","88"
"2014","City of Schenectady Sales and Use Tax","$0","89"
"2014","City of Sherrill Sales and Use Tax","$913","90"
"2014","City of Troy Sales and Use Tax","$0","91"
"2014","City of Utica Sales and Use Tax","$9,605,284","92"
"2014","City of White Plains Sales and Use Tax","$50,821,143","93"
"2014","City of Yonkers Sales and Use Tax","$42,170,018","94"
"2014","City of Yonkers Special Sales and Use Tax","$28,113,318","95"
"2014","City of Newburgh Consumer Utilities","$928,997","96"
"2014","City of Port Jervis Consumer Utilities","$231,067","97"
"2014","Albany City School District Consumer Utilities","$4,192,698","98"
"2014","Batavia City School District Consumer Utilities","$680,311","99"
"2014","Cohoes City School District Consumer Utilities","$667,230","100"
"2014","Glen Cove City School District Consumer Utilities","$1,318,836","101"
"2014","Gloversville City School District Consumer Utilities","$593,195","102"
"2014","Hornell City School District Consumer Utilities","$292,622","103"
"2014","Hudson City School District Consumer Utilities","$483,832","104"
"2014","Johnstown City School District Consumer Utilities","$448,794","105"
"2014","Lackawanna City School District Consumer Utilities","$527,269","106"
"2014","Long Beach City School District Consumer Utilities","$1,540,141","107"
"2014","Middletown City School District Consumer Utilities","$1,252,775","108"
"2014","Mt. Vernon City School District Consumer Utilities","$2,432,187","109"
"2014","New Rochelle City School District Consumer Utilities","$3,430,578","110"
"2014","Newburgh City School District Consumer Utilities","$1,818,485","111"
"2014","Niagara Falls City School District Consumer Utilities","$1,946,559","112"
"2014","Ogdensburg City School District Consumer Utilities","$422,403","113"
"2014","Peekskill City School District Consumer Utilities","$796,888","114"
"2014","Rensselaer City School District Consumer Utilities","$369,460","115"
"2014","Schenectady City School District Consumer Utilities","$2,206,761","116"
"2014","Troy City School District Consumer Utilities","$1,453,655","117"
"2014","Utica City School District Consumer Utilities","$1,931,732","118"
"2014","Watertown City School District Consumer Utilities","$1,171,611","119"
"2014","Watervliet City School District Consumer Utilities","$339,141","120"
"2014","White Plains City School District Consumer Utilities","$3,733,517","121"
"2014","New York City Convention Center Development Corporation Hotel Occupancy","$41,845,045","122"
"2014","City of Lockport Admissions, Club Dues, Food, Drink, Amusements and Utilities Services","$2,218,326","123"
"2014","City of Long Beach Hotel Occupancy and Restaurant Meals","$1,351,079","124"
"2014","Metropolitan Transportation Authority Aid Trust Account Passenger Car Rental","$44,151,125","125"
"2014","City of Niagara Falls Admissions, Club Dues, Food, Drink, Amusements, Hotel Occupancy, Utilities Services","$6,856,464","126"
"2013","New York State Sales and Use Tax","$11,346,313,952","1"
"2013","New York City Sales and Use Tax","$6,026,404,672","2"
"2013","Municipal Assistance Corporation Sales and Use Tax","$0","3"
"2013","Metropolitan Commuter Transportation District Sales and Use Tax","$757,405,243","4"
"2013","Albany County Sales and Use Tax","$241,604,485","5"
"2013","Allegany County Sales and Use Tax","$18,798,769","6"
"2013","Broome County Sales and Use Tax","$128,756,449","7"
"2013","Cattaraugus County Sales and Use Tax","$33,757,960","8"
"2013","Cayuga County Sales and Use Tax","$33,194,681","9"
"2013","Chautauqua County Sales and Use Tax","$53,343,809","10"
"2013","Chemung County Sales and Use Tax","$59,522,727","11"
"2013","Chenango County Sales and Use Tax","$20,324,401","12"
"2013","Clinton County Sales and Use Tax","$54,845,236","13"
"2013","Columbia County Sales and Use Tax","$33,577,519","14"
"2013","Cortland County Sales and Use Tax","$27,239,893","15"
"2013","Delaware County Sales and Use Tax","$20,166,307","16"
"2013","Dutchess County Sales and Use Tax","$165,888,087","17"
"2013","Erie County Sales and Use Tax","$699,012,733","18"
"2013","Essex County Sales and Use Tax","$24,162,287","19"
"2013","Franklin County Sales and Use Tax","$20,582,020","20"
"2013","Fulton County Sales and Use Tax","$18,160,778","21"
"2013","Genesee County Sales and Use Tax","$36,977,405","22"
"2013","Greene County Sales and Use Tax","$27,283,457","23"
"2013","Hamilton County Sales and Use Tax","$2,543,861","24"
"2013","Herkimer County Sales and Use Tax","$28,793,491","25"
"2013","Jefferson County Sales and Use Tax","$73,392,731","26"
"2013","Lewis County Sales and Use Tax","$10,115,254","27"
"2013","Livingston County Sales and Use Tax","$30,286,591","28"
"2013","Madison County Sales and Use Tax","$24,045,821","29"
"2013","Monroe County Sales and Use Tax","$444,489,935","30"
"2013","Montgomery County Sales and Use Tax","$27,558,048","31"
"2013","Nassau County Sales and Use Tax","$1,079,481,313","32"
"2013","Niagara County Sales and Use Tax","$113,912,901","33"
"2013","Oneida County Sales and Use Tax","$130,243,803","34"
"2013","Onondaga County Sales and Use Tax","$322,570,300","35"
"2013","Ontario County Sales and Use Tax","$76,804,802","36"
"2013","Orange County Sales and Use Tax","$255,854,263","37"
"2013","Orleans County Sales and Use Tax","$15,003,816","38"
"2013","Oswego County Sales and Use Tax","$42,096,176","39"
"2013","Otsego County Sales and Use Tax","$34,629,125","40"
"2013","Putnam County Sales and Use Tax","$51,802,272","41"
"2013","Rensselaer County Sales and Use Tax","$76,485,614","42"
"2013","Rockland County Sales and Use Tax","$175,301,755","43"
"2013","St. Lawrence County Sales and Use Tax","$42,019,686","44"
"2013","Saratoga County Sales and Use Tax","$106,147,080","45"
"2013","Schenectady County Sales and Use Tax","$92,060,547","46"
"2013","Schoharie County Sales and Use Tax","$15,004,449","47"
"2013","Schuyler County Sales and Use Tax","$9,772,718","48"
"2013","Seneca County Sales and Use Tax","$22,684,578","49"
"2013","Steuben County Sales and Use Tax","$46,512,052","50"
"2013","Suffolk County Sales and Use Tax","$1,208,502,982","51"
"2013","Sullivan County Sales and Use Tax","$34,122,809","52"
"2013","Tioga County Sales and Use Tax","$20,334,083","53"
"2013","Tompkins County Sales and Use Tax","$46,790,912","54"
"2013","Ulster County Sales and Use Tax","$104,118,659","55"
"2013","Warren County Sales and Use Tax","$47,835,127","56"
"2013","Washington County Sales and Use Tax","$18,199,910","57"
"2013","Wayne County Sales and Use Tax","$39,094,038","58"
"2013","Westchester County Sales and Use Tax","$463,514,402","59"
"2013","Wyoming County Sales and Use Tax","$17,148,067","60"
"2013","Yates County Sales and Use Tax","$10,306,637","61"
"2013","City of Amsterdam Sales and Use Tax","$465","62"
"2013","City of Auburn Sales and Use Tax","$8,076,013","63"
"2013","City of Batavia Sales and Use Tax","$506","64"
"2013","City of Canandaigua Sales and Use Tax","$12,424","65"
"2013","City of Corning Sales and Use Tax","$2,701,258","66"
"2013","City of Cortland Sales and Use Tax","$0","67"
"2013","City of Elmira Sales and Use Tax","$511","68"
"2013","City of Fulton Sales and Use Tax","$0","69"
"2013","City of Geneva Sales and Use Tax","$8,162","70"
"2013","City of Glen Cove Sales and Use Tax","$0","71"
"2013","City of Glens Falls Sales and Use Tax","$2,669,375","72"
"2013","City of Gloversville Sales and Use Tax","$2,344,115","73"
"2013","City of Hornell Sales and Use Tax","$2,553,385","74"
"2013","City of Ithaca Sales and Use Tax","$10,193,743","75"
"2013","City of Johnstown Sales and Use Tax","$3,323,773","76"
"2013","City of Mechanicville Sales and Use Tax","$0","77"
"2013","City of Mount Vernon Sales and Use Tax","$0","78"
"2013","City of New Rochelle Sales and Use Tax","$25,707,598","79"
"2013","City of Norwich Sales and Use Tax","$1,405,566","80"
"2013","City of Ogdensburg Sales and Use Tax","$34","81"
"2013","City of Olean Sales and Use Tax","$4,249,507","82"
"2013","City of Oneida Sales and Use Tax","$4,012,199","83"
"2013","City of Oswego Sales and Use Tax","$12,240,431","84"
"2013","City of Plattsburgh Sales and Use Tax","$0","85"
"2013","City of Rome Sales and Use Tax","$6,835,979","86"
"2013","City of Salamanca Sales and Use Tax","$562,367","87"
"2013","City of Saratoga Springs Sales and Use Tax","$9,964,780","88"
"2013","City of Schenectady Sales and Use Tax","$9","89"
"2013","City of Sherrill Sales and Use Tax","$790","90"
"2013","City of Troy Sales and Use Tax","$0","91"
"2013","City of Utica Sales and Use Tax","$9,278,893","92"
"2013","City of White Plains Sales and Use Tax","$49,956,514","93"
"2013","City of Yonkers Sales and Use Tax","$40,348,127","94"
"2013","City of Yonkers Special Sales and Use Tax","$26,898,625","95"
"2013","City of Newburgh Consumer Utilities","$738,699","96"
"2013","City of Port Jervis Consumer Utilities","$259,733","97"
"2013","Albany City School District Consumer Utilities","$4,084,622","98"
"2013","Batavia City School District Consumer Utilities","$664,695","99"
"2013","Cohoes City School District Consumer Utilities","$491,325","100"
"2013","Glen Cove City School District Consumer Utilities","$1,231,615","101"
"2013","Gloversville City School District Consumer Utilities","$532,829","102"
"2013","Hornell City School District Consumer Utilities","$250,250","103"
"2013","Hudson City School District Consumer Utilities","$245,525","104"
"2013","Johnstown City School District Consumer Utilities","$371,239","105"
"2013","Lackawanna City School District Consumer Utilities","$545,008","106"
"2013","Long Beach City School District Consumer Utilities","$2,055,642","107"
"2013","Middletown City School District Consumer Utilities","$1,596,287","108"
"2013","Mt. Vernon City School District Consumer Utilities","$2,210,568","109"
"2013","New Rochelle City School District Consumer Utilities","$2,965,562","110"
"2013","Newburgh City School District Consumer Utilities","$1,649,762","111"
"2013","Niagara Falls City School District Consumer Utilities","$1,961,053","112"
"2013","Ogdensburg City School District Consumer Utilities","$391,407","113"
"2013","Peekskill City School District Consumer Utilities","$665,382","114"
"2013","Rensselaer City School District Consumer Utilities","$340,947","115"
"2013","Schenectady City School District Consumer Utilities","$1,990,851","116"
"2013","Troy City School District Consumer Utilities","$1,366,314","117"
"2013","Utica City School District Consumer Utilities","$1,834,908","118"
"2013","Watertown City School District Consumer Utilities","$1,047,389","119"
"2013","Watervliet City School District Consumer Utilities","$330,190","120"
"2013","White Plains City School District Consumer Utilities","$3,417,011","121"
"2013","New York City Convention Center Development Corporation Hotel Occupancy","$41,088,477","122"
"2013","City of Lockport Admissions, Club Dues, Food, Drink, Amusements and Utilities Services","$2,343,884","123"
"2013","City of Long Beach Hotel Occupancy and Restaurant Meals","$1,374,457","124"
"2013","Metropolitan Transportation Authority Aid Trust Account Passenger Car Rental","$39,822,103","125"
"2013","City of Niagara Falls Admissions, Club Dues, Food, Drink, Amusements, Hotel Occupancy, Utilities Services","$6,323,836","126"
"2012","New York State Sales and Use Tax","$11,168,121,899","1"
"2012","New York City Sales and Use Tax","$5,802,033,077","2"
"2012","Municipal Assistance Corporation Sales and Use Tax","$0","3"
"2012","Metropolitan Commuter Transportation District Sales and Use Tax","$747,578,272","4"
"2012","Albany County Sales and Use Tax","$230,109,161","5"
"2012","Allegany County Sales and Use Tax","$19,006,106","6"
"2012","Broome County Sales and Use Tax","$120,170,740","7"
"2012","Cattaraugus County Sales and Use Tax","$33,034,244","8"
"2012","Cayuga County Sales and Use Tax","$32,507,229","9"
"2012","Chautauqua County Sales and Use Tax","$52,678,057","10"
"2012","Chemung County Sales and Use Tax","$60,990,377","11"
"2012","Chenango County Sales and Use Tax","$19,990,237","12"
"2012","Clinton County Sales and Use Tax","$49,968,003","13"
"2012","Columbia County Sales and Use Tax","$31,975,541","14"
"2012","Cortland County Sales and Use Tax","$26,734,552","15"
"2012","Delaware County Sales and Use Tax","$19,586,827","16"
"2012","Dutchess County Sales and Use Tax","$162,979,791","17"
"2012","Erie County Sales and Use Tax","$681,308,582","18"
"2012","Essex County Sales and Use Tax","$24,262,962","19"
"2012","Franklin County Sales and Use Tax","$20,292,244","20"
"2012","Fulton County Sales and Use Tax","$17,384,999","21"
"2012","Genesee County Sales and Use Tax","$35,174,838","22"
"2012","Greene County Sales and Use Tax","$26,810,917","23"
"2012","Hamilton County Sales and Use Tax","$2,550,279","24"
"2012","Herkimer County Sales and Use Tax","$27,625,941","25"
"2012","Jefferson County Sales and Use Tax","$69,061,634","26"
"2012","Lewis County Sales and Use Tax","$9,836,885","27"
"2012","Livingston County Sales and Use Tax","$28,135,806","28"
"2012","Madison County Sales and Use Tax","$23,341,700","29"
"2012","Monroe County Sales and Use Tax","$425,417,363","30"
"2012","Montgomery County Sales and Use Tax","$25,658,332","31"
"2012","Nassau County Sales and Use Tax","$1,031,191,139","32"
"2012","Niagara County Sales and Use Tax","$110,000,229","33"
"2012","Oneida County Sales and Use Tax","$125,368,977","34"
"2012","Onondaga County Sales and Use Tax","$306,430,508","35"
"2012","Ontario County Sales and Use Tax","$72,813,799","36"
"2012","Orange County Sales and Use Tax","$240,233,827","37"
"2012","Orleans County Sales and Use Tax","$14,862,779","38"
"2012","Oswego County Sales and Use Tax","$40,546,820","39"
"2012","Otsego County Sales and Use Tax","$33,860,059","40"
"2012","Putnam County Sales and Use Tax","$50,205,034","41"
"2012","Rensselaer County Sales and Use Tax","$75,157,952","42"
"2012","Rockland County Sales and Use Tax","$171,411,525","43"
"2012","St. Lawrence County Sales and Use Tax","$41,475,842","44"
"2012","Saratoga County Sales and Use Tax","$100,345,349","45"
"2012","Schenectady County Sales and Use Tax","$89,733,878","46"
"2012","Schoharie County Sales and Use Tax","$15,113,115","47"
"2012","Schuyler County Sales and Use Tax","$10,019,542","48"
"2012","Seneca County Sales and Use Tax","$21,126,106","49"
"2012","Steuben County Sales and Use Tax","$46,462,628","50"
"2012","Suffolk County Sales and Use Tax","$1,170,619,167","51"
"2012","Sullivan County Sales and Use Tax","$33,131,934","52"
"2012","Tioga County Sales and Use Tax","$19,341,386","53"
"2012","Tompkins County Sales and Use Tax","$45,435,269","54"
"2012","Ulster County Sales and Use Tax","$101,644,060","55"
"2012","Warren County Sales and Use Tax","$46,718,382","56"
"2012","Washington County Sales and Use Tax","$17,321,680","57"
"2012","Wayne County Sales and Use Tax","$38,561,236","58"
"2012","Westchester County Sales and Use Tax","$453,205,209","59"
"2012","Wyoming County Sales and Use Tax","$15,468,215","60"
"2012","Yates County Sales and Use Tax","$9,842,104","61"
"2012","City of Amsterdam Sales and Use Tax","$768","62"
"2012","City of Auburn Sales and Use Tax","$8,001,301","63"
"2012","City of Batavia Sales and Use Tax","$601","64"
"2012","City of Canandaigua Sales and Use Tax","$3,466","65"
"2012","City of Corning Sales and Use Tax","$2,715,011","66"
"2012","City of Cortland Sales and Use Tax","$146","67"
"2012","City of Elmira Sales and Use Tax","$2,711","68"
"2012","City of Fulton Sales and Use Tax","$0","69"
"2012","City of Geneva Sales and Use Tax","$3,324","70"
"2012","City of Glen Cove Sales and Use Tax","$0","71"
"2012","City of Glens Falls Sales and Use Tax","$2,555,374","72"
"2012","City of Gloversville Sales and Use Tax","$2,281,912","73"
"2012","City of Hornell Sales and Use Tax","$2,580,829","74"
"2012","City of Ithaca Sales and Use Tax","$10,012,590","75"
"2012","City of Johnstown Sales and Use Tax","$3,288,489","76"
"2012","City of Mechanicville Sales and Use Tax","$90","77"
"2012","City of Mount Vernon Sales and Use Tax","$16,919,013","78"
"2012","City of New Rochelle Sales and Use Tax","$23,841,786","79"
"2012","City of Norwich Sales and Use Tax","$1,374,343","80"
"2012","City of Ogdensburg Sales and Use Tax","$967","81"
"2012","City of Olean Sales and Use Tax","$3,929,120","82"
"2012","City of Oneida Sales and Use Tax","$4,290,216","83"
"2012","City of Oswego Sales and Use Tax","$12,108,072","84"
"2012","City of Plattsburgh Sales and Use Tax","$0","85"
"2012","City of Rome Sales and Use Tax","$6,360,406","86"
"2012","City of Salamanca Sales and Use Tax","$584,844","87"
"2012","City of Saratoga Springs Sales and Use Tax","$9,415,826","88"
"2012","City of Schenectady Sales and Use Tax","$513","89"
"2012","City of Sherrill Sales and Use Tax","$3,422","90"
"2012","City of Troy Sales and Use Tax","$359","91"
"2012","City of Utica Sales and Use Tax","$9,075,196","92"
"2012","City of White Plains Sales and Use Tax","$51,618,181","93"
"2012","City of Yonkers Sales and Use Tax","$37,538,875","94"
"2012","City of Yonkers Special Sales and Use Tax","$25,025,711","95"
"2012","City of Newburgh Consumer Utilities","$1,106,188","96"
"2012","City of Port Jervis Consumer Utilities","$439,947","97"
"2012","Albany City School District Consumer Utilities","$4,899,619","98"
"2012","Batavia City School District Consumer Utilities","$788,886","99"
"2012","Cohoes City School District Consumer Utilities","$617,880","100"
"2012","Glen Cove City School District Consumer Utilities","$1,324,175","101"
"2012","Gloversville City School District Consumer Utilities","$801,725","102"
"2012","Hornell City School District Consumer Utilities","$311,802","103"
"2012","Hudson City School District Consumer Utilities","$644,322","104"
"2012","Johnstown City School District Consumer Utilities","$546,690","105"
"2012","Lackawanna City School District Consumer Utilities","$662,008","106"
"2012","Long Beach City School District Consumer Utilities","$2,012,957","107"
"2012","Middletown City School District Consumer Utilities","$1,694,282","108"
"2012","Mt. Vernon City School District Consumer Utilities","$2,477,768","109"
"2012","New Rochelle City School District Consumer Utilities","$3,476,722","110"
"2012","Newburgh City School District Consumer Utilities","$2,151,164","111"
"2012","Niagara Falls City School District Consumer Utilities","$2,261,048","112"
"2012","Ogdensburg City School District Consumer Utilities","$468,495","113"
"2012","Peekskill City School District Consumer Utilities","$746,068","114"
"2012","Rensselaer City School District Consumer Utilities","$369,266","115"
"2012","Schenectady City School District Consumer Utilities","$2,600,792","116"
"2012","Troy City School District Consumer Utilities","$1,328,210","117"
"2012","Utica City School District Consumer Utilities","$2,371,057","118"
"2012","Watertown City School District Consumer Utilities","$1,321,280","119"
"2012","Watervliet City School District Consumer Utilities","$464,167","120"
"2012","White Plains City School District Consumer Utilities","$4,080,086","121"
"2012","New York City Convention Center Development Corporation Hotel Occupancy","$39,240,270","122"
"2012","City of Lockport Admissions, Club Dues, Food, Drink, Amusements and Utilities Services","$2,454,761","123"
"2012","City of Long Beach Hotel Occupancy and Restaurant Meals","$1,743,750","124"
"2012","Metropolitan Transportation Authority Aid Trust Account Passenger Car Rental","$39,046,643","125"
"2012","City of Niagara Falls Admissions, Club Dues, Food, Drink, Amusements, Hotel Occupancy, Utilities Services","$6,322,487","126"
"2011","New York State Sales and Use Tax","$10,856,940,409","1"
"2011","New York City Sales and Use Tax","$5,475,683,747","2"
"2011","Municipal Assistance Corporation Sales and Use Tax","$0","3"
"2011","Metropolitan Commuter Transportation District Sales and Use Tax","$717,007,483","4"
"2011","Albany County Sales and Use Tax","$222,719,408","5"
"2011","Allegany County Sales and Use Tax","$17,876,632","6"
"2011","Broome County Sales and Use Tax","$105,767,308","7"
"2011","Cattaraugus County Sales and Use Tax","$33,873,552","8"
"2011","Cayuga County Sales and Use Tax","$30,403,581","9"
"2011","Chautauqua County Sales and Use Tax","$53,510,309","10"
"2011","Chemung County Sales and Use Tax","$58,475,911","11"
"2011","Chenango County Sales and Use Tax","$18,097,620","12"
"2011","Clinton County Sales and Use Tax","$47,003,531","13"
"2011","Columbia County Sales and Use Tax","$30,417,887","14"
"2011","Cortland County Sales and Use Tax","$24,560,525","15"
"2011","Delaware County Sales and Use Tax","$18,259,069","16"
"2011","Dutchess County Sales and Use Tax","$154,211,771","17"
"2011","Erie County Sales and Use Tax","$650,827,957","18"
"2011","Essex County Sales and Use Tax","$23,174,991","19"
"2011","Franklin County Sales and Use Tax","$19,608,416","20"
"2011","Fulton County Sales and Use Tax","$17,199,964","21"
"2011","Genesee County Sales and Use Tax","$33,147,256","22"
"2011","Greene County Sales and Use Tax","$25,243,520","23"
"2011","Hamilton County Sales and Use Tax","$2,429,762","24"
"2011","Herkimer County Sales and Use Tax","$27,197,877","25"
"2011","Jefferson County Sales and Use Tax","$66,807,808","26"
"2011","Lewis County Sales and Use Tax","$9,685,545","27"
"2011","Livingston County Sales and Use Tax","$26,354,173","28"
"2011","Madison County Sales and Use Tax","$22,420,073","29"
"2011","Monroe County Sales and Use Tax","$407,451,631","30"
"2011","Montgomery County Sales and Use Tax","$24,617,448","31"
"2011","Nassau County Sales and Use Tax","$1,003,863,159","32"
"2011","Niagara County Sales and Use Tax","$101,449,188","33"
"2011","Oneida County Sales and Use Tax","$121,472,461","34"
"2011","Onondaga County Sales and Use Tax","$294,655,936","35"
"2011","Ontario County Sales and Use Tax","$68,877,628","36"
"2011","Orange County Sales and Use Tax","$225,086,147","37"
"2011","Orleans County Sales and Use Tax","$12,952,634","38"
"2011","Oswego County Sales and Use Tax","$37,641,708","39"
"2011","Otsego County Sales and Use Tax","$32,112,724","40"
"2011","Putnam County Sales and Use Tax","$47,706,158","41"
"2011","Rensselaer County Sales and Use Tax","$67,929,793","42"
"2011","Rockland County Sales and Use Tax","$164,865,930","43"
"2011","St. Lawrence County Sales and Use Tax","$39,375,898","44"
"2011","Saratoga County Sales and Use Tax","$95,755,331","45"
"2011","Schenectady County Sales and Use Tax","$82,391,654","46"
"2011","Schoharie County Sales and Use Tax","$13,528,866","47"
"2011","Schuyler County Sales and Use Tax","$8,243,398","48"
"2011","Seneca County Sales and Use Tax","$20,945,405","49"
"2011","Steuben County Sales and Use Tax","$41,736,447","50"
"2011","Suffolk County Sales and Use Tax","$1,132,547,997","51"
"2011","Sullivan County Sales and Use Tax","$32,533,554","52"
"2011","Tioga County Sales and Use Tax","$16,531,887","53"
"2011","Tompkins County Sales and Use Tax","$43,772,263","54"
"2011","Ulster County Sales and Use Tax","$97,138,995","55"
"2011","Warren County Sales and Use Tax","$43,056,934","56"
"2011","Washington County Sales and Use Tax","$15,986,557","57"
"2011","Wayne County Sales and Use Tax","$35,785,612","58"
"2011","Westchester County Sales and Use Tax","$444,671,929","59"
"2011","Wyoming County Sales and Use Tax","$14,207,133","60"
"2011","Yates County Sales and Use Tax","$9,219,521","61"
"2011","City of Amsterdam Sales and Use Tax","$1,782","62"
"2011","City of Auburn Sales and Use Tax","$8,101,302","63"
"2011","City of Batavia Sales and Use Tax","$5,001","64"
"2011","City of Canandaigua Sales and Use Tax","$10,022","65"
"2011","City of Corning Sales and Use Tax","$2,451,028","66"
"2011","City of Cortland Sales and Use Tax","$621","67"
"2011","City of Elmira Sales and Use Tax","$15,553","68"
"2011","City of Fulton Sales and Use Tax","$29,602","69"
"2011","City of Geneva Sales and Use Tax","$11,458","70"
"2011","City of Glen Cove Sales and Use Tax","$0","71"
"2011","City of Glens Falls Sales and Use Tax","$2,525,591","72"
"2011","City of Gloversville Sales and Use Tax","$2,165,628","73"
"2011","City of Hornell Sales and Use Tax","$2,509,228","74"
"2011","City of Ithaca Sales and Use Tax","$9,695,046","75"
"2011","City of Johnstown Sales and Use Tax","$3,131,136","76"
"2011","City of Mechanicville Sales and Use Tax","$0","77"
"2011","City of Mount Vernon Sales and Use Tax","$16,655,244","78"
"2011","City of New Rochelle Sales and Use Tax","$23,089,734","79"
"2011","City of Norwich Sales and Use Tax","$1,277,596","80"
"2011","City of Ogdensburg Sales and Use Tax","$4,098","81"
"2011","City of Olean Sales and Use Tax","$4,232,177","82"
"2011","City of Oneida Sales and Use Tax","$4,221,878","83"
"2011","City of Oswego Sales and Use Tax","$11,650,802","84"
"2011","City of Plattsburgh Sales and Use Tax","$245","85"
"2011","City of Rome Sales and Use Tax","$6,473,717","86"
"2011","City of Salamanca Sales and Use Tax","$568,827","87"
"2011","City of Saratoga Springs Sales and Use Tax","$9,054,114","88"
"2011","City of Schenectady Sales and Use Tax","$1,484","89"
"2011","City of Sherrill Sales and Use Tax","$0","90"
"2011","City of Troy Sales and Use Tax","$7,945","91"
"2011","City of Utica Sales and Use Tax","$8,809,211","92"
"2011","City of White Plains Sales and Use Tax","$48,379,195","93"
"2011","City of Yonkers Sales and Use Tax","$36,209,904","94"
"2011","City of Yonkers Special Sales and Use Tax","$24,139,579","95"
"2011","City of Newburgh Consumer Utilities","$1,018,710","96"
"2011","City of Port Jervis Consumer Utilities","$515,829","97"
"2011","Albany City School District Consumer Utilities","$4,514,650","98"
"2011","Batavia City School District Consumer Utilities","$692,815","99"
"2011","Cohoes City School District Consumer Utilities","$579,860","100"
"2011","Glen Cove City School District Consumer Utilities","$1,465,326","101"
"2011","Gloversville City School District Consumer Utilities","$558,971","102"
"2011","Hornell City School District Consumer Utilities","$306,087","103"
"2011","Hudson City School District Consumer Utilities","$680,228","104"
"2011","Johnstown City School District Consumer Utilities","$500,668","105"
"2011","Lackawanna City School District Consumer Utilities","$602,226","106"
"2011","Long Beach City School District Consumer Utilities","$2,101,859","107"
"2011","Middletown City School District Consumer Utilities","$1,707,183","108"
"2011","Mt. Vernon City School District Consumer Utilities","$938,533","109"
"2011","New Rochelle City School District Consumer Utilities","$3,679,926","110"
"2011","Newburgh City School District Consumer Utilities","$2,005,400","111"
"2011","Niagara Falls City School District Consumer Utilities","$2,174,784","112"
"2011","Ogdensburg City School District Consumer Utilities","$450,512","113"
"2011","Peekskill City School District Consumer Utilities","$849,317","114"
"2011","Rensselaer City School District Consumer Utilities","$378,414","115"
"2011","Schenectady City School District Consumer Utilities","$2,380,965","116"
"2011","Troy City School District Consumer Utilities","$1,165,121","117"
"2011","Utica City School District Consumer Utilities","$2,181,612","118"
"2011","Watertown City School District Consumer Utilities","$1,293,865","119"
"2011","Watervliet City School District Consumer Utilities","$438,974","120"
"2011","White Plains City School District Consumer Utilities","$4,350,258","121"
"2011","New York City Convention Center Development Corporation Hotel Occupancy","$38,236,658","122"
"2011","City of Lockport Admissions, Club Dues, Food, Drink, Amusements and Utilities Services","$2,292,626","123"
"2011","City of Long Beach Hotel Occupancy and Restaurant Meals","$1,295,912","124"
"2011","Metropolitan Transportation Authority Aid Trust Account Passenger Car Rental","$34,285,523","125"
"2011","City of Niagara Falls Admissions, Club Dues, Food, Drink, Amusements, Hotel Occupancy, Utilities Services","$6,006,902","126"
"2010","New York State Sales and Use Tax","$9,903,588,183","1"
"2010","New York City Sales and Use Tax","$4,711,974,473","2"
"2010","Municipal Assistance Corporation Sales and Use Tax","$0","3"
"2010","Metropolitan Commuter Transportation District Sales and Use Tax","$660,385,138","4"
"2010","Albany County Sales and Use Tax","$219,099,480","5"
"2010","Allegany County Sales and Use Tax","$17,411,910","6"
"2010","Broome County Sales and Use Tax","$103,530,576","7"
"2010","Cattaraugus County Sales and Use Tax","$32,644,408","8"
"2010","Cayuga County Sales and Use Tax","$29,945,026","9"
"2010","Chautauqua County Sales and Use Tax","$52,536,211","10"
"2010","Chemung County Sales and Use Tax","$50,979,559","11"
"2010","Chenango County Sales and Use Tax","$17,183,626","12"
"2010","Clinton County Sales and Use Tax","$45,447,012","13"
"2010","Columbia County Sales and Use Tax","$29,440,493","14"
"2010","Cortland County Sales and Use Tax","$22,879,525","15"
"2010","Delaware County Sales and Use Tax","$17,788,365","16"
"2010","Dutchess County Sales and Use Tax","$139,634,615","17"
"2010","Erie County Sales and Use Tax","$637,921,295","18"
"2010","Essex County Sales and Use Tax","$21,726,520","19"
"2010","Franklin County Sales and Use Tax","$18,513,471","20"
"2010","Fulton County Sales and Use Tax","$16,705,111","21"
"2010","Genesee County Sales and Use Tax","$32,060,711","22"
"2010","Greene County Sales and Use Tax","$24,851,225","23"
"2010","Hamilton County Sales and Use Tax","$2,463,170","24"
"2010","Herkimer County Sales and Use Tax","$25,611,493","25"
"2010","Jefferson County Sales and Use Tax","$60,803,610","26"
"2010","Lewis County Sales and Use Tax","$8,957,843","27"
"2010","Livingston County Sales and Use Tax","$24,015,767","28"
"2010","Madison County Sales and Use Tax","$20,889,696","29"
"2010","Monroe County Sales and Use Tax","$385,835,271","30"
"2010","Montgomery County Sales and Use Tax","$23,073,608","31"
"2010","Nassau County Sales and Use Tax","$960,565,094","32"
"2010","Niagara County Sales and Use Tax","$96,854,682","33"
"2010","Oneida County Sales and Use Tax","$116,139,069","34"
"2010","Onondaga County Sales and Use Tax","$279,342,791","35"
"2010","Ontario County Sales and Use Tax","$65,402,120","36"
"2010","Orange County Sales and Use Tax","$213,450,139","37"
"2010","Orleans County Sales and Use Tax","$13,487,796","38"
"2010","Oswego County Sales and Use Tax","$35,470,612","39"
"2010","Otsego County Sales and Use Tax","$31,307,877","40"
"2010","Putnam County Sales and Use Tax","$45,327,118","41"
"2010","Rensselaer County Sales and Use Tax","$65,550,814","42"
"2010","Rockland County Sales and Use Tax","$163,443,221","43"
"2010","St. Lawrence County Sales and Use Tax","$37,504,822","44"
"2010","Saratoga County Sales and Use Tax","$88,709,096","45"
"2010","Schenectady County Sales and Use Tax","$80,929,651","46"
"2010","Schoharie County Sales and Use Tax","$12,323,216","47"
"2010","Schuyler County Sales and Use Tax","$8,795,487","48"
"2010","Seneca County Sales and Use Tax","$20,753,624","49"
"2010","Steuben County Sales and Use Tax","$38,681,413","50"
"2010","Suffolk County Sales and Use Tax","$1,070,285,993","51"
"2010","Sullivan County Sales and Use Tax","$33,030,863","52"
"2010","Tioga County Sales and Use Tax","$18,675,933","53"
"2010","Tompkins County Sales and Use Tax","$41,895,525","54"
"2010","Ulster County Sales and Use Tax","$90,803,893","55"
"2010","Warren County Sales and Use Tax","$42,014,581","56"
"2010","Washington County Sales and Use Tax","$16,202,956","57"
"2010","Wayne County Sales and Use Tax","$34,875,738","58"
"2010","Westchester County Sales and Use Tax","$412,605,722","59"
"2010","Wyoming County Sales and Use Tax","$13,996,489","60"
"2010","Yates County Sales and Use Tax","$8,946,549","61"
"2010","City of Amsterdam Sales and Use Tax","$1,662","62"
"2010","City of Auburn Sales and Use Tax","$7,979,279","63"
"2010","City of Batavia Sales and Use Tax","$1,970","64"
"2010","City of Canandaigua Sales and Use Tax","$10,959","65"
"2010","City of Corning Sales and Use Tax","$2,283,316","66"
"2010","City of Cortland Sales and Use Tax","$3,180","67"
"2010","City of Elmira Sales and Use Tax","$2,966","68"
"2010","City of Fulton Sales and Use Tax","$0","69"
"2010","City of Geneva Sales and Use Tax","$22,398","70"
"2010","City of Glen Cove Sales and Use Tax","$0","71"
"2010","City of Glens Falls Sales and Use Tax","$2,569,875","72"
"2010","City of Gloversville Sales and Use Tax","$2,164,961","73"
"2010","City of Hornell Sales and Use Tax","$2,455,707","74"
"2010","City of Ithaca Sales and Use Tax","$9,255,172","75"
"2010","City of Johnstown Sales and Use Tax","$3,155,256","76"
"2010","City of Mechanicville Sales and Use Tax","$0","77"
"2010","City of Mount Vernon Sales and Use Tax","$16,456,103","78"
"2010","City of New Rochelle Sales and Use Tax","$23,275,168","79"
"2010","City of Norwich Sales and Use Tax","$1,363,260","80"
"2010","City of Ogdensburg Sales and Use Tax","$1,204","81"
"2010","City of Olean Sales and Use Tax","$3,958,233","82"
"2010","City of Oneida Sales and Use Tax","$4,163,764","83"
"2010","City of Oswego Sales and Use Tax","$10,574,421","84"
"2010","City of Plattsburgh Sales and Use Tax","$364","85"
"2010","City of Rome Sales and Use Tax","$6,223,513","86"
"2010","City of Salamanca Sales and Use Tax","$577,625","87"
"2010","City of Saratoga Springs Sales and Use Tax","$8,403,901","88"
"2010","City of Schenectady Sales and Use Tax","$895","89"
"2010","City of Sherrill Sales and Use Tax","$3,500","90"
"2010","City of Troy Sales and Use Tax","$91","91"
"2010","City of Utica Sales and Use Tax","$8,875,697","92"
"2010","City of White Plains Sales and Use Tax","$42,927,277","93"
"2010","City of Yonkers Sales and Use Tax","$35,289,076","94"
"2010","City of Yonkers Special Sales and Use Tax","$23,525,582","95"
"2010","City of Newburgh Consumer Utilities","$1,274,862","96"
"2010","City of Port Jervis Consumer Utilities","$496,497","97"
"2010","Albany City School District Consumer Utilities","$5,138,300","98"
"2010","Batavia City School District Consumer Utilities","$893,867","99"
"2010","Cohoes City School District Consumer Utilities","$683,405","100"
"2010","Glen Cove City School District Consumer Utilities","$1,378,198","101"
"2010","Gloversville City School District Consumer Utilities","$702,380","102"
"2010","Hornell City School District Consumer Utilities","$399,380","103"
"2010","Hudson City School District Consumer Utilities","$851,652","104"
"2010","Johnstown City School District Consumer Utilities","$557,418","105"
"2010","Lackawanna City School District Consumer Utilities","$791,102","106"
"2010","Long Beach City School District Consumer Utilities","$1,591,723","107"
"2010","Middletown City School District Consumer Utilities","$1,763,564","108"
"2010","Mt. Vernon City School District Consumer Utilities","$0","109"
"2010","New Rochelle City School District Consumer Utilities","$3,990,941","110"
"2010","Newburgh City School District Consumer Utilities","$1,164,076","111"
"2010","Niagara Falls City School District Consumer Utilities","$2,727,964","112"
"2010","Ogdensburg City School District Consumer Utilities","$539,258","113"
"2010","Peekskill City School District Consumer Utilities","$354,558","114"
"2010","Rensselaer City School District Consumer Utilities","$409,365","115"
"2010","Schenectady City School District Consumer Utilities","$2,800,723","116"
"2010","Troy City School District Consumer Utilities","$1,063,753","117"
"2010","Utica City School District Consumer Utilities","$2,574,565","118"
"2010","Watertown City School District Consumer Utilities","$1,428,160","119"
"2010","Watervliet City School District Consumer Utilities","$491,631","120"
"2010","White Plains City School District Consumer Utilities","$4,702,429","121"
"2010","New York City Convention Center Development Corporation Hotel Occupancy","$33,959,824","122"
"2010","City of Lockport Admissions, Club Dues, Food, Drink, Amusements and Utilities Services","$2,662,666","123"
"2010","City of Long Beach Hotel Occupancy and Restaurant Meals","$1,210,444","124"
"2010","Metropolitan Transportation Authority Aid Trust Account Passenger Car Rental","$17,682,230","125"
"2010","City of Niagara Falls Admissions, Club Dues, Food, Drink, Amusements, Hotel Occupancy, Utilities Services","$5,922,941","126"
"2009","New York State Sales and Use Tax","$10,373,713,322","1"
"2009","New York City Sales and Use Tax","$2,429,510,018","2"
"2009","Municipal Assistance Corporation Sales and Use Tax","$2,484,440,815","3"
"2009","Metropolitan Commuter Transportation District Sales and Use Tax","$709,153,320","4"
"2009","Albany County Sales and Use Tax","$235,613,800","5"
"2009","Allegany County Sales and Use Tax","$17,561,843","6"
"2009","Broome County Sales and Use Tax","$111,250,713","7"
"2009","Cattaraugus County Sales and Use Tax","$32,888,470","8"
"2009","Cayuga County Sales and Use Tax","$30,372,341","9"
"2009","Chautauqua County Sales and Use Tax","$51,637,077","10"
"2009","Chemung County Sales and Use Tax","$53,701,848","11"
"2009","Chenango County Sales and Use Tax","$18,266,809","12"
"2009","Clinton County Sales and Use Tax","$47,995,834","13"
"2009","Columbia County Sales and Use Tax","$31,031,407","14"
"2009","Cortland County Sales and Use Tax","$23,783,934","15"
"2009","Delaware County Sales and Use Tax","$19,748,769","16"
"2009","Dutchess County Sales and Use Tax","$150,149,806","17"
"2009","Erie County Sales and Use Tax","$651,638,463","18"
"2009","Essex County Sales and Use Tax","$24,141,071","19"
"2009","Franklin County Sales and Use Tax","$19,982,773","20"
"2009","Fulton County Sales and Use Tax","$17,570,972","21"
"2009","Genesee County Sales and Use Tax","$34,477,343","22"
"2009","Greene County Sales and Use Tax","$27,412,186","23"
"2009","Hamilton County Sales and Use Tax","$2,487,422","24"
"2009","Herkimer County Sales and Use Tax","$26,550,465","25"
"2009","Jefferson County Sales and Use Tax","$62,500,621","26"
"2009","Lewis County Sales and Use Tax","$9,463,684","27"
"2009","Livingston County Sales and Use Tax","$26,025,517","28"
"2009","Madison County Sales and Use Tax","$21,816,010","29"
"2009","Monroe County Sales and Use Tax","$407,272,739","30"
"2009","Montgomery County Sales and Use Tax","$25,542,283","31"
"2009","Nassau County Sales and Use Tax","$994,203,862","32"
"2009","Niagara County Sales and Use Tax","$96,408,968","33"
"2009","Oneida County Sales and Use Tax","$113,841,043","34"
"2009","Onondaga County Sales and Use Tax","$290,674,145","35"
"2009","Ontario County Sales and Use Tax","$66,168,231","36"
"2009","Orange County Sales and Use Tax","$221,663,276","37"
"2009","Orleans County Sales and Use Tax","$13,946,129","38"
"2009","Oswego County Sales and Use Tax","$35,297,046","39"
"2009","Otsego County Sales and Use Tax","$33,301,457","40"
"2009","Putnam County Sales and Use Tax","$51,274,303","41"
"2009","Rensselaer County Sales and Use Tax","$68,597,327","42"
"2009","Rockland County Sales and Use Tax","$169,227,339","43"
"2009","St. Lawrence County Sales and Use Tax","$40,724,696","44"
"2009","Saratoga County Sales and Use Tax","$95,849,142","45"
"2009","Schenectady County Sales and Use Tax","$85,549,656","46"
"2009","Schoharie County Sales and Use Tax","$13,446,599","47"
"2009","Schuyler County Sales and Use Tax","$8,331,769","48"
"2009","Seneca County Sales and Use Tax","$18,659,658","49"
"2009","Steuben County Sales and Use Tax","$42,053,746","50"
"2009","Suffolk County Sales and Use Tax","$1,152,873,124","51"
"2009","Sullivan County Sales and Use Tax","$36,198,059","52"
"2009","Tioga County Sales and Use Tax","$18,463,440","53"
"2009","Tompkins County Sales and Use Tax","$43,982,428","54"
"2009","Ulster County Sales and Use Tax","$97,594,686","55"
"2009","Warren County Sales and Use Tax","$45,481,820","56"
"2009","Washington County Sales and Use Tax","$17,656,751","57"
"2009","Wayne County Sales and Use Tax","$36,087,038","58"
"2009","Westchester County Sales and Use Tax","$460,541,501","59"
"2009","Wyoming County Sales and Use Tax","$15,191,382","60"
"2009","Yates County Sales and Use Tax","$9,262,416","61"
"2009","City of Amsterdam Sales and Use Tax","$871","62"
"2009","City of Auburn Sales and Use Tax","$7,609,621","63"
"2009","City of Batavia Sales and Use Tax","$12,730","64"
"2009","City of Canandaigua Sales and Use Tax","$13,600","65"
"2009","City of Corning Sales and Use Tax","$2,549,639","66"
"2009","City of Cortland Sales and Use Tax","$1,661","67"
"2009","City of Elmira Sales and Use Tax","$4,085","68"
"2009","City of Fulton Sales and Use Tax","$19,177","69"
"2009","City of Geneva Sales and Use Tax","$17,571","70"
"2009","City of Glen Cove Sales and Use Tax","$0","71"
"2009","City of Glens Falls Sales and Use Tax","$2,795,943","72"
"2009","City of Gloversville Sales and Use Tax","$2,241,158","73"
"2009","City of Hornell Sales and Use Tax","$2,374,462","74"
"2009","City of Ithaca Sales and Use Tax","$9,872,157","75"
"2009","City of Johnstown Sales and Use Tax","$3,047,687","76"
"2009","City of Mechanicville Sales and Use Tax","$0","77"
"2009","City of Mount Vernon Sales and Use Tax","$18,090,150","78"
"2009","City of New Rochelle Sales and Use Tax","$24,850,799","79"
"2009","City of Norwich Sales and Use Tax","$1,440,294","80"
"2009","City of Ogdensburg Sales and Use Tax","$0","81"
"2009","City of Olean Sales and Use Tax","$4,102,971","82"
"2009","City of Oneida Sales and Use Tax","$4,110,066","83"
"2009","City of Oswego Sales and Use Tax","$11,632,328","84"
"2009","City of Plattsburgh Sales and Use Tax","$0","85"
"2009","City of Rome Sales and Use Tax","$6,107,589","86"
"2009","City of Salamanca Sales and Use Tax","$539,431","87"
"2009","City of Saratoga Springs Sales and Use Tax","$8,703,637","88"
"2009","City of Schenectady Sales and Use Tax","$1,371","89"
"2009","City of Sherrill Sales and Use Tax","$108,569","90"
"2009","City of Troy Sales and Use Tax","$164","91"
"2009","City of Utica Sales and Use Tax","$8,763,947","92"
"2009","City of White Plains Sales and Use Tax","$47,517,779","93"
"2009","City of Yonkers Sales and Use Tax","$36,934,774","94"
"2009","City of Yonkers Special Sales and Use Tax","$24,620,081","95"
"2009","City of Newburgh Consumer Utilities","$1,226,350","96"
"2009","City of Port Jervis Consumer Utilities","$367,940","97"
"2009","Albany City School District Consumer Utilities","$8,689,714","98"
"2009","Batavia City School District Consumer Utilities","$1,590,862","99"
"2009","Cohoes City School District Consumer Utilities","$1,103,410","100"
"2009","Glen Cove City School District Consumer Utilities","$2,414,884","101"
"2009","Gloversville City School District Consumer Utilities","$771,210","102"
"2009","Hornell City School District Consumer Utilities","$539,475","103"
"2009","Hudson City School District Consumer Utilities","$1,154,760","104"
"2009","Johnstown City School District Consumer Utilities","$645,931","105"
"2009","Lackawanna City School District Consumer Utilities","$1,081,370","106"
"2009","Long Beach City School District Consumer Utilities","$3,497,253","107"
"2009","Middletown City School District Consumer Utilities","$2,975,190","108"
"2009","Mt. Vernon City School District Consumer Utilities","$0","109"
"2009","New Rochelle City School District Consumer Utilities","$5,948,581","110"
"2009","Newburgh City School District Consumer Utilities","$0","111"
"2009","Niagara Falls City School District Consumer Utilities","$3,449,956","112"
"2009","Ogdensburg City School District Consumer Utilities","$640,052","113"
"2009","Peekskill City School District Consumer Utilities","$0","114"
"2009","Rensselaer City School District Consumer Utilities","$396,107","115"
"2009","Schenectady City School District Consumer Utilities","$4,192,203","116"
"2009","Troy City School District Consumer Utilities","$1,166,022","117"
"2009","Utica City School District Consumer Utilities","$3,075,629","118"
"2009","Watertown City School District Consumer Utilities","$1,701,691","119"
"2009","Watervliet City School District Consumer Utilities","$729,455","120"
"2009","White Plains City School District Consumer Utilities","$6,833,571","121"
"2009","New York City Convention Center Development Corporation Hotel Occupancy","$36,755,296","122"
"2009","City of Lockport Admissions, Club Dues, Food, Drink, Amusements and Utilities Services","$2,439,150","123"
"2009","City of Long Beach Hotel Occupancy and Restaurant Meals","$1,188,722","124"
"2009","Metropolitan Transportation Authority Aid Trust Account Passenger Car Rental","$0","125"
"2009","City of Niagara Falls Admissions, Club Dues, Food, Drink, Amusements, Hotel Occupancy, Utilities Services","$5,561,168","126"
"2008","New York State Sales and Use Tax","$10,578,790,344","1"
"2008","New York City Sales and Use Tax","$204,578,513","2"
"2008","Municipal Assistance Corporation Sales and Use Tax","$4,592,333,110","3"
"2008","Metropolitan Commuter Transportation District Sales and Use Tax","$707,945,616","4"
"2008","Albany County Sales and Use Tax","$230,847,700","5"
"2008","Allegany County Sales and Use Tax","$17,773,798","6"
"2008","Broome County Sales and Use Tax","$107,944,603","7"
"2008","Cattaraugus County Sales and Use Tax","$31,937,883","8"
"2008","Cayuga County Sales and Use Tax","$30,239,507","9"
"2008","Chautauqua County Sales and Use Tax","$57,445,843","10"
"2008","Chemung County Sales and Use Tax","$51,615,624","11"
"2008","Chenango County Sales and Use Tax","$18,985,323","12"
"2008","Clinton County Sales and Use Tax","$44,971,859","13"
"2008","Columbia County Sales and Use Tax","$29,589,517","14"
"2008","Cortland County Sales and Use Tax","$24,228,046","15"
"2008","Delaware County Sales and Use Tax","$20,944,415","16"
"2008","Dutchess County Sales and Use Tax","$153,827,390","17"
"2008","Erie County Sales and Use Tax","$646,488,275","18"
"2008","Essex County Sales and Use Tax","$23,041,104","19"
"2008","Franklin County Sales and Use Tax","$19,336,414","20"
"2008","Fulton County Sales and Use Tax","$18,072,672","21"
"2008","Genesee County Sales and Use Tax","$31,594,887","22"
"2008","Greene County Sales and Use Tax","$27,437,222","23"
"2008","Hamilton County Sales and Use Tax","$2,680,941","24"
"2008","Herkimer County Sales and Use Tax","$25,645,859","25"
"2008","Jefferson County Sales and Use Tax","$62,438,463","26"
"2008","Lewis County Sales and Use Tax","$9,411,018","27"
"2008","Livingston County Sales and Use Tax","$25,233,421","28"
"2008","Madison County Sales and Use Tax","$22,565,056","29"
"2008","Monroe County Sales and Use Tax","$404,844,915","30"
"2008","Montgomery County Sales and Use Tax","$24,215,212","31"
"2008","Nassau County Sales and Use Tax","$1,011,932,745","32"
"2008","Niagara County Sales and Use Tax","$95,287,760","33"
"2008","Oneida County Sales and Use Tax","$119,977,885","34"
"2008","Onondaga County Sales and Use Tax","$288,453,596","35"
"2008","Ontario County Sales and Use Tax","$65,534,926","36"
"2008","Orange County Sales and Use Tax","$222,163,593","37"
"2008","Orleans County Sales and Use Tax","$13,955,080","38"
"2008","Oswego County Sales and Use Tax","$33,750,424","39"
"2008","Otsego County Sales and Use Tax","$34,385,774","40"
"2008","Putnam County Sales and Use Tax","$46,563,522","41"
"2008","Rensselaer County Sales and Use Tax","$64,240,713","42"
"2008","Rockland County Sales and Use Tax","$172,854,412","43"
"2008","St. Lawrence County Sales and Use Tax","$38,586,551","44"
"2008","Saratoga County Sales and Use Tax","$95,153,247","45"
"2008","Schenectady County Sales and Use Tax","$80,670,605","46"
"2008","Schoharie County Sales and Use Tax","$13,496,086","47"
"2008","Schuyler County Sales and Use Tax","$8,067,031","48"
"2008","Seneca County Sales and Use Tax","$19,360,905","49"
"2008","Steuben County Sales and Use Tax","$39,834,906","50"
"2008","Suffolk County Sales and Use Tax","$1,179,092,362","51"
"2008","Sullivan County Sales and Use Tax","$35,201,649","52"
"2008","Tioga County Sales and Use Tax","$17,983,318","53"
"2008","Tompkins County Sales and Use Tax","$42,918,509","54"
"2008","Ulster County Sales and Use Tax","$97,588,569","55"
"2008","Warren County Sales and Use Tax","$45,351,043","56"
"2008","Washington County Sales and Use Tax","$16,741,382","57"
"2008","Wayne County Sales and Use Tax","$35,409,126","58"
"2008","Westchester County Sales and Use Tax","$462,874,724","59"
"2008","Wyoming County Sales and Use Tax","$14,268,284","60"
"2008","Yates County Sales and Use Tax","$9,168,354","61"
"2008","City of Amsterdam Sales and Use Tax","$558","62"
"2008","City of Auburn Sales and Use Tax","$7,697,880","63"
"2008","City of Batavia Sales and Use Tax","$2,488","64"
"2008","City of Canandaigua Sales and Use Tax","$18,696","65"
"2008","City of Corning Sales and Use Tax","$2,544,662","66"
"2008","City of Cortland Sales and Use Tax","$2,974","67"
"2008","City of Elmira Sales and Use Tax","$2,961","68"
"2008","City of Fulton Sales and Use Tax","$186,722","69"
"2008","City of Geneva Sales and Use Tax","$29,812","70"
"2008","City of Glen Cove Sales and Use Tax","$1,847","71"
"2008","City of Glens Falls Sales and Use Tax","$2,864,922","72"
"2008","City of Gloversville Sales and Use Tax","$2,487,099","73"
"2008","City of Hornell Sales and Use Tax","$2,267,115","74"
"2008","City of Ithaca Sales and Use Tax","$9,071,594","75"
"2008","City of Johnstown Sales and Use Tax","$3,050,766","76"
"2008","City of Mechanicville Sales and Use Tax","$0","77"
"2008","City of Mount Vernon Sales and Use Tax","$17,594,449","78"
"2008","City of New Rochelle Sales and Use Tax","$24,779,709","79"
"2008","City of Norwich Sales and Use Tax","$1,364,980","80"
"2008","City of Ogdensburg Sales and Use Tax","$478","81"
"2008","City of Olean Sales and Use Tax","$3,866,176","82"
"2008","City of Oneida Sales and Use Tax","$4,406,032","83"
"2008","City of Oswego Sales and Use Tax","$12,020,223","84"
"2008","City of Plattsburgh Sales and Use Tax","$601","85"
"2008","City of Rome Sales and Use Tax","$6,305,252","86"
"2008","City of Salamanca Sales and Use Tax","$570,517","87"
"2008","City of Saratoga Springs Sales and Use Tax","$8,662,884","88"
"2008","City of Schenectady Sales and Use Tax","$1,139","89"
"2008","City of Sherrill Sales and Use Tax","$192,134","90"
"2008","City of Troy Sales and Use Tax","$714","91"
"2008","City of Utica Sales and Use Tax","$8,976,114","92"
"2008","City of White Plains Sales and Use Tax","$46,008,602","93"
"2008","City of Yonkers Sales and Use Tax","$36,111,724","94"
"2008","City of Yonkers Special Sales and Use Tax","$24,074,264","95"
"2008","City of Newburgh Consumer Utilities","$1,242,456","96"
"2008","City of Port Jervis Consumer Utilities","$417,775","97"
"2008","Albany City School District Consumer Utilities","$6,313,488","98"
"2008","Batavia City School District Consumer Utilities","$987,089","99"
"2008","Cohoes City School District Consumer Utilities","$708,750","100"
"2008","Glen Cove City School District Consumer Utilities","$1,644,596","101"
"2008","Gloversville City School District Consumer Utilities","$773,772","102"
"2008","Hornell City School District Consumer Utilities","$415,390","103"
"2008","Hudson City School District Consumer Utilities","$824,376","104"
"2008","Johnstown City School District Consumer Utilities","$608,023","105"
"2008","Lackawanna City School District Consumer Utilities","$781,190","106"
"2008","Long Beach City School District Consumer Utilities","$2,242,022","107"
"2008","Middletown City School District Consumer Utilities","$2,212,321","108"
"2008","Mt. Vernon City School District Consumer Utilities","$0","109"
"2008","New Rochelle City School District Consumer Utilities","$4,241,775","110"
"2008","Newburgh City School District Consumer Utilities","$0","111"
"2008","Niagara Falls City School District Consumer Utilities","$2,607,075","112"
"2008","Ogdensburg City School District Consumer Utilities","$556,407","113"
"2008","Peekskill City School District Consumer Utilities","$0","114"
"2008","Rensselaer City School District Consumer Utilities","$446,337","115"
"2008","Schenectady City School District Consumer Utilities","$3,284,529","116"
"2008","Troy City School District Consumer Utilities","$1,166,039","117"
"2008","Utica City School District Consumer Utilities","$2,842,653","118"
"2008","Watertown City School District Consumer Utilities","$1,688,441","119"
"2008","Watervliet City School District Consumer Utilities","$511,652","120"
"2008","White Plains City School District Consumer Utilities","$5,177,121","121"
"2008","New York City Convention Center Development Corporation Hotel Occupancy","$31,292,210","122"
"2008","City of Lockport Admissions, Club Dues, Food, Drink, Amusements and Utilities Services","$2,191,823","123"
"2008","City of Long Beach Hotel Occupancy and Restaurant Meals","$1,116,440","124"
"2008","Metropolitan Transportation Authority Aid Trust Account Passenger Car Rental","$0","125"
"2008","City of Niagara Falls Admissions, Club Dues, Food, Drink, Amusements, Hotel Occupancy, Utilities Services","$5,539,404","126"
"2007","New York State Sales and Use Tax","$10,194,179,453","1"
"2007","New York City Sales and Use Tax","$180,429,868","2"
"2007","Municipal Assistance Corporation Sales and Use Tax","$4,377,627,764","3"
"2007","Metropolitan Commuter Transportation District Sales and Use Tax","$695,502,789","4"
"2007","Albany County Sales and Use Tax","$228,736,473","5"
"2007","Allegany County Sales and Use Tax","$16,877,595","6"
"2007","Broome County Sales and Use Tax","$102,965,912","7"
"2007","Cattaraugus County Sales and Use Tax","$31,223,743","8"
"2007","Cayuga County Sales and Use Tax","$29,056,739","9"
"2007","Chautauqua County Sales and Use Tax","$60,691,940","10"
"2007","Chemung County Sales and Use Tax","$49,437,514","11"
"2007","Chenango County Sales and Use Tax","$17,715,164","12"
"2007","Clinton County Sales and Use Tax","$41,837,831","13"
"2007","Columbia County Sales and Use Tax","$31,324,154","14"
"2007","Cortland County Sales and Use Tax","$22,520,205","15"
"2007","Delaware County Sales and Use Tax","$20,585,821","16"
"2007","Dutchess County Sales and Use Tax","$147,226,603","17"
"2007","Erie County Sales and Use Tax","$610,998,734","18"
"2007","Essex County Sales and Use Tax","$22,974,876","19"
"2007","Franklin County Sales and Use Tax","$17,281,749","20"
"2007","Fulton County Sales and Use Tax","$17,534,112","21"
"2007","Genesee County Sales and Use Tax","$30,892,892","22"
"2007","Greene County Sales and Use Tax","$26,440,099","23"
"2007","Hamilton County Sales and Use Tax","$2,685,182","24"
"2007","Herkimer County Sales and Use Tax","$23,499,706","25"
"2007","Jefferson County Sales and Use Tax","$61,023,707","26"
"2007","Lewis County Sales and Use Tax","$9,373,327","27"
"2007","Livingston County Sales and Use Tax","$24,546,767","28"
"2007","Madison County Sales and Use Tax","$21,147,599","29"
"2007","Monroe County Sales and Use Tax","$381,790,560","30"
"2007","Montgomery County Sales and Use Tax","$24,700,881","31"
"2007","Nassau County Sales and Use Tax","$997,790,791","32"
"2007","Niagara County Sales and Use Tax","$90,827,971","33"
"2007","Oneida County Sales and Use Tax","$124,793,960","34"
"2007","Onondaga County Sales and Use Tax","$284,805,773","35"
"2007","Ontario County Sales and Use Tax","$58,918,412","36"
"2007","Orange County Sales and Use Tax","$219,985,900","37"
"2007","Orleans County Sales and Use Tax","$12,478,275","38"
"2007","Oswego County Sales and Use Tax","$29,264,782","39"
"2007","Otsego County Sales and Use Tax","$33,219,847","40"
"2007","Putnam County Sales and Use Tax","$42,696,914","41"
"2007","Rensselaer County Sales and Use Tax","$61,575,534","42"
"2007","Rockland County Sales and Use Tax","$156,500,688","43"
"2007","St. Lawrence County Sales and Use Tax","$38,434,092","44"
"2007","Saratoga County Sales and Use Tax","$91,364,383","45"
"2007","Schenectady County Sales and Use Tax","$69,281,729","46"
"2007","Schoharie County Sales and Use Tax","$13,700,426","47"
"2007","Schuyler County Sales and Use Tax","$8,257,397","48"
"2007","Seneca County Sales and Use Tax","$18,426,766","49"
"2007","Steuben County Sales and Use Tax","$37,853,717","50"
"2007","Suffolk County Sales and Use Tax","$1,142,721,425","51"
"2007","Sullivan County Sales and Use Tax","$32,439,912","52"
"2007","Tioga County Sales and Use Tax","$18,369,468","53"
"2007","Tompkins County Sales and Use Tax","$40,379,002","54"
"2007","Ulster County Sales and Use Tax","$98,134,534","55"
"2007","Warren County Sales and Use Tax","$44,804,009","56"
"2007","Washington County Sales and Use Tax","$15,456,612","57"
"2007","Wayne County Sales and Use Tax","$31,958,873","58"
"2007","Westchester County Sales and Use Tax","$443,850,963","59"
"2007","Wyoming County Sales and Use Tax","$13,595,969","60"
"2007","Yates County Sales and Use Tax","$8,727,431","61"
"2007","City of Amsterdam Sales and Use Tax","$999","62"
"2007","City of Auburn Sales and Use Tax","$7,348,866","63"
"2007","City of Batavia Sales and Use Tax","$3,774","64"
"2007","City of Canandaigua Sales and Use Tax","$171,349","65"
"2007","City of Corning Sales and Use Tax","$2,460,311","66"
"2007","City of Cortland Sales and Use Tax","$716","67"
"2007","City of Elmira Sales and Use Tax","$1,055","68"
"2007","City of Fulton Sales and Use Tax","$6,547,676","69"
"2007","City of Geneva Sales and Use Tax","$135,656","70"
"2007","City of Glen Cove Sales and Use Tax","$0","71"
"2007","City of Glens Falls Sales and Use Tax","$2,842,026","72"
"2007","City of Gloversville Sales and Use Tax","$2,391,777","73"
"2007","City of Hornell Sales and Use Tax","$2,180,363","74"
"2007","City of Ithaca Sales and Use Tax","$8,274,990","75"
"2007","City of Johnstown Sales and Use Tax","$2,905,514","76"
"2007","City of Mechanicville Sales and Use Tax","$0","77"
"2007","City of Mount Vernon Sales and Use Tax","$16,685,595","78"
"2007","City of New Rochelle Sales and Use Tax","$23,690,850","79"
"2007","City of Norwich Sales and Use Tax","$1,297,932","80"
"2007","City of Ogdensburg Sales and Use Tax","$6,131","81"
"2007","City of Olean Sales and Use Tax","$3,643,284","82"
"2007","City of Oneida Sales and Use Tax","$4,033,688","83"
"2007","City of Oswego Sales and Use Tax","$12,308,923","84"
"2007","City of Plattsburgh Sales and Use Tax","$138","85"
"2007","City of Rome Sales and Use Tax","$6,050,281","86"
"2007","City of Salamanca Sales and Use Tax","$521,098","87"
"2007","City of Saratoga Springs Sales and Use Tax","$8,331,575","88"
"2007","City of Schenectady Sales and Use Tax","$3,936","89"
"2007","City of Sherrill Sales and Use Tax","$186,790","90"
"2007","City of Troy Sales and Use Tax","$0","91"
"2007","City of Utica Sales and Use Tax","$8,628,774","92"
"2007","City of White Plains Sales and Use Tax","$42,270,923","93"
"2007","City of Yonkers Sales and Use Tax","$34,337,038","94"
"2007","City of Yonkers Special Sales and Use Tax","$22,890,950","95"
"2007","City of Newburgh Consumer Utilities","$1,266,017","96"
"2007","City of Port Jervis Consumer Utilities","$382,709","97"
"2007","Albany City School District Consumer Utilities","$6,215,063","98"
"2007","Batavia City School District Consumer Utilities","$1,060,095","99"
"2007","Cohoes City School District Consumer Utilities","$716,210","100"
"2007","Glen Cove City School District Consumer Utilities","$1,513,136","101"
"2007","Gloversville City School District Consumer Utilities","$797,025","102"
"2007","Hornell City School District Consumer Utilities","$438,158","103"
"2007","Hudson City School District Consumer Utilities","$797,644","104"
"2007","Johnstown City School District Consumer Utilities","$600,857","105"
"2007","Lackawanna City School District Consumer Utilities","$771,886","106"
"2007","Long Beach City School District Consumer Utilities","$2,094,494","107"
"2007","Middletown City School District Consumer Utilities","$1,980,957","108"
"2007","Mt. Vernon City School District Consumer Utilities","$0","109"
"2007","New Rochelle City School District Consumer Utilities","$3,728,706","110"
"2007","Newburgh City School District Consumer Utilities","$0","111"
"2007","Niagara Falls City School District Consumer Utilities","$2,727,777","112"
"2007","Ogdensburg City School District Consumer Utilities","$581,318","113"
"2007","Peekskill City School District Consumer Utilities","$0","114"
"2007","Rensselaer City School District Consumer Utilities","$413,342","115"
"2007","Schenectady City School District Consumer Utilities","$3,329,664","116"
"2007","Troy City School District Consumer Utilities","$1,076,639","117"
"2007","Utica City School District Consumer Utilities","$3,088,282","118"
"2007","Watertown City School District Consumer Utilities","$1,575,233","119"
"2007","Watervliet City School District Consumer Utilities","$493,833","120"
"2007","White Plains City School District Consumer Utilities","$5,202,898","121"
"2007","New York City Convention Center Development Corporation Hotel Occupancy","$32,151,437","122"
"2007","City of Lockport Admissions, Club Dues, Food, Drink, Amusements and Utilities Services","$2,115,929","123"
"2007","City of Long Beach Hotel Occupancy and Restaurant Meals","$1,050,570","124"
"2007","Metropolitan Transportation Authority Aid Trust Account Passenger Car Rental","$0","125"
"2007","City of Niagara Falls Admissions, Club Dues, Food, Drink, Amusements, Hotel Occupancy, Utilities Services","$5,645,898","126"
"2006","New York State Sales and Use Tax","$10,633,673,013","1"
"2006","New York City Sales and Use Tax","$187,978,649","2"
"2006","Municipal Assistance Corporation Sales and Use Tax","$4,304,968,874","3"
"2006","Metropolitan Commuter Transportation District Sales and Use Tax","$603,551,772","4"
"2006","Albany County Sales and Use Tax","$220,176,011","5"
"2006","Allegany County Sales and Use Tax","$16,117,359","6"
"2006","Broome County Sales and Use Tax","$103,068,826","7"
"2006","Cattaraugus County Sales and Use Tax","$29,876,772","8"
"2006","Cayuga County Sales and Use Tax","$28,345,695","9"
"2006","Chautauqua County Sales and Use Tax","$62,458,354","10"
"2006","Chemung County Sales and Use Tax","$47,644,519","11"
"2006","Chenango County Sales and Use Tax","$16,951,533","12"
"2006","Clinton County Sales and Use Tax","$39,976,299","13"
"2006","Columbia County Sales and Use Tax","$31,062,563","14"
"2006","Cortland County Sales and Use Tax","$22,144,364","15"
"2006","Delaware County Sales and Use Tax","$19,585,864","16"
"2006","Dutchess County Sales and Use Tax","$156,104,179","17"
"2006","Erie County Sales and Use Tax","$525,288,038","18"
"2006","Essex County Sales and Use Tax","$20,939,488","19"
"2006","Franklin County Sales and Use Tax","$12,866,165","20"
"2006","Fulton County Sales and Use Tax","$12,849,969","21"
"2006","Genesee County Sales and Use Tax","$30,113,445","22"
"2006","Greene County Sales and Use Tax","$25,788,545","23"
"2006","Hamilton County Sales and Use Tax","$2,474,125","24"
"2006","Herkimer County Sales and Use Tax","$23,308,520","25"
"2006","Jefferson County Sales and Use Tax","$57,273,334","26"
"2006","Lewis County Sales and Use Tax","$8,240,403","27"
"2006","Livingston County Sales and Use Tax","$23,748,716","28"
"2006","Madison County Sales and Use Tax","$21,912,305","29"
"2006","Monroe County Sales and Use Tax","$389,800,637","30"
"2006","Montgomery County Sales and Use Tax","$22,587,623","31"
"2006","Nassau County Sales and Use Tax","$962,068,841","32"
"2006","Niagara County Sales and Use Tax","$87,478,903","33"
"2006","Oneida County Sales and Use Tax","$127,115,257","34"
"2006","Onondaga County Sales and Use Tax","$278,124,677","35"
"2006","Ontario County Sales and Use Tax","$52,018,753","36"
"2006","Orange County Sales and Use Tax","$216,573,184","37"
"2006","Orleans County Sales and Use Tax","$11,681,019","38"
"2006","Oswego County Sales and Use Tax","$27,457,314","39"
"2006","Otsego County Sales and Use Tax","$31,841,420","40"
"2006","Putnam County Sales and Use Tax","$39,390,197","41"
"2006","Rensselaer County Sales and Use Tax","$63,394,007","42"
"2006","Rockland County Sales and Use Tax","$156,826,182","43"
"2006","St. Lawrence County Sales and Use Tax","$35,557,883","44"
"2006","Saratoga County Sales and Use Tax","$90,604,340","45"
"2006","Schenectady County Sales and Use Tax","$78,464,014","46"
"2006","Schoharie County Sales and Use Tax","$12,925,862","47"
"2006","Schuyler County Sales and Use Tax","$7,858,149","48"
"2006","Seneca County Sales and Use Tax","$17,407,570","49"
"2006","Steuben County Sales and Use Tax","$37,752,491","50"
"2006","Suffolk County Sales and Use Tax","$1,132,189,698","51"
"2006","Sullivan County Sales and Use Tax","$32,109,288","52"
"2006","Tioga County Sales and Use Tax","$16,548,231","53"
"2006","Tompkins County Sales and Use Tax","$40,486,886","54"
"2006","Ulster County Sales and Use Tax","$95,837,660","55"
"2006","Warren County Sales and Use Tax","$41,681,800","56"
"2006","Washington County Sales and Use Tax","$15,194,504","57"
"2006","Wayne County Sales and Use Tax","$32,915,881","58"
"2006","Westchester County Sales and Use Tax","$436,092,578","59"
"2006","Wyoming County Sales and Use Tax","$13,918,776","60"
"2006","Yates County Sales and Use Tax","$8,235,302","61"
"2006","City of Amsterdam Sales and Use Tax","$359","62"
"2006","City of Auburn Sales and Use Tax","$7,297,814","63"
"2006","City of Batavia Sales and Use Tax","$3,261","64"
"2006","City of Canandaigua Sales and Use Tax","$3,166,975","65"
"2006","City of Corning Sales and Use Tax","$2,100,141","66"
"2006","City of Cortland Sales and Use Tax","$1,108","67"
"2006","City of Elmira Sales and Use Tax","$2,059","68"
"2006","City of Fulton Sales and Use Tax","$6,173,797","69"
"2006","City of Geneva Sales and Use Tax","$2,172,168","70"
"2006","City of Glen Cove Sales and Use Tax","$34","71"
"2006","City of Glens Falls Sales and Use Tax","$2,658,778","72"
"2006","City of Gloversville Sales and Use Tax","$1,904,700","73"
"2006","City of Hornell Sales and Use Tax","$2,309,928","74"
"2006","City of Ithaca Sales and Use Tax","$8,007,849","75"
"2006","City of Johnstown Sales and Use Tax","$2,126,775","76"
"2006","City of Mechanicville Sales and Use Tax","$436","77"
"2006","City of Mount Vernon Sales and Use Tax","$16,244,055","78"
"2006","City of New Rochelle Sales and Use Tax","$23,509,026","79"
"2006","City of Norwich Sales and Use Tax","$1,280,853","80"
"2006","City of Ogdensburg Sales and Use Tax","$2,642","81"
"2006","City of Olean Sales and Use Tax","$3,692,967","82"
"2006","City of Oneida Sales and Use Tax","$3,580,164","83"
"2006","City of Oswego Sales and Use Tax","$11,699,250","84"
"2006","City of Plattsburgh Sales and Use Tax","$2,274","85"
"2006","City of Rome Sales and Use Tax","$6,060,994","86"
"2006","City of Salamanca Sales and Use Tax","$559,481","87"
"2006","City of Saratoga Springs Sales and Use Tax","$7,804,761","88"
"2006","City of Schenectady Sales and Use Tax","$2,793","89"
"2006","City of Sherrill Sales and Use Tax","$198,110","90"
"2006","City of Troy Sales and Use Tax","$0","91"
"2006","City of Utica Sales and Use Tax","$8,525,160","92"
"2006","City of White Plains Sales and Use Tax","$41,330,173","93"
"2006","City of Yonkers Sales and Use Tax","$34,289,751","94"
"2006","City of Yonkers Special Sales and Use Tax","$22,859,407","95"
"2006","City of Newburgh Consumer Utilities","$1,125,301","96"
"2006","City of Port Jervis Consumer Utilities","$355,139","97"
"2006","Albany City School District Consumer Utilities","$5,876,898","98"
"2006","Batavia City School District Consumer Utilities","$1,070,530","99"
"2006","Cohoes City School District Consumer Utilities","$627,228","100"
"2006","Glen Cove City School District Consumer Utilities","$1,469,266","101"
"2006","Gloversville City School District Consumer Utilities","$917,968","102"
"2006","Hornell City School District Consumer Utilities","$560,161","103"
"2006","Hudson City School District Consumer Utilities","$639,010","104"
"2006","Johnstown City School District Consumer Utilities","$555,911","105"
"2006","Lackawanna City School District Consumer Utilities","$732,956","106"
"2006","Long Beach City School District Consumer Utilities","$2,077,269","107"
"2006","Middletown City School District Consumer Utilities","$1,806,095","108"
"2006","Mt. Vernon City School District Consumer Utilities","$0","109"
"2006","New Rochelle City School District Consumer Utilities","$3,863,247","110"
"2006","Newburgh City School District Consumer Utilities","$0","111"
"2006","Niagara Falls City School District Consumer Utilities","$2,651,736","112"
"2006","Ogdensburg City School District Consumer Utilities","$530,583","113"
"2006","Peekskill City School District Consumer Utilities","$0","114"
"2006","Rensselaer City School District Consumer Utilities","$322,482","115"
"2006","Schenectady City School District Consumer Utilities","$2,976,075","116"
"2006","Troy City School District Consumer Utilities","$918,463","117"
"2006","Utica City School District Consumer Utilities","$2,978,063","118"
"2006","Watertown City School District Consumer Utilities","$1,410,580","119"
"2006","Watervliet City School District Consumer Utilities","$487,524","120"
"2006","White Plains City School District Consumer Utilities","$5,206,856","121"
"2006","New York City Convention Center Development Corporation Hotel Occupancy","$20,489,627","122"
"2006","City of Lockport Admissions, Club Dues, Food, Drink, Amusements and Utilities Services","$2,142,918","123"
"2006","City of Long Beach Hotel Occupancy and Restaurant Meals","$1,002,617","124"
"2006","Metropolitan Transportation Authority Aid Trust Account Passenger Car Rental","$0","125"
"2006","City of Niagara Falls Admissions, Club Dues, Food, Drink, Amusements, Hotel Occupancy, Utilities Services","$5,472,993","126"
"2005","New York State Sales and Use Tax","$10,572,931,594","1"
"2005","New York City Sales and Use Tax","$175,569,380","2"
"2005","Municipal Assistance Corporation Sales and Use Tax","$4,079,096,741","3"
"2005","Metropolitan Commuter Transportation District Sales and Use Tax","$428,512,909","4"
"2005","Albany County Sales and Use Tax","$211,357,427","5"
"2005","Allegany County Sales and Use Tax","$13,784,203","6"
"2005","Broome County Sales and Use Tax","$99,542,311","7"
"2005","Cattaraugus County Sales and Use Tax","$29,055,002","8"
"2005","Cayuga County Sales and Use Tax","$26,856,947","9"
"2005","Chautauqua County Sales and Use Tax","$43,722,085","10"
"2005","Chemung County Sales and Use Tax","$46,798,986","11"
"2005","Chenango County Sales and Use Tax","$15,841,577","12"
"2005","Clinton County Sales and Use Tax","$37,152,045","13"
"2005","Columbia County Sales and Use Tax","$28,893,247","14"
"2005","Cortland County Sales and Use Tax","$22,043,590","15"
"2005","Delaware County Sales and Use Tax","$18,538,926","16"
"2005","Dutchess County Sales and Use Tax","$149,140,685","17"
"2005","Erie County Sales and Use Tax","$480,087,345","18"
"2005","Essex County Sales and Use Tax","$18,191,981","19"
"2005","Franklin County Sales and Use Tax","$12,518,842","20"
"2005","Fulton County Sales and Use Tax","$12,149,333","21"
"2005","Genesee County Sales and Use Tax","$28,269,530","22"
"2005","Greene County Sales and Use Tax","$22,783,017","23"
"2005","Hamilton County Sales and Use Tax","$2,467,852","24"
"2005","Herkimer County Sales and Use Tax","$21,950,836","25"
"2005","Jefferson County Sales and Use Tax","$45,414,288","26"
"2005","Lewis County Sales and Use Tax","$6,589,913","27"
"2005","Livingston County Sales and Use Tax","$22,083,135","28"
"2005","Madison County Sales and Use Tax","$18,522,982","29"
"2005","Monroe County Sales and Use Tax","$375,061,604","30"
"2005","Montgomery County Sales and Use Tax","$20,741,680","31"
"2005","Nassau County Sales and Use Tax","$944,591,591","32"
"2005","Niagara County Sales and Use Tax","$85,559,092","33"
"2005","Oneida County Sales and Use Tax","$88,558,544","34"
"2005","Onondaga County Sales and Use Tax","$229,274,074","35"
"2005","Ontario County Sales and Use Tax","$50,131,350","36"
"2005","Orange County Sales and Use Tax","$188,432,789","37"
"2005","Orleans County Sales and Use Tax","$11,314,768","38"
"2005","Oswego County Sales and Use Tax","$23,339,947","39"
"2005","Otsego County Sales and Use Tax","$29,489,797","40"
"2005","Putnam County Sales and Use Tax","$36,881,153","41"
"2005","Rensselaer County Sales and Use Tax","$58,016,855","42"
"2005","Rockland County Sales and Use Tax","$149,002,922","43"
"2005","St. Lawrence County Sales and Use Tax","$33,181,720","44"
"2005","Saratoga County Sales and Use Tax","$85,770,625","45"
"2005","Schenectady County Sales and Use Tax","$76,218,356","46"
"2005","Schoharie County Sales and Use Tax","$11,371,875","47"
"2005","Schuyler County Sales and Use Tax","$7,652,876","48"
"2005","Seneca County Sales and Use Tax","$15,199,449","49"
"2005","Steuben County Sales and Use Tax","$34,233,398","50"
"2005","Suffolk County Sales and Use Tax","$1,088,306,092","51"
"2005","Sullivan County Sales and Use Tax","$30,147,600","52"
"2005","Tioga County Sales and Use Tax","$15,761,620","53"
"2005","Tompkins County Sales and Use Tax","$39,278,006","54"
"2005","Ulster County Sales and Use Tax","$91,441,546","55"
"2005","Warren County Sales and Use Tax","$40,128,632","56"
"2005","Washington County Sales and Use Tax","$14,481,800","57"
"2005","Wayne County Sales and Use Tax","$30,685,104","58"
"2005","Westchester County Sales and Use Tax","$409,221,175","59"
"2005","Wyoming County Sales and Use Tax","$12,940,786","60"
"2005","Yates County Sales and Use Tax","$7,938,408","61"
"2005","City of Amsterdam Sales and Use Tax","$385","62"
"2005","City of Auburn Sales and Use Tax","$7,068,498","63"
"2005","City of Batavia Sales and Use Tax","$5,909","64"
"2005","City of Canandaigua Sales and Use Tax","$3,212,512","65"
"2005","City of Corning Sales and Use Tax","$1,914,340","66"
"2005","City of Cortland Sales and Use Tax","$1,655","67"
"2005","City of Elmira Sales and Use Tax","$2,215","68"
"2005","City of Fulton Sales and Use Tax","$6,208,419","69"
"2005","City of Geneva Sales and Use Tax","$2,072,164","70"
"2005","City of Glen Cove Sales and Use Tax","$325","71"
"2005","City of Glens Falls Sales and Use Tax","$2,481,632","72"
"2005","City of Gloversville Sales and Use Tax","$1,822,477","73"
"2005","City of Hornell Sales and Use Tax","$2,122,412","74"
"2005","City of Ithaca Sales and Use Tax","$6,794,272","75"
"2005","City of Johnstown Sales and Use Tax","$1,882,478","76"
"2005","City of Mechanicville Sales and Use Tax","$663","77"
"2005","City of Mount Vernon Sales and Use Tax","$13,643,100","78"
"2005","City of New Rochelle Sales and Use Tax","$22,697,946","79"
"2005","City of Norwich Sales and Use Tax","$1,240,341","80"
"2005","City of Ogdensburg Sales and Use Tax","$4,519","81"
"2005","City of Olean Sales and Use Tax","$3,568,077","82"
"2005","City of Oneida Sales and Use Tax","$3,283,161","83"
"2005","City of Oswego Sales and Use Tax","$9,245,102","84"
"2005","City of Plattsburgh Sales and Use Tax","$392","85"
"2005","City of Rome Sales and Use Tax","$5,880,250","86"
"2005","City of Salamanca Sales and Use Tax","$522,533","87"
"2005","City of Saratoga Springs Sales and Use Tax","$7,623,301","88"
"2005","City of Schenectady Sales and Use Tax","$3,369","89"
"2005","City of Sherrill Sales and Use Tax","$220,601","90"
"2005","City of Troy Sales and Use Tax","$1,053","91"
"2005","City of Utica Sales and Use Tax","$8,462,457","92"
"2005","City of White Plains Sales and Use Tax","$40,895,035","93"
"2005","City of Yonkers Sales and Use Tax","$32,631,679","94"
"2005","City of Yonkers Special Sales and Use Tax","$21,752,774","95"
"2005","City of Newburgh Consumer Utilities","$977,019","96"
"2005","City of Port Jervis Consumer Utilities","$316,216","97"
"2005","Albany City School District Consumer Utilities","$5,099,606","98"
"2005","Batavia City School District Consumer Utilities","$852,939","99"
"2005","Cohoes City School District Consumer Utilities","$597,917","100"
"2005","Glen Cove City School District Consumer Utilities","$1,394,422","101"
"2005","Gloversville City School District Consumer Utilities","$728,545","102"
"2005","Hornell City School District Consumer Utilities","$394,304","103"
"2005","Hudson City School District Consumer Utilities","$587,338","104"
"2005","Johnstown City School District Consumer Utilities","$520,204","105"
"2005","Lackawanna City School District Consumer Utilities","$634,423","106"
"2005","Long Beach City School District Consumer Utilities","$1,857,516","107"
"2005","Middletown City School District Consumer Utilities","$1,635,085","108"
"2005","Mt. Vernon City School District Consumer Utilities","$0","109"
"2005","New Rochelle City School District Consumer Utilities","$3,246,295","110"
"2005","Newburgh City School District Consumer Utilities","$0","111"
"2005","Niagara Falls City School District Consumer Utilities","$2,416,896","112"
"2005","Ogdensburg City School District Consumer Utilities","$455,724","113"
"2005","Peekskill City School District Consumer Utilities","$0","114"
"2005","Rensselaer City School District Consumer Utilities","$171,701","115"
"2005","Schenectady City School District Consumer Utilities","$2,744,197","116"
"2005","Troy City School District Consumer Utilities","$787,733","117"
"2005","Utica City School District Consumer Utilities","$2,730,872","118"
"2005","Watertown City School District Consumer Utilities","$1,312,850","119"
"2005","Watervliet City School District Consumer Utilities","$481,613","120"
"2005","White Plains City School District Consumer Utilities","$4,047,995","121"
"2005","New York City Convention Center Development Corporation Hotel Occupancy","$0","122"
"2005","City of Lockport Admissions, Club Dues, Food, Drink, Amusements and Utilities Services","$1,889,596","123"
"2005","City of Long Beach Hotel Occupancy and Restaurant Meals","$910,489","124"
"2005","Metropolitan Transportation Authority Aid Trust Account Passenger Car Rental","$0","125"
"2005","City of Niagara Falls Admissions, Club Dues, Food, Drink, Amusements, Hotel Occupancy, Utilities Services","$5,289,105","126"
"2004","New York State Sales and Use Tax","$9,652,844,192","1"
"2004","New York City Sales and Use Tax","$165,969,922","2"
"2004","Municipal Assistance Corporation Sales and Use Tax","$3,579,389,428","3"
"2004","Metropolitan Commuter Transportation District Sales and Use Tax","$392,505,225","4"
"2004","Albany County Sales and Use Tax","$206,324,561","5"
"2004","Allegany County Sales and Use Tax","$14,034,063","6"
"2004","Broome County Sales and Use Tax","$91,251,512","7"
"2004","Cattaraugus County Sales and Use Tax","$28,271,185","8"
"2004","Cayuga County Sales and Use Tax","$25,605,812","9"
"2004","Chautauqua County Sales and Use Tax","$42,751,676","10"
"2004","Chemung County Sales and Use Tax","$44,262,852","11"
"2004","Chenango County Sales and Use Tax","$15,262,365","12"
"2004","Clinton County Sales and Use Tax","$31,662,343","13"
"2004","Columbia County Sales and Use Tax","$27,224,056","14"
"2004","Cortland County Sales and Use Tax","$21,350,633","15"
"2004","Delaware County Sales and Use Tax","$14,072,761","16"
"2004","Dutchess County Sales and Use Tax","$133,426,506","17"
"2004","Erie County Sales and Use Tax","$486,620,763","18"
"2004","Essex County Sales and Use Tax","$15,448,603","19"
"2004","Franklin County Sales and Use Tax","$11,983,561","20"
"2004","Fulton County Sales and Use Tax","$11,644,094","21"
"2004","Genesee County Sales and Use Tax","$26,412,746","22"
"2004","Greene County Sales and Use Tax","$21,144,418","23"
"2004","Hamilton County Sales and Use Tax","$2,233,584","24"
"2004","Herkimer County Sales and Use Tax","$21,629,659","25"
"2004","Jefferson County Sales and Use Tax","$38,271,757","26"
"2004","Lewis County Sales and Use Tax","$5,471,044","27"
"2004","Livingston County Sales and Use Tax","$19,559,032","28"
"2004","Madison County Sales and Use Tax","$15,061,537","29"
"2004","Monroe County Sales and Use Tax","$365,673,122","30"
"2004","Montgomery County Sales and Use Tax","$19,019,092","31"
"2004","Nassau County Sales and Use Tax","$819,808,478","32"
"2004","Niagara County Sales and Use Tax","$83,488,121","33"
"2004","Oneida County Sales and Use Tax","$87,864,569","34"
"2004","Onondaga County Sales and Use Tax","$196,559,986","35"
"2004","Ontario County Sales and Use Tax","$47,669,478","36"
"2004","Orange County Sales and Use Tax","$153,254,810","37"
"2004","Orleans County Sales and Use Tax","$11,124,498","38"
"2004","Oswego County Sales and Use Tax","$19,050,305","39"
"2004","Otsego County Sales and Use Tax","$22,361,585","40"
"2004","Putnam County Sales and Use Tax","$34,929,131","41"
"2004","Rensselaer County Sales and Use Tax","$55,842,451","42"
"2004","Rockland County Sales and Use Tax","$149,274,457","43"
"2004","St. Lawrence County Sales and Use Tax","$31,971,093","44"
"2004","Saratoga County Sales and Use Tax","$79,891,902","45"
"2004","Schenectady County Sales and Use Tax","$72,718,601","46"
"2004","Schoharie County Sales and Use Tax","$8,848,982","47"
"2004","Schuyler County Sales and Use Tax","$6,844,579","48"
"2004","Seneca County Sales and Use Tax","$14,776,731","49"
"2004","Steuben County Sales and Use Tax","$33,466,191","50"
"2004","Suffolk County Sales and Use Tax","$1,003,148,833","51"
"2004","Sullivan County Sales and Use Tax","$25,682,194","52"
"2004","Tioga County Sales and Use Tax","$13,257,120","53"
"2004","Tompkins County Sales and Use Tax","$36,860,499","54"
"2004","Ulster County Sales and Use Tax","$90,372,365","55"
"2004","Warren County Sales and Use Tax","$36,944,850","56"
"2004","Washington County Sales and Use Tax","$13,302,045","57"
"2004","Wayne County Sales and Use Tax","$23,901,992","58"
"2004","Westchester County Sales and Use Tax","$344,048,304","59"
"2004","Wyoming County Sales and Use Tax","$12,082,030","60"
"2004","Yates County Sales and Use Tax","$6,100,449","61"
"2004","City of Amsterdam Sales and Use Tax","$5,330","62"
"2004","City of Auburn Sales and Use Tax","$6,728,549","63"
"2004","City of Batavia Sales and Use Tax","$40,566","64"
"2004","City of Canandaigua Sales and Use Tax","$3,003,381","65"
"2004","City of Corning Sales and Use Tax","$2,053,773","66"
"2004","City of Cortland Sales and Use Tax","$1,637","67"
"2004","City of Elmira Sales and Use Tax","$2,789","68"
"2004","City of Fulton Sales and Use Tax","$5,730,877","69"
"2004","City of Geneva Sales and Use Tax","$2,161,337","70"
"2004","City of Glen Cove Sales and Use Tax","$5,420","71"
"2004","City of Glens Falls Sales and Use Tax","$2,561,146","72"
"2004","City of Gloversville Sales and Use Tax","$1,723,507","73"
"2004","City of Hornell Sales and Use Tax","$2,125,153","74"
"2004","City of Ithaca Sales and Use Tax","$6,545,576","75"
"2004","City of Johnstown Sales and Use Tax","$2,025,908","76"
"2004","City of Mechanicville Sales and Use Tax","$0","77"
"2004","City of Mount Vernon Sales and Use Tax","$12,080,647","78"
"2004","City of New Rochelle Sales and Use Tax","$20,853,621","79"
"2004","City of Norwich Sales and Use Tax","$1,164,482","80"
"2004","City of Ogdensburg Sales and Use Tax","$4,672","81"
"2004","City of Olean Sales and Use Tax","$3,622,890","82"
"2004","City of Oneida Sales and Use Tax","$2,655,463","83"
"2004","City of Oswego Sales and Use Tax","$8,297,916","84"
"2004","City of Plattsburgh Sales and Use Tax","$2,715","85"
"2004","City of Rome Sales and Use Tax","$5,510,881","86"
"2004","City of Salamanca Sales and Use Tax","$493,027","87"
"2004","City of Saratoga Springs Sales and Use Tax","$6,471,806","88"
"2004","City of Schenectady Sales and Use Tax","$12,000","89"
"2004","City of Sherrill Sales and Use Tax","$253,254","90"
"2004","City of Troy Sales and Use Tax","$62","91"
"2004","City of Utica Sales and Use Tax","$8,306,724","92"
"2004","City of White Plains Sales and Use Tax","$35,200,212","93"
"2004","City of Yonkers Sales and Use Tax","$32,399,891","94"
"2004","City of Yonkers Special Sales and Use Tax","$21,599,808","95"
"2004","City of Newburgh Consumer Utilities","$824,194","96"
"2004","City of Port Jervis Consumer Utilities","$306,194","97"
"2004","Albany City School District Consumer Utilities","$5,352,837","98"
"2004","Batavia City School District Consumer Utilities","$863,167","99"
"2004","Cohoes City School District Consumer Utilities","$556,245","100"
"2004","Glen Cove City School District Consumer Utilities","$1,222,092","101"
"2004","Gloversville City School District Consumer Utilities","$694,094","102"
"2004","Hornell City School District Consumer Utilities","$355,620","103"
"2004","Hudson City School District Consumer Utilities","$552,827","104"
"2004","Johnstown City School District Consumer Utilities","$503,648","105"
"2004","Lackawanna City School District Consumer Utilities","$655,212","106"
"2004","Long Beach City School District Consumer Utilities","$1,606,860","107"
"2004","Middletown City School District Consumer Utilities","$1,547,489","108"
"2004","Mt. Vernon City School District Consumer Utilities","$0","109"
"2004","New Rochelle City School District Consumer Utilities","$3,264,065","110"
"2004","Newburgh City School District Consumer Utilities","$0","111"
"2004","Niagara Falls City School District Consumer Utilities","$2,463,170","112"
"2004","Ogdensburg City School District Consumer Utilities","$417,575","113"
"2004","Peekskill City School District Consumer Utilities","$0","114"
"2004","Rensselaer City School District Consumer Utilities","$0","115"
"2004","Schenectady City School District Consumer Utilities","$2,636,829","116"
"2004","Troy City School District Consumer Utilities","$489,566","117"
"2004","Utica City School District Consumer Utilities","$2,560,127","118"
"2004","Watertown City School District Consumer Utilities","$1,217,427","119"
"2004","Watervliet City School District Consumer Utilities","$417,938","120"
"2004","White Plains City School District Consumer Utilities","$3,994,909","121"
"2004","New York City Convention Center Development Corporation Hotel Occupancy","$0","122"
"2004","City of Lockport Admissions, Club Dues, Food, Drink, Amusements and Utilities Services","$1,914,130","123"
"2004","City of Long Beach Hotel Occupancy and Restaurant Meals","$756,853","124"
"2004","Metropolitan Transportation Authority Aid Trust Account Passenger Car Rental","$0","125"
"2004","City of Niagara Falls Admissions, Club Dues, Food, Drink, Amusements, Hotel Occupancy, Utilities Services","$5,263,091","126"
"2003","New York State Sales and Use Tax","$8,471,206,723","1"
"2003","New York City Sales and Use Tax","$150,919,336","2"
"2003","Municipal Assistance Corporation Sales and Use Tax","$3,201,264,372","3"
"2003","Metropolitan Commuter Transportation District Sales and Use Tax","$381,413,720","4"
"2003","Albany County Sales and Use Tax","$204,641,757","5"
"2003","Allegany County Sales and Use Tax","$13,436,023","6"
"2003","Broome County Sales and Use Tax","$87,730,154","7"
"2003","Cattaraugus County Sales and Use Tax","$27,106,490","8"
"2003","Cayuga County Sales and Use Tax","$24,192,906","9"
"2003","Chautauqua County Sales and Use Tax","$39,084,335","10"
"2003","Chemung County Sales and Use Tax","$36,220,460","11"
"2003","Chenango County Sales and Use Tax","$12,262,503","12"
"2003","Clinton County Sales and Use Tax","$31,350,277","13"
"2003","Columbia County Sales and Use Tax","$25,143,681","14"
"2003","Cortland County Sales and Use Tax","$19,457,763","15"
"2003","Delaware County Sales and Use Tax","$12,093,375","16"
"2003","Dutchess County Sales and Use Tax","$111,096,092","17"
"2003","Erie County Sales and Use Tax","$456,409,027","18"
"2003","Essex County Sales and Use Tax","$15,656,253","19"
"2003","Franklin County Sales and Use Tax","$11,693,455","20"
"2003","Fulton County Sales and Use Tax","$11,618,998","21"
"2003","Genesee County Sales and Use Tax","$26,736,212","22"
"2003","Greene County Sales and Use Tax","$19,434,418","23"
"2003","Hamilton County Sales and Use Tax","$2,266,525","24"
"2003","Herkimer County Sales and Use Tax","$21,226,423","25"
"2003","Jefferson County Sales and Use Tax","$33,114,007","26"
"2003","Lewis County Sales and Use Tax","$5,479,316","27"
"2003","Livingston County Sales and Use Tax","$16,161,540","28"
"2003","Madison County Sales and Use Tax","$13,633,709","29"
"2003","Monroe County Sales and Use Tax","$358,847,567","30"
"2003","Montgomery County Sales and Use Tax","$15,217,798","31"
"2003","Nassau County Sales and Use Tax","$785,844,875","32"
"2003","Niagara County Sales and Use Tax","$59,141,720","33"
"2003","Oneida County Sales and Use Tax","$84,432,787","34"
"2003","Onondaga County Sales and Use Tax","$191,994,786","35"
"2003","Ontario County Sales and Use Tax","$45,447,641","36"
"2003","Orange County Sales and Use Tax","$147,710,776","37"
"2003","Orleans County Sales and Use Tax","$10,909,842","38"
"2003","Oswego County Sales and Use Tax","$18,609,124","39"
"2003","Otsego County Sales and Use Tax","$20,398,921","40"
"2003","Putnam County Sales and Use Tax","$32,573,688","41"
"2003","Rensselaer County Sales and Use Tax","$50,997,623","42"
"2003","Rockland County Sales and Use Tax","$125,895,542","43"
"2003","St. Lawrence County Sales and Use Tax","$30,530,773","44"
"2003","Saratoga County Sales and Use Tax","$76,639,645","45"
"2003","Schenectady County Sales and Use Tax","$66,379,401","46"
"2003","Schoharie County Sales and Use Tax","$8,939,660","47"
"2003","Schuyler County Sales and Use Tax","$5,743,300","48"
"2003","Seneca County Sales and Use Tax","$11,564,909","49"
"2003","Steuben County Sales and Use Tax","$29,601,385","50"
"2003","Suffolk County Sales and Use Tax","$904,563,946","51"
"2003","Sullivan County Sales and Use Tax","$22,219,832","52"
"2003","Tioga County Sales and Use Tax","$12,534,925","53"
"2003","Tompkins County Sales and Use Tax","$34,373,227","54"
"2003","Ulster County Sales and Use Tax","$83,409,501","55"
"2003","Warren County Sales and Use Tax","$36,559,456","56"
"2003","Washington County Sales and Use Tax","$13,095,175","57"
"2003","Wayne County Sales and Use Tax","$21,882,769","58"
"2003","Westchester County Sales and Use Tax","$336,409,147","59"
"2003","Wyoming County Sales and Use Tax","$12,018,176","60"
"2003","Yates County Sales and Use Tax","$5,482,837","61"
"2003","City of Amsterdam Sales and Use Tax","$2,078","62"
"2003","City of Auburn Sales and Use Tax","$6,968,487","63"
"2003","City of Batavia Sales and Use Tax","$119,365","64"
"2003","City of Canandaigua Sales and Use Tax","$2,994,924","65"
"2003","City of Corning Sales and Use Tax","$1,906,401","66"
"2003","City of Cortland Sales and Use Tax","$1,545","67"
"2003","City of Elmira Sales and Use Tax","$4,960","68"
"2003","City of Fulton Sales and Use Tax","$4,538,063","69"
"2003","City of Geneva Sales and Use Tax","$1,823,915","70"
"2003","City of Glen Cove Sales and Use Tax","$270","71"
"2003","City of Glens Falls Sales and Use Tax","$2,521,634","72"
"2003","City of Gloversville Sales and Use Tax","$1,497,661","73"
"2003","City of Hornell Sales and Use Tax","$2,203,370","74"
"2003","City of Ithaca Sales and Use Tax","$6,493,836","75"
"2003","City of Johnstown Sales and Use Tax","$2,194,713","76"
"2003","City of Mechanicville Sales and Use Tax","$1,184","77"
"2003","City of Mount Vernon Sales and Use Tax","$10,995,130","78"
"2003","City of New Rochelle Sales and Use Tax","$22,635,976","79"
"2003","City of Norwich Sales and Use Tax","$1,239,162","80"
"2003","City of Ogdensburg Sales and Use Tax","$18,074","81"
"2003","City of Olean Sales and Use Tax","$3,794,425","82"
"2003","City of Oneida Sales and Use Tax","$2,634,812","83"
"2003","City of Oswego Sales and Use Tax","$8,052,958","84"
"2003","City of Plattsburgh Sales and Use Tax","$2,139","85"
"2003","City of Rome Sales and Use Tax","$5,152,852","86"
"2003","City of Salamanca Sales and Use Tax","$449,537","87"
"2003","City of Saratoga Springs Sales and Use Tax","$4,924,738","88"
"2003","City of Schenectady Sales and Use Tax","$2,493","89"
"2003","City of Sherrill Sales and Use Tax","$210,124","90"
"2003","City of Troy Sales and Use Tax","$1,153","91"
"2003","City of Utica Sales and Use Tax","$8,016,943","92"
"2003","City of White Plains Sales and Use Tax","$33,953,317","93"
"2003","City of Yonkers Sales and Use Tax","$30,744,343","94"
"2003","City of Yonkers Special Sales and Use Tax","$20,495,601","95"
"2003","City of Newburgh Consumer Utilities","$714,068","96"
"2003","City of Port Jervis Consumer Utilities","$343,851","97"
"2003","Albany City School District Consumer Utilities","$5,901,934","98"
"2003","Batavia City School District Consumer Utilities","$862,803","99"
"2003","Cohoes City School District Consumer Utilities","$529,107","100"
"2003","Glen Cove City School District Consumer Utilities","$1,102,663","101"
"2003","Gloversville City School District Consumer Utilities","$634,204","102"
"2003","Hornell City School District Consumer Utilities","$412,177","103"
"2003","Hudson City School District Consumer Utilities","$661,943","104"
"2003","Johnstown City School District Consumer Utilities","$580,447","105"
"2003","Lackawanna City School District Consumer Utilities","$594,200","106"
"2003","Long Beach City School District Consumer Utilities","$1,496,141","107"
"2003","Middletown City School District Consumer Utilities","$1,594,946","108"
"2003","Mt. Vernon City School District Consumer Utilities","$0","109"
"2003","New Rochelle City School District Consumer Utilities","$3,031,401","110"
"2003","Newburgh City School District Consumer Utilities","$0","111"
"2003","Niagara Falls City School District Consumer Utilities","$2,606,050","112"
"2003","Ogdensburg City School District Consumer Utilities","$408,942","113"
"2003","Peekskill City School District Consumer Utilities","$0","114"
"2003","Rensselaer City School District Consumer Utilities","$0","115"
"2003","Schenectady City School District Consumer Utilities","$2,530,513","116"
"2003","Troy City School District Consumer Utilities","$0","117"
"2003","Utica City School District Consumer Utilities","$2,617,072","118"
"2003","Watertown City School District Consumer Utilities","$1,147,197","119"
"2003","Watervliet City School District Consumer Utilities","$386,529","120"
"2003","White Plains City School District Consumer Utilities","$3,915,426","121"
"2003","New York City Convention Center Development Corporation Hotel Occupancy","$0","122"
"2003","City of Lockport Admissions, Club Dues, Food, Drink, Amusements and Utilities Services","$1,720,462","123"
"2003","City of Long Beach Hotel Occupancy and Restaurant Meals","$789,772","124"
"2003","Metropolitan Transportation Authority Aid Trust Account Passenger Car Rental","$0","125"
"2003","City of Niagara Falls Admissions, Club Dues, Food, Drink, Amusements, Hotel Occupancy, Utilities Services","$5,615,390","126"
"2002","New York State Sales and Use Tax","$8,247,755,984","1"
"2002","New York City Sales and Use Tax","$162,383,106","2"
"2002","Municipal Assistance Corporation Sales and Use Tax","$3,400,421,482","3"
"2002","Metropolitan Commuter Transportation District Sales and Use Tax","$378,620,926","4"
"2002","Albany County Sales and Use Tax","$198,816,194","5"
"2002","Allegany County Sales and Use Tax","$13,632,215","6"
"2002","Broome County Sales and Use Tax","$85,107,378","7"
"2002","Cattaraugus County Sales and Use Tax","$33,801,853","8"
"2002","Cayuga County Sales and Use Tax","$22,582,278","9"
"2002","Chautauqua County Sales and Use Tax","$38,912,840","10"
"2002","Chemung County Sales and Use Tax","$34,210,986","11"
"2002","Chenango County Sales and Use Tax","$10,377,221","12"
"2002","Clinton County Sales and Use Tax","$27,838,093","13"
"2002","Columbia County Sales and Use Tax","$23,222,368","14"
"2002","Cortland County Sales and Use Tax","$18,459,121","15"
"2002","Delaware County Sales and Use Tax","$8,150,612","16"
"2002","Dutchess County Sales and Use Tax","$107,801,140","17"
"2002","Erie County Sales and Use Tax","$457,372,703","18"
"2002","Essex County Sales and Use Tax","$14,589,699","19"
"2002","Franklin County Sales and Use Tax","$11,015,986","20"
"2002","Fulton County Sales and Use Tax","$10,636,186","21"
"2002","Genesee County Sales and Use Tax","$25,387,064","22"
"2002","Greene County Sales and Use Tax","$18,953,373","23"
"2002","Hamilton County Sales and Use Tax","$2,259,824","24"
"2002","Herkimer County Sales and Use Tax","$19,399,698","25"
"2002","Jefferson County Sales and Use Tax","$33,690,979","26"
"2002","Lewis County Sales and Use Tax","$5,322,476","27"
"2002","Livingston County Sales and Use Tax","$15,484,349","28"
"2002","Madison County Sales and Use Tax","$13,774,556","29"
"2002","Monroe County Sales and Use Tax","$350,636,878","30"
"2002","Montgomery County Sales and Use Tax","$13,890,262","31"
"2002","Nassau County Sales and Use Tax","$838,763,204","32"
"2002","Niagara County Sales and Use Tax","$59,862,341","33"
"2002","Oneida County Sales and Use Tax","$77,318,491","34"
"2002","Onondaga County Sales and Use Tax","$184,652,364","35"
"2002","Ontario County Sales and Use Tax","$44,092,719","36"
"2002","Orange County Sales and Use Tax","$133,599,143","37"
"2002","Orleans County Sales and Use Tax","$10,523,113","38"
"2002","Oswego County Sales and Use Tax","$18,087,089","39"
"2002","Otsego County Sales and Use Tax","$18,461,617","40"
"2002","Putnam County Sales and Use Tax","$27,255,652","41"
"2002","Rensselaer County Sales and Use Tax","$49,465,140","42"
"2002","Rockland County Sales and Use Tax","$101,678,701","43"
"2002","St. Lawrence County Sales and Use Tax","$30,205,611","44"
"2002","Saratoga County Sales and Use Tax","$70,969,082","45"
"2002","Schenectady County Sales and Use Tax","$62,013,900","46"
"2002","Schoharie County Sales and Use Tax","$7,740,890","47"
"2002","Schuyler County Sales and Use Tax","$5,146,428","48"
"2002","Seneca County Sales and Use Tax","$10,240,963","49"
"2002","Steuben County Sales and Use Tax","$31,850,584","50"
"2002","Suffolk County Sales and Use Tax","$797,383,137","51"
"2002","Sullivan County Sales and Use Tax","$19,564,773","52"
"2002","Tioga County Sales and Use Tax","$12,294,216","53"
"2002","Tompkins County Sales and Use Tax","$32,687,301","54"
"2002","Ulster County Sales and Use Tax","$77,833,483","55"
"2002","Warren County Sales and Use Tax","$33,055,391","56"
"2002","Washington County Sales and Use Tax","$12,052,642","57"
"2002","Wayne County Sales and Use Tax","$22,928,320","58"
"2002","Westchester County Sales and Use Tax","$328,013,646","59"
"2002","Wyoming County Sales and Use Tax","$11,478,060","60"
"2002","Yates County Sales and Use Tax","$5,675,354","61"
"2002","City of Amsterdam Sales and Use Tax","$929","62"
"2002","City of Auburn Sales and Use Tax","$6,553,464","63"
"2002","City of Batavia Sales and Use Tax","$0","64"
"2002","City of Canandaigua Sales and Use Tax","$2,894,586","65"
"2002","City of Corning Sales and Use Tax","$2,490,452","66"
"2002","City of Cortland Sales and Use Tax","$2,299","67"
"2002","City of Elmira Sales and Use Tax","$12,291","68"
"2002","City of Fulton Sales and Use Tax","$4,422,026","69"
"2002","City of Geneva Sales and Use Tax","$2,235,704","70"
"2002","City of Glen Cove Sales and Use Tax","$434","71"
"2002","City of Glens Falls Sales and Use Tax","$2,228,810","72"
"2002","City of Gloversville Sales and Use Tax","$1,548,751","73"
"2002","City of Hornell Sales and Use Tax","$1,911,028","74"
"2002","City of Ithaca Sales and Use Tax","$6,186,526","75"
"2002","City of Johnstown Sales and Use Tax","$1,888,778","76"
"2002","City of Mechanicville Sales and Use Tax","$260","77"
"2002","City of Mount Vernon Sales and Use Tax","$10,960,326","78"
"2002","City of New Rochelle Sales and Use Tax","$21,457,157","79"
"2002","City of Norwich Sales and Use Tax","$1,168,406","80"
"2002","City of Ogdensburg Sales and Use Tax","$40,687","81"
"2002","City of Olean Sales and Use Tax","$3,837,977","82"
"2002","City of Oneida Sales and Use Tax","$2,680,502","83"
"2002","City of Oswego Sales and Use Tax","$7,573,129","84"
"2002","City of Plattsburgh Sales and Use Tax","$5,752","85"
"2002","City of Rome Sales and Use Tax","$5,265,962","86"
"2002","City of Salamanca Sales and Use Tax","$492,161","87"
"2002","City of Saratoga Springs Sales and Use Tax","$2,220","88"
"2002","City of Schenectady Sales and Use Tax","$2,895","89"
"2002","City of Sherrill Sales and Use Tax","$241,506","90"
"2002","City of Troy Sales and Use Tax","$416","91"
"2002","City of Utica Sales and Use Tax","$8,588,914","92"
"2002","City of White Plains Sales and Use Tax","$37,728,313","93"
"2002","City of Yonkers Sales and Use Tax","$27,787,244","94"
"2002","City of Yonkers Special Sales and Use Tax","$18,522,599","95"
"2002","City of Newburgh Consumer Utilities","$817,228","96"
"2002","City of Port Jervis Consumer Utilities","$299,663","97"
"2002","Albany City School District Consumer Utilities","$5,751,580","98"
"2002","Batavia City School District Consumer Utilities","$818,017","99"
"2002","Cohoes City School District Consumer Utilities","$531,062","100"
"2002","Glen Cove City School District Consumer Utilities","$1,055,017","101"
"2002","Gloversville City School District Consumer Utilities","$674,381","102"
"2002","Hornell City School District Consumer Utilities","$421,215","103"
"2002","Hudson City School District Consumer Utilities","$547,816","104"
"2002","Johnstown City School District Consumer Utilities","$467,738","105"
"2002","Lackawanna City School District Consumer Utilities","$633,530","106"
"2002","Long Beach City School District Consumer Utilities","$1,358,823","107"
"2002","Middletown City School District Consumer Utilities","$1,689,020","108"
"2002","Mt. Vernon City School District Consumer Utilities","$0","109"
"2002","New Rochelle City School District Consumer Utilities","$3,043,476","110"
"2002","Newburgh City School District Consumer Utilities","$0","111"
"2002","Niagara Falls City School District Consumer Utilities","$2,534,336","112"
"2002","Ogdensburg City School District Consumer Utilities","$410,031","113"
"2002","Peekskill City School District Consumer Utilities","$0","114"
"2002","Rensselaer City School District Consumer Utilities","$0","115"
"2002","Schenectady City School District Consumer Utilities","$2,483,677","116"
"2002","Troy City School District Consumer Utilities","$0","117"
"2002","Utica City School District Consumer Utilities","$2,696,295","118"
"2002","Watertown City School District Consumer Utilities","$1,262,730","119"
"2002","Watervliet City School District Consumer Utilities","$383,852","120"
"2002","White Plains City School District Consumer Utilities","$4,074,282","121"
"2002","New York City Convention Center Development Corporation Hotel Occupancy","$0","122"
"2002","City of Lockport Admissions, Club Dues, Food, Drink, Amusements and Utilities Services","$1,821,632","123"
"2002","City of Long Beach Hotel Occupancy and Restaurant Meals","$662,998","124"
"2002","Metropolitan Transportation Authority Aid Trust Account Passenger Car Rental","$0","125"
"2002","City of Niagara Falls Admissions, Club Dues, Food, Drink, Amusements, Hotel Occupancy, Utilities Services","$5,832,224","126"
"2001","New York State Sales and Use Tax","$8,408,828,635","1"
"2001","New York City Sales and Use Tax","$146,733,329","2"
"2001","Municipal Assistance Corporation Sales and Use Tax","$3,483,388,905","3"
"2001","Metropolitan Commuter Transportation District Sales and Use Tax","$370,533,651","4"
"2001","Albany County Sales and Use Tax","$195,140,186","5"
"2001","Allegany County Sales and Use Tax","$14,046,722","6"
"2001","Broome County Sales and Use Tax","$85,980,638","7"
"2001","Cattaraugus County Sales and Use Tax","$24,867,309","8"
"2001","Cayuga County Sales and Use Tax","$23,189,661","9"
"2001","Chautauqua County Sales and Use Tax","$38,690,018","10"
"2001","Chemung County Sales and Use Tax","$35,713,466","11"
"2001","Chenango County Sales and Use Tax","$10,362,842","12"
"2001","Clinton County Sales and Use Tax","$27,749,921","13"
"2001","Columbia County Sales and Use Tax","$22,780,551","14"
"2001","Cortland County Sales and Use Tax","$19,027,438","15"
"2001","Delaware County Sales and Use Tax","$8,804,248","16"
"2001","Dutchess County Sales and Use Tax","$102,172,862","17"
"2001","Erie County Sales and Use Tax","$448,253,777","18"
"2001","Essex County Sales and Use Tax","$13,930,145","19"
"2001","Franklin County Sales and Use Tax","$10,765,056","20"
"2001","Fulton County Sales and Use Tax","$12,988,302","21"
"2001","Genesee County Sales and Use Tax","$24,724,374","22"
"2001","Greene County Sales and Use Tax","$18,295,799","23"
"2001","Hamilton County Sales and Use Tax","$2,150,417","24"
"2001","Herkimer County Sales and Use Tax","$18,640,124","25"
"2001","Jefferson County Sales and Use Tax","$34,711,558","26"
"2001","Lewis County Sales and Use Tax","$5,636,960","27"
"2001","Livingston County Sales and Use Tax","$15,950,376","28"
"2001","Madison County Sales and Use Tax","$13,978,714","29"
"2001","Monroe County Sales and Use Tax","$355,191,255","30"
"2001","Montgomery County Sales and Use Tax","$14,370,664","31"
"2001","Nassau County Sales and Use Tax","$808,277,759","32"
"2001","Niagara County Sales and Use Tax","$60,839,336","33"
"2001","Oneida County Sales and Use Tax","$76,547,181","34"
"2001","Onondaga County Sales and Use Tax","$182,622,213","35"
"2001","Ontario County Sales and Use Tax","$43,508,122","36"
"2001","Orange County Sales and Use Tax","$128,576,608","37"
"2001","Orleans County Sales and Use Tax","$10,485,960","38"
"2001","Oswego County Sales and Use Tax","$19,029,457","39"
"2001","Otsego County Sales and Use Tax","$18,263,439","40"
"2001","Putnam County Sales and Use Tax","$27,833,679","41"
"2001","Rensselaer County Sales and Use Tax","$50,681,794","42"
"2001","Rockland County Sales and Use Tax","$103,077,630","43"
"2001","St. Lawrence County Sales and Use Tax","$28,177,576","44"
"2001","Saratoga County Sales and Use Tax","$67,359,691","45"
"2001","Schenectady County Sales and Use Tax","$61,587,555","46"
"2001","Schoharie County Sales and Use Tax","$7,804,503","47"
"2001","Schuyler County Sales and Use Tax","$5,101,738","48"
"2001","Seneca County Sales and Use Tax","$10,757,639","49"
"2001","Steuben County Sales and Use Tax","$33,064,914","50"
"2001","Suffolk County Sales and Use Tax","$764,250,840","51"
"2001","Sullivan County Sales and Use Tax","$20,334,242","52"
"2001","Tioga County Sales and Use Tax","$12,244,288","53"
"2001","Tompkins County Sales and Use Tax","$32,087,715","54"
"2001","Ulster County Sales and Use Tax","$72,838,389","55"
"2001","Warren County Sales and Use Tax","$33,310,067","56"
"2001","Washington County Sales and Use Tax","$12,190,215","57"
"2001","Wayne County Sales and Use Tax","$23,727,527","58"
"2001","Westchester County Sales and Use Tax","$323,902,314","59"
"2001","Wyoming County Sales and Use Tax","$11,616,956","60"
"2001","Yates County Sales and Use Tax","$5,484,769","61"
"2001","City of Amsterdam Sales and Use Tax","$6,652","62"
"2001","City of Auburn Sales and Use Tax","$6,019,900","63"
"2001","City of Batavia Sales and Use Tax","$298,091","64"
"2001","City of Canandaigua Sales and Use Tax","$2,821,717","65"
"2001","City of Corning Sales and Use Tax","$2,442,901","66"
"2001","City of Cortland Sales and Use Tax","$20,345","67"
"2001","City of Elmira Sales and Use Tax","$9,059","68"
"2001","City of Fulton Sales and Use Tax","$4,715,680","69"
"2001","City of Geneva Sales and Use Tax","$1,841,109","70"
"2001","City of Glen Cove Sales and Use Tax","$724","71"
"2001","City of Glens Falls Sales and Use Tax","$2,407,675","72"
"2001","City of Gloversville Sales and Use Tax","$1,493,943","73"
"2001","City of Hornell Sales and Use Tax","$1,772,587","74"
"2001","City of Ithaca Sales and Use Tax","$5,882,451","75"
"2001","City of Johnstown Sales and Use Tax","$1,865,833","76"
"2001","City of Mechanicville Sales and Use Tax","$136","77"
"2001","City of Mount Vernon Sales and Use Tax","$10,481,710","78"
"2001","City of New Rochelle Sales and Use Tax","$20,686,970","79"
"2001","City of Norwich Sales and Use Tax","$1,065,001","80"
"2001","City of Ogdensburg Sales and Use Tax","$1,490,225","81"
"2001","City of Olean Sales and Use Tax","$4,052,297","82"
"2001","City of Oneida Sales and Use Tax","$2,736,727","83"
"2001","City of Oswego Sales and Use Tax","$7,630,873","84"
"2001","City of Plattsburgh Sales and Use Tax","$4,055","85"
"2001","City of Rome Sales and Use Tax","$5,381,105","86"
"2001","City of Salamanca Sales and Use Tax","$556,586","87"
"2001","City of Saratoga Springs Sales and Use Tax","$1,032","88"
"2001","City of Schenectady Sales and Use Tax","$8,566","89"
"2001","City of Sherrill Sales and Use Tax","$220,394","90"
"2001","City of Troy Sales and Use Tax","$1,029","91"
"2001","City of Utica Sales and Use Tax","$7,477,944","92"
"2001","City of White Plains Sales and Use Tax","$34,031,992","93"
"2001","City of Yonkers Sales and Use Tax","$27,978,679","94"
"2001","City of Yonkers Special Sales and Use Tax","$18,652,179","95"
"2001","City of Newburgh Consumer Utilities","$747,142","96"
"2001","City of Port Jervis Consumer Utilities","$270,132","97"
"2001","Albany City School District Consumer Utilities","$4,251,050","98"
"2001","Batavia City School District Consumer Utilities","$657,070","99"
"2001","Cohoes City School District Consumer Utilities","$461,705","100"
"2001","Glen Cove City School District Consumer Utilities","$1,183,280","101"
"2001","Gloversville City School District Consumer Utilities","$556,591","102"
"2001","Hornell City School District Consumer Utilities","$361,512","103"
"2001","Hudson City School District Consumer Utilities","$470,418","104"
"2001","Johnstown City School District Consumer Utilities","$396,938","105"
"2001","Lackawanna City School District Consumer Utilities","$514,187","106"
"2001","Long Beach City School District Consumer Utilities","$1,414,639","107"
"2001","Middletown City School District Consumer Utilities","$1,549,217","108"
"2001","Mt. Vernon City School District Consumer Utilities","$0","109"
"2001","New Rochelle City School District Consumer Utilities","$2,873,503","110"
"2001","Newburgh City School District Consumer Utilities","$0","111"
"2001","Niagara Falls City School District Consumer Utilities","$2,042,673","112"
"2001","Ogdensburg City School District Consumer Utilities","$348,501","113"
"2001","Peekskill City School District Consumer Utilities","$0","114"
"2001","Rensselaer City School District Consumer Utilities","$0","115"
"2001","Schenectady City School District Consumer Utilities","$2,090,656","116"
"2001","Troy City School District Consumer Utilities","$0","117"
"2001","Utica City School District Consumer Utilities","$2,278,750","118"
"2001","Watertown City School District Consumer Utilities","$1,101,568","119"
"2001","Watervliet City School District Consumer Utilities","$332,853","120"
"2001","White Plains City School District Consumer Utilities","$3,736,304","121"
"2001","Hudson Valley Greenway Hotel Occupancy","$88","122"
"2001","City of Lockport Admissions, Club Dues, Food, Drink, Amusements and Utilities Services","$1,719,108","123"
"2001","City of Long Beach Hotel Occupancy and Restaurant Meals","$551,813","124"
"2001","Metropolitan Transportation Authority Aid Trust Account Passenger Car Rental","$0","125"
"2001","City of Niagara Falls Admissions, Club Dues, Food, Drink, Amusements, Hotel Occupancy, Utilities Services","$4,690,969","126"
"2001","City of North Tonawanda Food, Drink, and Utilities Services","$37,928","127"
"2000","New York State Sales and Use Tax","$8,214,883,064","1"
"2000","New York City Sales and Use Tax","$129,717,529","2"
"2000","Municipal Assistance Corporation Sales and Use Tax","$3,261,146,157","3"
"2000","Metropolitan Commuter Transportation District Sales and Use Tax","$345,646,183","4"
"2000","Albany County Sales and Use Tax","$179,339,104","5"
"2000","Allegany County Sales and Use Tax","$12,700,957","6"
"2000","Broome County Sales and Use Tax","$84,696,617","7"
"2000","Cattaraugus County Sales and Use Tax","$23,707,349","8"
"2000","Cayuga County Sales and Use Tax","$20,942,690","9"
"2000","Chautauqua County Sales and Use Tax","$39,947,417","10"
"2000","Chemung County Sales and Use Tax","$33,077,373","11"
"2000","Chenango County Sales and Use Tax","$10,349,260","12"
"2000","Clinton County Sales and Use Tax","$26,173,922","13"
"2000","Columbia County Sales and Use Tax","$21,719,928","14"
"2000","Cortland County Sales and Use Tax","$18,346,748","15"
"2000","Delaware County Sales and Use Tax","$8,084,416","16"
"2000","Dutchess County Sales and Use Tax","$94,227,729","17"
"2000","Erie County Sales and Use Tax","$423,797,119","18"
"2000","Essex County Sales and Use Tax","$13,345,301","19"
"2000","Franklin County Sales and Use Tax","$10,136,111","20"
"2000","Fulton County Sales and Use Tax","$9,826,351","21"
"2000","Genesee County Sales and Use Tax","$20,972,942","22"
"2000","Greene County Sales and Use Tax","$17,024,315","23"
"2000","Hamilton County Sales and Use Tax","$1,959,786","24"
"2000","Herkimer County Sales and Use Tax","$17,398,086","25"
"2000","Jefferson County Sales and Use Tax","$33,290,366","26"
"2000","Lewis County Sales and Use Tax","$4,976,467","27"
"2000","Livingston County Sales and Use Tax","$14,721,682","28"
"2000","Madison County Sales and Use Tax","$13,917,698","29"
"2000","Monroe County Sales and Use Tax","$347,954,750","30"
"2000","Montgomery County Sales and Use Tax","$12,816,374","31"
"2000","Nassau County Sales and Use Tax","$761,302,718","32"
"2000","Niagara County Sales and Use Tax","$58,672,565","33"
"2000","Oneida County Sales and Use Tax","$73,958,970","34"
"2000","Onondaga County Sales and Use Tax","$178,618,999","35"
"2000","Ontario County Sales and Use Tax","$39,550,675","36"
"2000","Orange County Sales and Use Tax","$113,340,640","37"
"2000","Orleans County Sales and Use Tax","$10,091,107","38"
"2000","Oswego County Sales and Use Tax","$18,048,471","39"
"2000","Otsego County Sales and Use Tax","$17,889,911","40"
"2000","Putnam County Sales and Use Tax","$24,132,561","41"
"2000","Rensselaer County Sales and Use Tax","$45,448,669","42"
"2000","Rockland County Sales and Use Tax","$98,637,445","43"
"2000","St. Lawrence County Sales and Use Tax","$27,879,115","44"
"2000","Saratoga County Sales and Use Tax","$60,964,243","45"
"2000","Schenectady County Sales and Use Tax","$55,416,200","46"
"2000","Schoharie County Sales and Use Tax","$7,145,725","47"
"2000","Schuyler County Sales and Use Tax","$3,949,808","48"
"2000","Seneca County Sales and Use Tax","$10,006,068","49"
"2000","Steuben County Sales and Use Tax","$30,309,670","50"
"2000","Suffolk County Sales and Use Tax","$735,188,099","51"
"2000","Sullivan County Sales and Use Tax","$19,314,883","52"
"2000","Tioga County Sales and Use Tax","$11,988,991","53"
"2000","Tompkins County Sales and Use Tax","$30,943,570","54"
"2000","Ulster County Sales and Use Tax","$66,936,232","55"
"2000","Warren County Sales and Use Tax","$31,478,336","56"
"2000","Washington County Sales and Use Tax","$11,571,594","57"
"2000","Wayne County Sales and Use Tax","$21,884,374","58"
"2000","Westchester County Sales and Use Tax","$293,962,692","59"
"2000","Wyoming County Sales and Use Tax","$11,113,353","60"
"2000","Yates County Sales and Use Tax","$5,120,422","61"
"2000","City of Amsterdam Sales and Use Tax","$2,263","62"
"2000","City of Auburn Sales and Use Tax","$5,901,548","63"
"2000","City of Batavia Sales and Use Tax","$2,693,687","64"
"2000","City of Canandaigua Sales and Use Tax","$2,659,500","65"
"2000","City of Corning Sales and Use Tax","$2,454,541","66"
"2000","City of Cortland Sales and Use Tax","$33,122","67"
"2000","City of Elmira Sales and Use Tax","$26,719","68"
"2000","City of Fulton Sales and Use Tax","$4,515,071","69"
"2000","City of Geneva Sales and Use Tax","$2,153,413","70"
"2000","City of Glen Cove Sales and Use Tax","$562","71"
"2000","City of Glens Falls Sales and Use Tax","$2,430,184","72"
"2000","City of Gloversville Sales and Use Tax","$1,352,697","73"
"2000","City of Hornell Sales and Use Tax","$1,849,910","74"
"2000","City of Ithaca Sales and Use Tax","$5,903,406","75"
"2000","City of Johnstown Sales and Use Tax","$1,519,815","76"
"2000","City of Mechanicville Sales and Use Tax","$0","77"
"2000","City of Mount Vernon Sales and Use Tax","$9,345,378","78"
"2000","City of New Rochelle Sales and Use Tax","$19,108,999","79"
"2000","City of Norwich Sales and Use Tax","$1,271,347","80"
"2000","City of Ogdensburg Sales and Use Tax","$1,794,185","81"
"2000","City of Olean Sales and Use Tax","$4,456,437","82"
"2000","City of Oneida Sales and Use Tax","$2,513,120","83"
"2000","City of Oswego Sales and Use Tax","$7,569,262","84"
"2000","City of Plattsburgh Sales and Use Tax","$2,581","85"
"2000","City of Rome Sales and Use Tax","$5,558,936","86"
"2000","City of Salamanca Sales and Use Tax","$500,102","87"
"2000","City of Saratoga Springs Sales and Use Tax","$765","88"
"2000","City of Schenectady Sales and Use Tax","$5,177","89"
"2000","City of Sherrill Sales and Use Tax","$230,060","90"
"2000","City of Troy Sales and Use Tax","$940","91"
"2000","City of Utica Sales and Use Tax","$7,519,407","92"
"2000","City of White Plains Sales and Use Tax","$34,394,111","93"
"2000","City of Yonkers Sales and Use Tax","$23,019,671","94"
"2000","City of Yonkers Special Sales and Use Tax","$15,347,157","95"
"2000","City of Newburgh Consumer Utilities","$728,135","96"
"2000","City of Port Jervis Consumer Utilities","$272,752","97"
"2000","Albany City School District Consumer Utilities","$4,513,101","98"
"2000","Batavia City School District Consumer Utilities","$755,963","99"
"2000","Cohoes City School District Consumer Utilities","$485,690","100"
"2000","Glen Cove City School District Consumer Utilities","$928,582","101"
"2000","Gloversville City School District Consumer Utilities","$602,995","102"
"2000","Hornell City School District Consumer Utilities","$381,097","103"
"2000","Hudson City School District Consumer Utilities","$540,368","104"
"2000","Johnstown City School District Consumer Utilities","$439,318","105"
"2000","Lackawanna City School District Consumer Utilities","$561,076","106"
"2000","Long Beach City School District Consumer Utilities","$1,292,338","107"
"2000","Middletown City School District Consumer Utilities","$1,514,173","108"
"2000","Mt. Vernon City School District Consumer Utilities","$0","109"
"2000","New Rochelle City School District Consumer Utilities","$2,345,565","110"
"2000","Newburgh City School District Consumer Utilities","$0","111"
"2000","Niagara Falls City School District Consumer Utilities","$2,185,543","112"
"2000","Ogdensburg City School District Consumer Utilities","$391,728","113"
"2000","Peekskill City School District Consumer Utilities","$0","114"
"2000","Rensselaer City School District Consumer Utilities","$0","115"
"2000","Schenectady City School District Consumer Utilities","$2,324,474","116"
"2000","Troy City School District Consumer Utilities","$0","117"
"2000","Utica City School District Consumer Utilities","$2,341,532","118"
"2000","Watertown City School District Consumer Utilities","$1,178,938","119"
"2000","Watervliet City School District Consumer Utilities","$352,915","120"
"2000","White Plains City School District Consumer Utilities","$2,854,254","121"
"2000","Hudson Valley Greenway Hotel Occupancy","$0","122"
"2000","City of Lockport Admissions, Club Dues, Food, Drink, Amusements and Utilities Services","$1,506,312","123"
"2000","City of Long Beach Hotel Occupancy and Restaurant Meals","$574,519","124"
"2000","Metropolitan Transportation Authority Aid Trust Account Passenger Car Rental","$0","125"
"2000","City of Niagara Falls Admissions, Club Dues, Food, Drink, Amusements, Hotel Occupancy, Utilities Services","$4,622,785","126"
"2000","City of North Tonawanda Food, Drink, and Utilities Services","$168,438","127"
"1999","New York State Sales and Use Tax","$7,646,928,787","1"
"1999","New York City Sales and Use Tax","$136,491,384","2"
"1999","Municipal Assistance Corporation Sales and Use Tax","$3,043,047,389","3"
"1999","Metropolitan Commuter Transportation District Sales and Use Tax","$321,404,636","4"
"1999","Albany County Sales and Use Tax","$168,204,622","5"
"1999","Allegany County Sales and Use Tax","$11,572,056","6"
"1999","Broome County Sales and Use Tax","$79,684,236","7"
"1999","Cattaraugus County Sales and Use Tax","$22,717,445","8"
"1999","Cayuga County Sales and Use Tax","$19,309,728","9"
"1999","Chautauqua County Sales and Use Tax","$35,967,942","10"
"1999","Chemung County Sales and Use Tax","$30,427,464","11"
"1999","Chenango County Sales and Use Tax","$9,341,195","12"
"1999","Clinton County Sales and Use Tax","$25,520,411","13"
"1999","Columbia County Sales and Use Tax","$20,301,001","14"
"1999","Cortland County Sales and Use Tax","$16,790,675","15"
"1999","Delaware County Sales and Use Tax","$7,482,674","16"
"1999","Dutchess County Sales and Use Tax","$85,766,451","17"
"1999","Erie County Sales and Use Tax","$395,802,411","18"
"1999","Essex County Sales and Use Tax","$12,088,823","19"
"1999","Franklin County Sales and Use Tax","$9,357,648","20"
"1999","Fulton County Sales and Use Tax","$8,879,031","21"
"1999","Genesee County Sales and Use Tax","$19,218,230","22"
"1999","Greene County Sales and Use Tax","$15,056,757","23"
"1999","Hamilton County Sales and Use Tax","$1,782,981","24"
"1999","Herkimer County Sales and Use Tax","$15,741,113","25"
"1999","Jefferson County Sales and Use Tax","$31,818,065","26"
"1999","Lewis County Sales and Use Tax","$4,784,707","27"
"1999","Livingston County Sales and Use Tax","$14,035,660","28"
"1999","Madison County Sales and Use Tax","$12,003,286","29"
"1999","Monroe County Sales and Use Tax","$324,256,864","30"
"1999","Montgomery County Sales and Use Tax","$11,900,811","31"
"1999","Nassau County Sales and Use Tax","$716,197,374","32"
"1999","Niagara County Sales and Use Tax","$54,910,948","33"
"1999","Oneida County Sales and Use Tax","$68,038,314","34"
"1999","Onondaga County Sales and Use Tax","$164,198,282","35"
"1999","Ontario County Sales and Use Tax","$35,289,276","36"
"1999","Orange County Sales and Use Tax","$104,764,197","37"
"1999","Orleans County Sales and Use Tax","$9,619,458","38"
"1999","Oswego County Sales and Use Tax","$15,110,475","39"
"1999","Otsego County Sales and Use Tax","$15,446,686","40"
"1999","Putnam County Sales and Use Tax","$23,528,712","41"
"1999","Rensselaer County Sales and Use Tax","$41,666,498","42"
"1999","Rockland County Sales and Use Tax","$90,631,839","43"
"1999","St. Lawrence County Sales and Use Tax","$27,813,828","44"
"1999","Saratoga County Sales and Use Tax","$56,269,644","45"
"1999","Schenectady County Sales and Use Tax","$47,021,267","46"
"1999","Schoharie County Sales and Use Tax","$6,546,859","47"
"1999","Schuyler County Sales and Use Tax","$3,744,189","48"
"1999","Seneca County Sales and Use Tax","$10,009,952","49"
"1999","Steuben County Sales and Use Tax","$26,944,503","50"
"1999","Suffolk County Sales and Use Tax","$668,737,007","51"
"1999","Sullivan County Sales and Use Tax","$17,169,056","52"
"1999","Tioga County Sales and Use Tax","$10,702,263","53"
"1999","Tompkins County Sales and Use Tax","$28,292,989","54"
"1999","Ulster County Sales and Use Tax","$60,281,808","55"
"1999","Warren County Sales and Use Tax","$28,853,806","56"
"1999","Washington County Sales and Use Tax","$10,179,245","57"
"1999","Wayne County Sales and Use Tax","$20,850,374","58"
"1999","Westchester County Sales and Use Tax","$268,855,123","59"
"1999","Wyoming County Sales and Use Tax","$10,558,594","60"
"1999","Yates County Sales and Use Tax","$4,618,831","61"
"1999","City of Amsterdam Sales and Use Tax","$1,504","62"
"1999","City of Auburn Sales and Use Tax","$5,517,948","63"
"1999","City of Batavia Sales and Use Tax","$2,558,912","64"
"1999","City of Canandaigua Sales and Use Tax","$2,619,432","65"
"1999","City of Corning Sales and Use Tax","$2,379,203","66"
"1999","City of Cortland Sales and Use Tax","$50,285","67"
"1999","City of Elmira Sales and Use Tax","$9,817","68"
"1999","City of Fulton Sales and Use Tax","$4,406,580","69"
"1999","City of Geneva Sales and Use Tax","$1,902,788","70"
"1999","City of Glen Cove Sales and Use Tax","$1,756","71"
"1999","City of Glens Falls Sales and Use Tax","$2,443,756","72"
"1999","City of Gloversville Sales and Use Tax","$1,300,176","73"
"1999","City of Hornell Sales and Use Tax","$1,640,581","74"
"1999","City of Ithaca Sales and Use Tax","$5,887,115","75"
"1999","City of Johnstown Sales and Use Tax","$1,341,236","76"
"1999","City of Mechanicville Sales and Use Tax","$260","77"
"1999","City of Mount Vernon Sales and Use Tax","$8,602,024","78"
"1999","City of New Rochelle Sales and Use Tax","$18,152,684","79"
"1999","City of Norwich Sales and Use Tax","$1,023,842","80"
"1999","City of Ogdensburg Sales and Use Tax","$1,642,377","81"
"1999","City of Olean Sales and Use Tax","$2,708,112","82"
"1999","City of Oneida Sales and Use Tax","$2,213,700","83"
"1999","City of Oswego Sales and Use Tax","$6,468,092","84"
"1999","City of Plattsburgh Sales and Use Tax","$0","85"
"1999","City of Rome Sales and Use Tax","$4,907,274","86"
"1999","City of Salamanca Sales and Use Tax","$456,280","87"
"1999","City of Saratoga Springs Sales and Use Tax","$2,793","88"
"1999","City of Schenectady Sales and Use Tax","$1,988","89"
"1999","City of Sherrill Sales and Use Tax","$264,214","90"
"1999","City of Troy Sales and Use Tax","$1,710","91"
"1999","City of Utica Sales and Use Tax","$7,091,237","92"
"1999","City of White Plains Sales and Use Tax","$30,746,272","93"
"1999","City of Yonkers Sales and Use Tax","$21,485,289","94"
"1999","City of Yonkers Special Sales and Use Tax","$14,329,445","95"
"1999","City of Newburgh Consumer Utilities","$682,432","96"
"1999","City of Oneonta Consumer Utilites","$199","97"
"1999","City of Port Jervis Consumer Utilities","$266,292","98"
"1999","Albany City School District Consumer Utilities","$4,416,692","99"
"1999","Batavia City School District Consumer Utilities","$741,790","100"
"1999","Cohoes City School District Consumer Utilities","$457,156","101"
"1999","Glen Cove City School District Consumer Utilities","$932,764","102"
"1999","Gloversville City School District Consumer Utilities","$589,909","103"
"1999","Hornell City School District Consumer Utilities","$352,220","104"
"1999","Hudson City School District Consumer Utilities","$496,552","105"
"1999","Johnstown City School District Consumer Utilities","$416,863","106"
"1999","Lackawanna City School District Consumer Utilities","$532,592","107"
"1999","Long Beach City School District Consumer Utilities","$1,292,741","108"
"1999","Middletown City School District Consumer Utilities","$1,339,459","109"
"1999","Mt. Vernon City School District Consumer Utilities","$0","110"
"1999","New Rochelle City School District Consumer Utilities","$2,333,793","110"
"1999","Newburgh City School District Consumer Utilities","$0","111"
"1999","Niagara Falls City School District Consumer Utilities","$2,036,392","112"
"1999","Ogdensburg City School District Consumer Utilities","$334,792","113"
"1999","Peekskill City School District Consumer Utilities","$0","114"
"1999","Rensselaer City School District Consumer Utilities","$0","115"
"1999","Schenectady City School District Consumer Utilities","$2,279,590","116"
"1999","Troy City School District Consumer Utilities","$0","117"
"1999","Utica City School District Consumer Utilities","$2,207,718","118"
"1999","Watertown City School District Consumer Utilities","$1,193,995","119"
"1999","Watervliet City School District Consumer Utilities","$356,078","121"
"1999","White Plains City School District Consumer Utilities","$3,136,418","122"
"1999","Hudson Valley Greenway Hotel Occupancy","$81","123"
"1999","City of Lockport Admissions, Club Dues, Food, Drink, Amusements and Utilities Services","$6,772,368","124"
"1999","City of Long Beach Hotel Occupancy and Restaurant Meals","$498,543","125"
"1999","Metropolitan Transportation Authority Aid Trust Account Passenger Car Rental","$0","126"
"1999","City of Niagara Falls Admissions, Club Dues, Food, Drink, Amusements, Hotel Occupancy, Utilities Services","$4,646,020","127"
"1999","City of North Tonawanda Food, Drink, and Utilities Services","$720,900","128"
"1998","New York State Sales and Use Tax","$7,308,285,190","1"
"1998","New York City Sales and Use Tax","$129,617,926","2"
"1998","Municipal Assistance Corporation Sales and Use Tax","$2,890,004,254","3"
"1998","Metropolitan Commuter Transportation District Sales and Use Tax","$305,948,100","4"
"1998","Albany County Sales and Use Tax","$167,551,595","5"
"1998","Allegany County Sales and Use Tax","$12,248,202","6"
"1998","Broome County Sales and Use Tax","$78,780,745","7"
"1998","Cattaraugus County Sales and Use Tax","$22,142,957","8"
"1998","Cayuga County Sales and Use Tax","$19,140,684","9"
"1998","Chautauqua County Sales and Use Tax","$35,888,217","10"
"1998","Chemung County Sales and Use Tax","$30,133,866","11"
"1998","Chenango County Sales and Use Tax","$9,229,937","12"
"1998","Clinton County Sales and Use Tax","$23,039,359","13"
"1998","Columbia County Sales and Use Tax","$19,210,964","14"
"1998","Cortland County Sales and Use Tax","$16,541,344","15"
"1998","Delaware County Sales and Use Tax","$7,130,946","16"
"1998","Dutchess County Sales and Use Tax","$85,416,524","17"
"1998","Erie County Sales and Use Tax","$397,603,090","18"
"1998","Essex County Sales and Use Tax","$11,361,017","19"
"1998","Franklin County Sales and Use Tax","$9,182,498","20"
"1998","Fulton County Sales and Use Tax","$8,489,523","21"
"1998","Genesee County Sales and Use Tax","$17,833,313","22"
"1998","Greene County Sales and Use Tax","$15,168,510","23"
"1998","Hamilton County Sales and Use Tax","$1,722,795","24"
"1998","Herkimer County Sales and Use Tax","$15,409,650","25"
"1998","Jefferson County Sales and Use Tax","$30,856,893","26"
"1998","Lewis County Sales and Use Tax","$4,639,687","27"
"1998","Livingston County Sales and Use Tax","$13,507,636","28"
"1998","Madison County Sales and Use Tax","$11,920,705","29"
"1998","Monroe County Sales and Use Tax","$321,702,240","30"
"1998","Montgomery County Sales and Use Tax","$11,070,588","31"
"1998","Nassau County Sales and Use Tax","$694,373,590","32"
"1998","Niagara County Sales and Use Tax","$55,182,665","33"
"1998","Oneida County Sales and Use Tax","$65,529,930","34"
"1998","Onondaga County Sales and Use Tax","$158,333,701","35"
"1998","Ontario County Sales and Use Tax","$33,137,775","36"
"1998","Orange County Sales and Use Tax","$100,179,255","37"
"1998","Orleans County Sales and Use Tax","$9,289,449","38"
"1998","Oswego County Sales and Use Tax","$15,230,754","39"
"1998","Otsego County Sales and Use Tax","$15,637,349","40"
"1998","Putnam County Sales and Use Tax","$20,928,347","41"
"1998","Rensselaer County Sales and Use Tax","$40,433,342","42"
"1998","Rockland County Sales and Use Tax","$82,432,430","43"
"1998","St. Lawrence County Sales and Use Tax","$24,977,723","44"
"1998","Saratoga County Sales and Use Tax","$53,278,961","45"
"1998","Schenectady County Sales and Use Tax","$44,341,736","46"
"1998","Schoharie County Sales and Use Tax","$6,614,728","47"
"1998","Schuyler County Sales and Use Tax","$3,544,543","48"
"1998","Seneca County Sales and Use Tax","$9,329,191","49"
"1998","Steuben County Sales and Use Tax","$26,365,231","50"
"1998","Suffolk County Sales and Use Tax","$632,083,819","51"
"1998","Sullivan County Sales and Use Tax","$17,452,640","52"
"1998","Tioga County Sales and Use Tax","$10,657,914","53"
"1998","Tompkins County Sales and Use Tax","$29,049,251","54"
"1998","Ulster County Sales and Use Tax","$57,518,544","55"
"1998","Warren County Sales and Use Tax","$27,648,962","56"
"1998","Washington County Sales and Use Tax","$9,743,235","57"
"1998","Wayne County Sales and Use Tax","$19,982,728","58"
"1998","Westchester County Sales and Use Tax","$268,244,394","59"
"1998","Wyoming County Sales and Use Tax","$9,889,380","60"
"1998","Yates County Sales and Use Tax","$4,362,568","61"
"1998","City of Amsterdam Sales and Use Tax","$14,004","62"
"1998","City of Auburn Sales and Use Tax","$5,839,575","63"
"1998","City of Batavia Sales and Use Tax","$2,650,879","64"
"1998","City of Canandaigua Sales and Use Tax","$2,475,742","65"
"1998","City of Corning Sales and Use Tax","$2,432,477","66"
"1998","City of Cortland Sales and Use Tax","$77,650","67"
"1998","City of Elmira Sales and Use Tax","$72,686","68"
"1998","City of Fulton Sales and Use Tax","$3,835,817","69"
"1998","City of Geneva Sales and Use Tax","$1,810,104","70"
"1998","City of Glen Cove Sales and Use Tax","$15,191","71"
"1998","City of Glens Falls Sales and Use Tax","$2,248,182","72"
"1998","City of Gloversville Sales and Use Tax","$1,348,632","73"
"1998","City of Hornell Sales and Use Tax","$1,429,673","74"
"1998","City of Ithaca Sales and Use Tax","$5,651,053","75"
"1998","City of Johnstown Sales and Use Tax","$1,279,298","76"
"1998","City of Mechanicville Sales and Use Tax","$9,605","77"
"1998","City of Mount Vernon Sales and Use Tax","$8,892,171","78"
"1998","City of New Rochelle Sales and Use Tax","$17,784,520","79"
"1998","City of Norwich Sales and Use Tax","$918,912","80"
"1998","City of Ogdensburg Sales and Use Tax","$1,525,252","81"
"1998","City of Olean Sales and Use Tax","$3,470,994","82"
"1998","City of Oneida Sales and Use Tax","$1,964,201","83"
"1998","City of Oswego Sales and Use Tax","$6,572,573","84"
"1998","City of Plattsburgh Sales and Use Tax","$0","85"
"1998","City of Rome Sales and Use Tax","$4,846,667","86"
"1998","City of Salamanca Sales and Use Tax","$457,315","87"
"1998","City of Saratoga Springs Sales and Use Tax","$4,210","88"
"1998","City of Schenectady Sales and Use Tax","$34,367","89"
"1998","City of Sherrill Sales and Use Tax","$235,489","90"
"1998","City of Troy Sales and Use Tax","$2,185","91"
"1998","City of Utica Sales and Use Tax","$6,922,964","92"
"1998","City of White Plains Sales and Use Tax","$31,467,801","93"
"1998","City of Yonkers Sales and Use Tax","$22,418,505","94"
"1998","City of Yonkers Special Sales and Use Tax","$14,970,565","95"
"1998","City of Newburgh Consumer Utilities","$805,277","96"
"1998","City of Oneonta Consumer Utilites","$9,678","97"
"1998","City of Port Jervis Consumer Utilities","$324,662","98"
"1998","Albany City School District Consumer Utilities","$4,484,320","99"
"1998","Batavia City School District Consumer Utilities","$809,024","100"
"1998","Cohoes City School District Consumer Utilities","$495,236","101"
"1998","Glen Cove City School District Consumer Utilities","$957,698","102"
"1998","Gloversville City School District Consumer Utilities","$596,824","103"
"1998","Hornell City School District Consumer Utilities","$392,270","104"
"1998","Hudson City School District Consumer Utilities","$510,898","105"
"1998","Johnstown City School District Consumer Utilities","$416,262","106"
"1998","Lackawanna City School District Consumer Utilities","$655,158","107"
"1998","Long Beach City School District Consumer Utilities","$1,362,390","108"
"1998","Middletown City School District Consumer Utilities","$1,267,901","109"
"1998","Mt. Vernon City School District Consumer Utilities","$0","110"
"1998","New Rochelle City School District Consumer Utilities","$2,464,982","111"
"1998","Newburgh City School District Consumer Utilities","$0","112"
"1998","Niagara Falls City School District Consumer Utilities","$2,340,775","113"
"1998","Ogdensburg City School District Consumer Utilities","$364,138","114"
"1998","Peekskill City School District Consumer Utilities","$0","115"
"1998","Rensselaer City School District Consumer Utilities","$0","116"
"1998","Schenectady City School District Consumer Utilities","$2,334,894","117"
"1998","Troy City School District Consumer Utilities","$0","118"
"1998","Utica City School District Consumer Utilities","$2,462,654","119"
"1998","Watertown City School District Consumer Utilities","$1,211,793","120"
"1998","Watervliet City School District Consumer Utilities","$363,099","121"
"1998","White Plains City School District Consumer Utilities","$3,455,103","122"
"1998","Hudson Valley Greenway Hotel Occupancy","$2,667","123"
"1998","City of Lockport Admissions, Club Dues, Food, Drink, Amusements and Utilities Services","$1,492,980","124"
"1998","City of Long Beach Hotel Occupancy and Restaurant Meals","$404,269","125"
"1998","Metropolitan Transportation Authority Aid Trust Account Passenger Car Rental","$0","126"
"1998","City of Niagara Falls Admissions, Club Dues, Food, Drink, Amusements, Hotel Occupancy, Utilities Services","$5,211,732","127"
"1998","City of North Tonawanda Food, Drink, and Utilities Services","$1,398,100","128"
"1997","New York State Sales and Use Tax","$7,060,391,379","1"
"1997","New York City Sales and Use Tax","$125,105,954","2"
"1997","Municipal Assistance Corporation Sales and Use Tax","$2,761,070,865","3"
"1997","Metropolitan Commuter Transportation District Sales and Use Tax","$291,128,961","4"
"1997","Albany County Sales and Use Tax","$161,729,286","5"
"1997","Allegany County Sales and Use Tax","$11,869,847","6"
"1997","Broome County Sales and Use Tax","$76,958,078","7"
"1997","Cattaraugus County Sales and Use Tax","$22,606,123","8"
"1997","Cayuga County Sales and Use Tax","$19,340,841","9"
"1997","Chautauqua County Sales and Use Tax","$35,286,113","10"
"1997","Chemung County Sales and Use Tax","$28,876,125","11"
"1997","Chenango County Sales and Use Tax","$8,795,330","12"
"1997","Clinton County Sales and Use Tax","$24,066,915","13"
"1997","Columbia County Sales and Use Tax","$19,130,359","14"
"1997","Cortland County Sales and Use Tax","$17,532,800","15"
"1997","Delaware County Sales and Use Tax","$7,172,491","16"
"1997","Dutchess County Sales and Use Tax","$84,061,224","17"
"1997","Erie County Sales and Use Tax","$393,153,643","18"
"1997","Essex County Sales and Use Tax","$11,842,080","19"
"1997","Franklin County Sales and Use Tax","$9,079,744","20"
"1997","Fulton County Sales and Use Tax","$8,347,212","21"
"1997","Genesee County Sales and Use Tax","$17,388,789","22"
"1997","Greene County Sales and Use Tax","$14,598,467","23"
"1997","Hamilton County Sales and Use Tax","$1,712,087","24"
"1997","Herkimer County Sales and Use Tax","$15,672,996","25"
"1997","Jefferson County Sales and Use Tax","$30,567,385","26"
"1997","Lewis County Sales and Use Tax","$4,412,898","27"
"1997","Livingston County Sales and Use Tax","$12,990,750","28"
"1997","Madison County Sales and Use Tax","$11,476,072","29"
"1997","Monroe County Sales and Use Tax","$324,575,118","30"
"1997","Montgomery County Sales and Use Tax","$11,313,181","31"
"1997","Nassau County Sales and Use Tax","$674,246,070","32"
"1997","Niagara County Sales and Use Tax","$56,342,763","33"
"1997","Oneida County Sales and Use Tax","$65,441,818","34"
"1997","Onondaga County Sales and Use Tax","$153,783,164","35"
"1997","Ontario County Sales and Use Tax","$33,320,002","36"
"1997","Orange County Sales and Use Tax","$96,658,086","37"
"1997","Orleans County Sales and Use Tax","$9,661,377","38"
"1997","Oswego County Sales and Use Tax","$0","39"
"1997","Otsego County Sales and Use Tax","$14,703,440","40"
"1997","Putnam County Sales and Use Tax","$19,880,344","41"
"1997","Rensselaer County Sales and Use Tax","$39,631,825","42"
"1997","Rockland County Sales and Use Tax","$77,112,726","43"
"1997","St. Lawrence County Sales and Use Tax","$24,561,106","44"
"1997","Saratoga County Sales and Use Tax","$51,591,711","45"
"1997","Schenectady County Sales and Use Tax","$42,924,756","46"
"1997","Schoharie County Sales and Use Tax","$6,655,958","47"
"1997","Schuyler County Sales and Use Tax","$3,569,125","48"
"1997","Seneca County Sales and Use Tax","$8,619,836","49"
"1997","Steuben County Sales and Use Tax","$26,727,745","50"
"1997","Suffolk County Sales and Use Tax","$594,028,650","51"
"1997","Sullivan County Sales and Use Tax","$16,759,335","52"
"1997","Tioga County Sales and Use Tax","$10,597,358","53"
"1997","Tompkins County Sales and Use Tax","$27,523,089","54"
"1997","Ulster County Sales and Use Tax","$56,986,882","55"
"1997","Warren County Sales and Use Tax","$26,548,070","56"
"1997","Washington County Sales and Use Tax","$9,682,016","57"
"1997","Wayne County Sales and Use Tax","$19,657,658","58"
"1997","Westchester County Sales and Use Tax","$255,021,047","59"
"1997","Wyoming County Sales and Use Tax","$9,694,640","60"
"1997","Yates County Sales and Use Tax","$4,364,204","61"
"1997","City of Amsterdam Sales and Use Tax","$79,621","62"
"1997","City of Auburn Sales and Use Tax","$4,471,342","63"
"1997","City of Batavia Sales and Use Tax","$2,664,018","64"
"1997","City of Canandaigua Sales and Use Tax","$2,404,483","65"
"1997","City of Corning Sales and Use Tax","$2,583,496","66"
"1997","City of Cortland Sales and Use Tax","$82,980","67"
"1997","City of Elmira Sales and Use Tax","$32,560","68"
"1997","City of Fulton Sales and Use Tax","$3,643,574","69"
"1997","City of Geneva Sales and Use Tax","$1,716,873","70"
"1997","City of Glen Cove Sales and Use Tax","$2,163","71"
"1997","City of Glens Falls Sales and Use Tax","$2,539,819","72"
"1997","City of Gloversville Sales and Use Tax","$1,313,664","73"
"1997","City of Hornell Sales and Use Tax","$1,641,054","74"
"1997","City of Ithaca Sales and Use Tax","$5,439,976","75"
"1997","City of Johnstown Sales and Use Tax","$1,321,128","76"
"1997","City of Mechanicville Sales and Use Tax","$0","77"
"1997","City of Mount Vernon Sales and Use Tax","$8,595,636","78"
"1997","City of New Rochelle Sales and Use Tax","$14,060,781","79"
"1997","City of Norwich Sales and Use Tax","$1,012,803","80"
"1997","City of Ogdensburg Sales and Use Tax","$1,574,681","81"
"1997","City of Olean Sales and Use Tax","$3,503,723","82"
"1997","City of Oneida Sales and Use Tax","$1,996,109","83"
"1997","City of Oswego Sales and Use Tax","$6,670,603","84"
"1997","City of Plattsburgh Sales and Use Tax","$0","85"
"1997","City of Rome Sales and Use Tax","$4,893,050","86"
"1997","City of Salamanca Sales and Use Tax","$521,642","87"
"1997","City of Saratoga Springs Sales and Use Tax","$3,215","88"
"1997","City of Schenectady Sales and Use Tax","$11,763","89"
"1997","City of Sherrill Sales and Use Tax","$211,362","90"
"1997","City of Troy Sales and Use Tax","$5,878","91"
"1997","City of Utica Sales and Use Tax","$7,231,486","92"
"1997","City of White Plains Sales and Use Tax","$32,021,205","93"
"1997","City of Yonkers Sales and Use Tax","$21,704,749","94"
"1997","City of Yonkers Special Sales and Use Tax","$14,469,186","95"
"1997","City of Newburgh Consumer Utilities","$766,460","96"
"1997","City of Oneonta Consumer Utilites","$128","97"
"1997","City of Port Jervis Consumer Utilities","$316,287","98"
"1997","Albany City School District Consumer Utilities","$4,276,517","99"
"1997","Batavia City School District Consumer Utilities","$780,698","100"
"1997","Cohoes City School District Consumer Utilities","$498,833","101"
"1997","Glen Cove City School District Consumer Utilities","$975,849","102"
"1997","Gloversville City School District Consumer Utilities","$559,895","103"
"1997","Hornell City School District Consumer Utilities","$347,927","104"
"1997","Hudson City School District Consumer Utilities","$509,165","105"
"1997","Johnstown City School District Consumer Utilities","$408,748","106"
"1997","Lackawanna City School District Consumer Utilities","$613,423","107"
"1997","Long Beach City School District Consumer Utilities","$1,334,914","108"
"1997","Middletown City School District Consumer Utilities","$1,283,250","109"
"1997","Mt. Vernon City School District Consumer Utilities","$0","110"
"1997","New Rochelle City School District Consumer Utilities","$2,415,863","111"
"1997","Newburgh City School District Consumer Utilities","$0","112"
"1997","Niagara Falls City School District Consumer Utilities","$2,312,245","113"
"1997","Ogdensburg City School District Consumer Utilities","$352,187","114"
"1997","Peekskill City School District Consumer Utilities","$0","115"
"1997","Rensselaer City School District Consumer Utilities","$0","116"
"1997","Schenectady City School District Consumer Utilities","$2,366,155","117"
"1997","Troy City School District Consumer Utilities","$0","118"
"1997","Utica City School District Consumer Utilities","$2,436,017","119"
"1997","Watertown City School District Consumer Utilities","$1,149,645","120"
"1997","Watervliet City School District Consumer Utilities","$370,625","121"
"1997","White Plains City School District Consumer Utilities","$3,405,128","122"
"1997","Hudson Valley Greenway Hotel Occupancy","$14,121","123"
"1997","City of Lockport Admissions, Club Dues, Food, Drink, Amusements and Utilities Services","$1,433,917","124"
"1997","City of Long Beach Hotel Occupancy and Restaurant Meals","$450,784","125"
"1997","Metropolitan Transportation Authority Aid Trust Account Passenger Car Rental","$0","126"
"1997","City of Niagara Falls Admissions, Club Dues, Food, Drink, Amusements, Hotel Occupancy, Utilities Services","$4,875,568","127"
"1997","City of North Tonawanda Food, Drink, and Utilities Services","$1,370,898","128"
"1996","New York State Sales and Use Tax","$6,688,967,367","1"
"1996","New York City Sales and Use Tax","$129,963,404","2"
"1996","Municipal Assistance Corporation Sales and Use Tax","$2,553,843,470","3"
"1996","Metropolitan Commuter Transportation District Sales and Use Tax","$273,199,336","4"
"1996","Albany County Sales and Use Tax","$159,835,527","5"
"1996","Allegany County Sales and Use Tax","$11,799,565","6"
"1996","Broome County Sales and Use Tax","$72,582,009","7"
"1996","Cattaraugus County Sales and Use Tax","$21,003,613","8"
"1996","Cayuga County Sales and Use Tax","$22,753,287","9"
"1996","Chautauqua County Sales and Use Tax","$34,308,208","10"
"1996","Chemung County Sales and Use Tax","$27,792,230","11"
"1996","Chenango County Sales and Use Tax","$8,723,630","12"
"1996","Clinton County Sales and Use Tax","$23,886,281","13"
"1996","Columbia County Sales and Use Tax","$17,897,364","14"
"1996","Cortland County Sales and Use Tax","$15,841,229","15"
"1996","Delaware County Sales and Use Tax","$6,716,898","16"
"1996","Dutchess County Sales and Use Tax","$78,138,194","17"
"1996","Erie County Sales and Use Tax","$381,272,877","18"
"1996","Essex County Sales and Use Tax","$10,110,455","19"
"1996","Franklin County Sales and Use Tax","$8,521,703","20"
"1996","Fulton County Sales and Use Tax","$8,241,830","21"
"1996","Genesee County Sales and Use Tax","$16,681,935","22"
"1996","Greene County Sales and Use Tax","$13,950,080","23"
"1996","Hamilton County Sales and Use Tax","$1,711,213","24"
"1996","Herkimer County Sales and Use Tax","$14,968,251","25"
"1996","Jefferson County Sales and Use Tax","$29,745,903","26"
"1996","Lewis County Sales and Use Tax","$4,295,531","27"
"1996","Livingston County Sales and Use Tax","$12,601,215","28"
"1996","Madison County Sales and Use Tax","$10,341,282","29"
"1996","Monroe County Sales and Use Tax","$304,201,569","30"
"1996","Montgomery County Sales and Use Tax","$10,669,715","31"
"1996","Nassau County Sales and Use Tax","$639,569,202","32"
"1996","Niagara County Sales and Use Tax","$57,417,286","33"
"1996","Oneida County Sales and Use Tax","$63,746,010","34"
"1996","Onondaga County Sales and Use Tax","$151,010,341","35"
"1996","Ontario County Sales and Use Tax","$28,770,934","36"
"1996","Orange County Sales and Use Tax","$92,851,240","37"
"1996","Orleans County Sales and Use Tax","$9,457,154","38"
"1996","Oswego County Sales and Use Tax","$0","39"
"1996","Otsego County Sales and Use Tax","$14,741,424","40"
"1996","Putnam County Sales and Use Tax","$19,050,760","41"
"1996","Rensselaer County Sales and Use Tax","$36,845,855","42"
"1996","Rockland County Sales and Use Tax","$72,061,865","43"
"1996","St. Lawrence County Sales and Use Tax","$24,374,427","44"
"1996","Saratoga County Sales and Use Tax","$49,696,701","45"
"1996","Schenectady County Sales and Use Tax","$41,126,610","46"
"1996","Schoharie County Sales and Use Tax","$5,962,572","47"
"1996","Schuyler County Sales and Use Tax","$3,359,549","48"
"1996","Seneca County Sales and Use Tax","$7,680,612","49"
"1996","Steuben County Sales and Use Tax","$25,847,312","50"
"1996","Suffolk County Sales and Use Tax","$596,556,263","51"
"1996","Sullivan County Sales and Use Tax","$17,320,417","52"
"1996","Tioga County Sales and Use Tax","$9,678,746","53"
"1996","Tompkins County Sales and Use Tax","$27,263,664","54"
"1996","Ulster County Sales and Use Tax","$52,858,943","55"
"1996","Warren County Sales and Use Tax","$25,768,105","56"
"1996","Washington County Sales and Use Tax","$8,820,208","57"
"1996","Wayne County Sales and Use Tax","$20,281,787","58"
"1996","Westchester County Sales and Use Tax","$233,678,459","59"
"1996","Wyoming County Sales and Use Tax","$10,067,544","60"
"1996","Yates County Sales and Use Tax","$4,103,133","61"
"1996","City of Amsterdam Sales and Use Tax","$35,649","62"
"1996","City of Auburn Sales and Use Tax","$0","63"
"1996","City of Batavia Sales and Use Tax","$2,661,298","64"
"1996","City of Canandaigua Sales and Use Tax","$2,533,589","65"
"1996","City of Corning Sales and Use Tax","$2,488,859","66"
"1996","City of Cortland Sales and Use Tax","$182,554","67"
"1996","City of Elmira Sales and Use Tax","$13,301","68"
"1996","City of Fulton Sales and Use Tax","$3,510,571","69"
"1996","City of Geneva Sales and Use Tax","$1,734,109","70"
"1996","City of Glen Cove Sales and Use Tax","$844","71"
"1996","City of Glens Falls Sales and Use Tax","$2,465,554","72"
"1996","City of Gloversville Sales and Use Tax","$1,278,911","73"
"1996","City of Hornell Sales and Use Tax","$1,281,171","74"
"1996","City of Ithaca Sales and Use Tax","$5,455,083","75"
"1996","City of Johnstown Sales and Use Tax","$1,432,315","76"
"1996","City of Mechanicville Sales and Use Tax","$10,784","77"
"1996","City of Mount Vernon Sales and Use Tax","$8,377,674","78"
"1996","City of New Rochelle Sales and Use Tax","$13,311,219","79"
"1996","City of Norwich Sales and Use Tax","$1,011,561","80"
"1996","City of Ogdensburg Sales and Use Tax","$1,606,600","81"
"1996","City of Olean Sales and Use Tax","$3,105,601","82"
"1996","City of Oneida Sales and Use Tax","$1,696,048","83"
"1996","City of Oswego Sales and Use Tax","$6,146,287","84"
"1996","City of Plattsburgh Sales and Use Tax","$0","85"
"1996","City of Rome Sales and Use Tax","$5,103,234","86"
"1996","City of Salamanca Sales and Use Tax","$478,181","87"
"1996","City of Saratoga Springs Sales and Use Tax","$2,314","88"
"1996","City of Schenectady Sales and Use Tax","$0","89"
"1996","City of Sherrill Sales and Use Tax","$249,891","90"
"1996","City of Troy Sales and Use Tax","$1,970","91"
"1996","City of Utica Sales and Use Tax","$6,933,665","92"
"1996","City of White Plains Sales and Use Tax","$27,226,533","93"
"1996","City of Yonkers Sales and Use Tax","$20,198,663","94"
"1996","City of Yonkers Special Sales and Use Tax","$13,464,638","95"
"1996","City of Newburgh Consumer Utilities","$674,028","96"
"1996","City of Oneonta Consumer Utilites","$3,198","97"
"1996","City of Port Jervis Consumer Utilities","$3,198","98"
"1996","Albany City School District Consumer Utilities","$3,665,764","99"
"1996","Batavia City School District Consumer Utilities","$695,609","100"
"1996","Cohoes City School District Consumer Utilities","$433,615","101"
"1996","Glen Cove City School District Consumer Utilities","$1,011,559","102"
"1996","Gloversville City School District Consumer Utilities","$609,661","103"
"1996","Hornell City School District Consumer Utilities","$168,626","104"
"1996","Hudson City School District Consumer Utilities","$501,387","105"
"1996","Johnstown City School District Consumer Utilities","$430,411","106"
"1996","Lackawanna City School District Consumer Utilities","$550,654","107"
"1996","Long Beach City School District Consumer Utilities","$1,321,301","108"
"1996","Middletown City School District Consumer Utilities","$1,147,970","109"
"1996","Mt. Vernon City School District Consumer Utilities","$0","110"
"1996","New Rochelle City School District Consumer Utilities","$2,171,740","111"
"1996","Newburgh City School District Consumer Utilities","$0","112"
"1996","Niagara Falls City School District Consumer Utilities","$2,109,040","113"
"1996","Ogdensburg City School District Consumer Utilities","$330,493","114"
"1996","Peekskill City School District Consumer Utilities","$0","115"
"1996","Rensselaer City School District Consumer Utilities","$0","116"
"1996","Schenectady City School District Consumer Utilities","$2,184,528","117"
"1996","Troy City School District Consumer Utilities","$0","118"
"1996","Utica City School District Consumer Utilities","$2,135,568","119"
"1996","Watertown City School District Consumer Utilities","$1,063,053","120"
"1996","Watervliet City School District Consumer Utilities","$319,185","121"
"1996","White Plains City School District Consumer Utilities","$2,915,993","122"
"1996","Hudson Valley Greenway Hotel Occupancy","$38,843","123"
"1996","City of Lockport Admissions, Club Dues, Food, Drink, Amusements and Utilities Services","$1,413,794","124"
"1996","City of Long Beach Hotel Occupancy and Restaurant Meals","$373,206","125"
"1996","Metropolitan Transportation Authority Aid Trust Account Passenger Car Rental","$0","126"
"1996","City of Niagara Falls Admissions, Club Dues, Food, Drink, Amusements, Hotel Occupancy, Utilities Services","$4,834,668","127"
"1996","City of North Tonawanda Food, Drink, and Utilities Services","$1,243,096","128"
"1995","New York State Sales and Use Tax","$6,578,632,778","1"
"1995","New York City Sales and Use Tax","$115,153,053","2"
"1995","Municipal Assistance Corporation Sales and Use Tax","$2,500,423,100","3"
"1995","Metropolitan Commuter Transportation District Sales and Use Tax","$263,607,444","4"
"1995","Albany County Sales and Use Tax","$155,801,549","5"
"1995","Allegany County Sales and Use Tax","$11,996,446","6"
"1995","Broome County Sales and Use Tax","$74,985,517","7"
"1995","Cattaraugus County Sales and Use Tax","$20,344,216","8"
"1995","Cayuga County Sales and Use Tax","$22,353,399","9"
"1995","Chautauqua County Sales and Use Tax","$33,626,721","10"
"1995","Chemung County Sales and Use Tax","$28,150,250","11"
"1995","Chenango County Sales and Use Tax","$8,051,158","12"
"1995","Clinton County Sales and Use Tax","$24,469,498","13"
"1995","Columbia County Sales and Use Tax","$13,630,716","14"
"1995","Cortland County Sales and Use Tax","$13,722,918","15"
"1995","Delaware County Sales and Use Tax","$6,874,844","16"
"1995","Dutchess County Sales and Use Tax","$73,390,310","17"
"1995","Erie County Sales and Use Tax","$369,341,237","18"
"1995","Essex County Sales and Use Tax","$10,805,697","19"
"1995","Franklin County Sales and Use Tax","$8,612,721","20"
"1995","Fulton County Sales and Use Tax","$8,412,938","21"
"1995","Genesee County Sales and Use Tax","$12,964,579","22"
"1995","Greene County Sales and Use Tax","$13,897,422","23"
"1995","Hamilton County Sales and Use Tax","$1,595,205","24"
"1995","Herkimer County Sales and Use Tax","$13,131,136","25"
"1995","Jefferson County Sales and Use Tax","$29,050,854","26"
"1995","Lewis County Sales and Use Tax","$4,494,022","27"
"1995","Livingston County Sales and Use Tax","$12,611,466","28"
"1995","Madison County Sales and Use Tax","$11,175,160","29"
"1995","Monroe County Sales and Use Tax","$298,975,109","30"
"1995","Montgomery County Sales and Use Tax","$10,425,204","31"
"1995","Nassau County Sales and Use Tax","$619,494,746","32"
"1995","Niagara County Sales and Use Tax","$52,025,496","33"
"1995","Oneida County Sales and Use Tax","$65,038,636","34"
"1995","Onondaga County Sales and Use Tax","$154,998,925","35"
"1995","Ontario County Sales and Use Tax","$26,715,447","36"
"1995","Orange County Sales and Use Tax","$87,047,303","37"
"1995","Orleans County Sales and Use Tax","$8,648,998","38"
"1995","Oswego County Sales and Use Tax","$0","39"
"1995","Otsego County Sales and Use Tax","$13,641,224","40"
"1995","Putnam County Sales and Use Tax","$17,929,897","41"
"1995","Rensselaer County Sales and Use Tax","$33,833,889","42"
"1995","Rockland County Sales and Use Tax","$71,149,753","43"
"1995","St. Lawrence County Sales and Use Tax","$25,333,964","44"
"1995","Saratoga County Sales and Use Tax","$49,835,120","45"
"1995","Schenectady County Sales and Use Tax","$44,396,519","46"
"1995","Schoharie County Sales and Use Tax","$5,662,107","47"
"1995","Schuyler County Sales and Use Tax","$3,296,267","48"
"1995","Seneca County Sales and Use Tax","$6,362,009","49"
"1995","Steuben County Sales and Use Tax","$25,219,862","50"
"1995","Suffolk County Sales and Use Tax","$572,889,222","51"
"1995","Sullivan County Sales and Use Tax","$16,732,423","52"
"1995","Tioga County Sales and Use Tax","$12,226,914","53"
"1995","Tompkins County Sales and Use Tax","$27,571,192","54"
"1995","Ulster County Sales and Use Tax","$54,302,973","55"
"1995","Warren County Sales and Use Tax","$24,785,262","56"
"1995","Washington County Sales and Use Tax","$9,546,620","57"
"1995","Wayne County Sales and Use Tax","$18,769,981","58"
"1995","Westchester County Sales and Use Tax","$227,852,928","59"
"1995","Wyoming County Sales and Use Tax","$9,068,279","60"
"1995","Yates County Sales and Use Tax","$3,965,895","61"
"1995","City of Amsterdam Sales and Use Tax","$560,948","62"
"1995","City of Auburn Sales and Use Tax","$0","63"
"1995","City of Batavia Sales and Use Tax","$2,791,759","64"
"1995","City of Canandaigua Sales and Use Tax","$2,557,573","65"
"1995","City of Corning Sales and Use Tax","$2,281,797","66"
"1995","City of Cortland Sales and Use Tax","$2,800,124","67"
"1995","City of Elmira Sales and Use Tax","$0","68"
"1995","City of Fulton Sales and Use Tax","$3,514,055","69"
"1995","City of Geneva Sales and Use Tax","$1,739,703","70"
"1995","City of Glen Cove Sales and Use Tax","$5,932","71"
"1995","City of Glens Falls Sales and Use Tax","$2,449,755","72"
"1995","City of Gloversville Sales and Use Tax","$1,202,523","73"
"1995","City of Hornell Sales and Use Tax","$1,179,191","74"
"1995","City of Ithaca Sales and Use Tax","$5,578,460","75"
"1995","City of Johnstown Sales and Use Tax","$1,395,186","76"
"1995","City of Mechanicville Sales and Use Tax","$280","77"
"1995","City of Mount Vernon Sales and Use Tax","$8,294,159","78"
"1995","City of New Rochelle Sales and Use Tax","$12,112,307","79"
"1995","City of Norwich Sales and Use Tax","$1,072,741","80"
"1995","City of Ogdensburg Sales and Use Tax","$1,614,609","81"
"1995","City of Olean Sales and Use Tax","$3,097,354","82"
"1995","City of Oneida Sales and Use Tax","$1,856,531","83"
"1995","City of Oswego Sales and Use Tax","$6,723,379","84"
"1995","City of Plattsburgh Sales and Use Tax","$0","85"
"1995","City of Rome Sales and Use Tax","$4,887,023","86"
"1995","City of Salamanca Sales and Use Tax","$512,262","87"
"1995","City of Saratoga Springs Sales and Use Tax","$7,061","88"
"1995","City of Schenectady Sales and Use Tax","$85,488","89"
"1995","City of Sherrill Sales and Use Tax","$206,504","90"
"1995","City of Troy Sales and Use Tax","$1,561","91"
"1995","City of Utica Sales and Use Tax","$7,474,538","92"
"1995","City of White Plains Sales and Use Tax","$24,602,809","93"
"1995","City of Yonkers Sales and Use Tax","$21,143,306","94"
"1995","City of Yonkers Special Sales and Use Tax","$14,093,547","95"
"1995","City of Newburgh Consumer Utilities","$758,906","96"
"1995","City of Port Jervis Consumer Utilities","$299,435","97"
"1995","Albany City School District Consumer Utilities","$4,377,435","98"
"1995","Batavia City School District Consumer Utilities","$837,394","99"
"1995","Cohoes City School District Consumer Utilities","$464,888","100"
"1995","Glen Cove City School District Consumer Utilities","$855,717","101"
"1995","Gloversville City School District Consumer Utilities","$582,732","102"
"1995","Hornell City School District Consumer Utilities","$169,741","103"
"1995","Hudson City School District Consumer Utilities","$486,836","104"
"1995","Johnstown City School District Consumer Utilities","$416,123","105"
"1995","Lackawanna City School District Consumer Utilities","$618,203","106"
"1995","Long Beach City School District Consumer Utilities","$1,215,575","107"
"1995","Middletown City School District Consumer Utilities","$1,189,354","108"
"1995","Mt. Vernon City School District Consumer Utilities","$0","109"
"1995","New Rochelle City School District Consumer Utilities","$2,523,323","110"
"1995","Newburgh City School District Consumer Utilities","$0","111"
"1995","Niagara Falls City School District Consumer Utilities","$2,189,332","112"
"1995","Ogdensburg City School District Consumer Utilities","$367,888","113"
"1995","Peekskill City School District Consumer Utilities","$0","114"
"1995","Rensselaer City School District Consumer Utilities","$0","115"
"1995","Schenectady City School District Consumer Utilities","$2,334,131","116"
"1995","Troy City School District Consumer Utilities","$0","117"
"1995","Utica City School District Consumer Utilities","$2,681,426","118"
"1995","Watertown City School District Consumer Utilities","$1,137,690","119"
"1995","Watervliet City School District Consumer Utilities","$347,031","120"
"1995","White Plains City School District Consumer Utilities","$3,210,321","121"
"1995","Hudson Valley Greenway Hotel Occupancy","$38,924","122"
"1995","City of Lockport Admissions, Club Dues, Food, Drink, Amusements and Utilities Services","$1,430,513","123"
"1995","City of Long Beach Hotel Occupancy and Restaurant Meals","$369,383","124"
"1995","Metropolitan Transportation Authority Aid Trust Account Passenger Car Rental","$0","125"
"1995","City of Niagara Falls Admissions, Club Dues, Food, Drink, Amusements, Hotel Occupancy, Utilities Services","$5,063,116","126"
"1995","City of North Tonawanda Food, Drink, and Utilities Services","$1,289,832","127"
